tree
version=v4
num_class=4
num_tree_per_iteration=4
label_index=0
max_feature_idx=16
objective=multiclass num_class:4
feature_names=B0_cosTBTO B0_KSFWV3 B0_KSFWV4 B0_KSFWV5 B0_KSFWV6 B0_KSFWV7 B0_KSFWV9 B0_KSFWV10 B0_KSFWV13 B0_KSFWV17 D_A1FflightDistanceSig_IP D_daughterInvM_1_2 D_daughterInvM_0_1 B0_CMS_cos_angle_0_1 B0_D_l_DisSig B0_roeMbc_my_mask B0_roeDeltae_my_mask
feature_infos=[2.0980671251891181e-05:0.99999880790710449] [0:1.0502755641937256] [-0.85855579376220703:0.74835425615310669] [-0.30156362056732178:0.77930217981338501] [-0.70300740003585815:0.6194770336151123] [-0.32895064353942871:0.64155048131942749] [-0.23947674036026001:0.71825551986694336] [-0.29340425133705139:0.57308328151702881] [-0.27562183141708374:0.9383009672164917] [-0.034389138221740723:0.04641047865152359] [-13.449159622192383:117.74079895019531] [0.27946397662162781:1.4522154331207275] [0.63328415155410767:1.8071039915084839] [-0.99999970197677612:0.99998664855957031] [0.0077688335441052914:201.20068359375] [5.000002384185791:5.2897615432739258] [-3.9997398853302002:0.99999034404754639]
tree_sizes=5352 5391 5403 5400 5447 5376 5407 5442 5485 5460 5426 5460 5466 5410 5460 5466 5479 5469 5480 5500 5468 5436 5494 5527 5510 5477 5476 5505 5484 5477 5518 5524 5485 5515 5486 5516 5505 5442 5504 5509 5461 5444 5499 5527 5488 5522 5495 5530 5465 5487 5505 5495 5479 5477 5490 5527 5457 5431 5500 5528 5464 5499 5485 5543 5441 5477 5520 5521 5436 5533 5500 5550 5374 5467 5494 5545 5449 5505 5518 5489 5454 5439 5497 5503 5406 5478 5483 5490 5407 5551 5495 5520 5447 5436 5511 5483 5414 5522 5521 5520 5435 5480 5503 5536 5457 5466 5516 5496 5396 5440 5451 5481 5440 5528 5445 5472 5390 5464 5467 5504 5417 5516 5510 5507 5379 5506 5435 5503

Tree=0
num_leaves=49
num_cat=0
split_feature=15 6 15 15 6 1 0 6 10 1 3 8 8 10 15 11 10 8 10 3 3 3 10 8 11 8 3 6 3 8 10 6 3 0 0 1 11 0 8 0 3 8 10 15 3 10 15 15
split_gain=162068 28764.9 18997.2 15725 10955 7914.9 6757.36 6355.86 5700.64 5350.48 4504.11 3826.64 3108.93 2918.15 2846.22 2735.39 2715.51 1936.13 1803.28 1590.82 1549 1490.53 1505.01 1350 1347.9 1313.42 1085.1 1073 1037 979.405 950.889 946.099 924.716 913.666 905.827 887.954 886.576 884.334 823.88 759.769 736.598 716.699 691.805 681.509 648.18 698.447 615.135 615.097
threshold=5.2426247596740732 0.036812685430049903 5.1865935325622567 5.2712695598602304 0.034261280670762069 0.39677827060222631 0.85520634055137645 0.024896782822906974 1.7755879759788515 0.42017862200737005 0.12171122059226037 0.097211360931396498 0.13555392622947696 0.81988739967346203 5.2729475498199472 1.1480747461318972 1.6910797953605654 0.1624652370810509 1.5351983904838564 0.087860349565744414 0.09088407084345819 0.15729668736457827 1.8671969771385195 0.087192058563232436 1.1750176548957827 0.089639879763126387 0.1151089556515217 0.11819915845990182 -0.010200757998973129 0.082564644515514388 -0.15976756811141965 0.14583700895309451 0.089352872222661986 0.78967308998107921 0.66006013751029979 0.30613110959529882 1.0505791306495669 0.75327795743942272 0.17747282236814502 0.66006013751029979 -0.035793958231806748 0.13555392622947696 2.8602653741836552 5.2681858539581308 0.1151089556515217 2.2319760322570805 5.1165795326232919 5.0873548984527597
decision_type=2 2 2 2 2 2 2 2 2 2 2 2 2 2 2 2 2 2 2 2 2 2 2 2 2 2 2 2 2 2 2 2 2 2 2 2 2 2 2 2 2 2 2 2 2 2 2 2
left_child=2 3 5 8 9 7 14 18 15 13 12 16 39 36 29 30 24 28 35 27 23 22 -11 31 -5 -16 -18 -6 42 -3 -2 43 -17 -9 47 -1 -4 46 -13 -10 -24 -32 -15 -8 45 -30 -7 -20
right_child=1 6 4 11 19 37 20 33 10 21 -12 38 -14 17 25 32 26 -19 34 -21 -22 -23 40 -25 -26 -27 -28 -29 44 -31 41 -33 -34 -35 -36 -37 -38 -39 -40 -41 -42 -43 -44 -45 -46 -47 -48 -49
leaf_value=-1.4275040529112879 -1.2643620872199546 -1.1436699875522192 -1.3941348977057728 -0.64917445523432593 -1.477976281508929 -1.7469388932100398 -1.3055148340809444 -1.5956704895236946 -0.50342215140395041 -1.478501354226593 -1.3699109405741279 -0.90146808753436292 -1.4967320908267632 -1.007679889588331 -0.65278552696867531 -0.78277480382267273 -0.2485691911766188 -1.7204956498295321 -1.406660244877957 -1.7648158224856301 -1.6858821910913051 -1.7178343937312723 -0.91753575225854922 -1.7059766757749575 -0.38845216093948942 -1.4239243753513307 -0.72589959774070401 -1.7597536736603869 -1.1879040048003362 -1.576553218181594 -1.0334762674469569 -1.6418073901806969 -1.196253421620689 -1.748143855876076 -1.4444399967794037 -1.5773090659743725 -1.199509171191816 -1.7887051626723331 -1.5201724610994687 -0.72060164913786673 -1.2967407670979147 -1.5891748427890131 -0.724132860813405 -0.91054965087095896 -1.4634129976979862 -0.98045861631599762 -1.6267882818076731 -1.1708111926802813
leaf_weight=20994.357813239098 7184.4410822987556 8015.8956729471684 13746.197787821293 15673.307529747486 16874.901816099882 21804.313701838255 2559.3778102397919 16320.598751068115 12475.186101347208 17415.735827207565 2227.3140152394772 2280.6721642911434 958.8924852013588 7733.8227657675743 4396.3485159277916 11722.214595764875 13435.891744792461 1122.3341800868511 3881.4165034890175 11639.846151858568 7761.278877645731 4371.2235456705093 1711.6049586236477 2163.5950627326965 7291.9344576895237 629.93693265318871 1316.5992753207684 4227.985418587923 9430.4045500159264 1559.301123470068 18514.758230298758 1167.9217215776443 1533.1400936543941 24814.904556512833 8896.5640724301338 18734.148232072592 10184.930160790682 44847.520630210638 702.20354595780373 6007.1946476101875 5092.3355683684349 597.30039709806442 2992.4594585597515 1908.2012304067612 1310.6418086886406 7140.9257101118565 20954.986738353968 9581.4132809638977
leaf_count=64827 19995 20503 41590 25622 53697 80330 7319 55519 16999 55435 6639 4801 3086 17818 7215 22086 11916 4081 11835 43272 27710 15868 3654 7807 8370 1942 2339 15679 24900 5250 43550 4075 4071 91477 27753 63087 27113 168719 2291 10620 14480 2026 5309 4049 4136 16089 72501 24993
internal_value=-1.33212 -0.869576 -1.53233 -0.742644 -1.37179 -1.62906 -1.29852 -1.53524 -0.902808 -1.27442 -0.696649 -0.50176 -0.619492 -1.18134 -1.05421 -1.01578 -0.458638 -1.07673 -1.43424 -1.61638 -1.52775 -1.44912 -1.40058 -1.37029 -0.566331 -0.74953 -0.291091 -1.53447 -1.05144 -1.21423 -1.10918 -1.24146 -0.830547 -1.68767 -1.32067 -1.49816 -1.31132 -1.7396 -1.0473 -0.573946 -1.20123 -1.05088 -0.928479 -1.13665 -1.12525 -1.09847 -1.68808 -1.23885
internal_weight=0 132083 305826 101921 114995 190830 30161.9 103223 61220.4 82252.6 21668.6 40700.6 19441.3 53661.7 14601.5 39551.9 37717.7 29730.6 62087.9 32742.7 15560.4 28590.9 24219.7 7799.1 22965.2 5026.29 14752.5 21102.9 28608.3 9575.2 26296.5 5635.5 13255.4 41135.5 22359.4 39728.5 23931.1 87606.8 2982.88 18482.4 6803.94 19112.1 10726.3 4467.58 17882 16571.3 42759.3 13462.8
internal_count=1274443 270281 1004162 184411 343121 661041 85870 339491 129072 230473 37344 55339 30705 141036 34910 91728 48247 72333 192495 112648 50960 89437 73569 23250 33992 9157 14255 69376 68252 25753 65571 15443 26157 146996 64581 127914 68703 321550 7092 27619 18134 45576 23127 11368 45125 40989 152831 36828
is_linear=0
shrinkage=1


Tree=1
num_leaves=49
num_cat=0
split_feature=10 12 16 10 10 10 16 12 15 15 15 10 12 10 16 16 15 15 16 16 10 12 16 10 10 10 16 12 16 12 12 15 12 10 16 16 12 10 15 12 10 10 16 10 16 12 12 16
split_gain=109033 29218.3 15435.5 10651.6 7351.85 6654.44 6307.23 4241.01 4226.69 3481.19 2885.34 2771.05 2453.91 2328.34 2023 1937.72 2328.67 1427.09 1634.2 1418.2 1397.36 1349.15 1209.82 1101.42 907.199 896.062 885.729 834.318 829.849 805.661 957.726 782.784 766.52 512.738 505.135 480.7 478.756 463.132 459.045 448.34 447.767 440.394 398.745 391.782 371.154 369.123 364.412 345.48
threshold=1.459400534629822 1.3998930454254153 -0.24150291085243222 2.5294514894485478 -0.29475502669811243 -0.016052544116973873 -0.88422843813896168 1.4076473116874697 5.2589197158813485 5.2658150196075448 5.2604544162750253 -0.051110353320837014 0.86066433787345897 0.20791374891996386 -0.27555094659328455 -1.4349046945571897 5.2537724971771249 5.250798463821412 -1.1628166437149046 -0.45160235464572901 3.7882707118988042 0.87131378054618847 0.29212926328182226 -1.2260200977325437 0.64283794164657604 0.79091331362724315 0.37336523830890661 1.420733690261841 0.40861395001411444 1.7221525311470034 1.6107866168022158 5.2689416408538827 0.86066433787345897 -1.1701458096504209 -1.5710751414299009 -2.3271954059600826 0.85475236177444469 -1.1701458096504209 5.2681858539581308 0.8664795756340028 0.55416917800903331 0.52365511655807506 -2.3271954059600826 -1.1701458096504209 -2.5544306039810176 0.82590743899345409 0.84089922904968273 -0.49928089976310724
decision_type=2 2 2 2 2 2 2 2 2 2 2 2 2 2 2 2 2 2 2 2 2 2 2 2 2 2 2 2 2 2 2 2 2 2 2 2 2 2 2 2 2 2 2 2 2 2 2 2
left_child=1 2 4 7 17 10 13 14 11 21 23 43 -6 33 34 41 24 18 36 -9 27 -7 -10 -4 -17 -23 -11 47 -12 30 40 39 -25 -3 -2 -15 -1 -20 -21 -16 -13 -14 -35 -8 -38 -36 -19 -5
right_child=3 6 5 20 12 9 8 19 22 26 28 29 15 35 31 16 -18 46 37 38 -22 25 -24 32 -26 -27 -28 -29 -30 -31 -32 -33 -34 42 45 -37 44 -39 -40 -41 -42 -43 -44 -45 -46 -47 -48 -49
leaf_value=-0.93321210635829843 -1.7620325429148807 -0.63942884546936962 -0.60015369617935954 -1.8030533958527672 -1.2118117834744018 -0.89380644038315471 -0.33685049529620548 -1.4573744380035736 -1.203319402965171 -1.6422451583448383 -1.4092714567833169 -0.62986889253435741 -1.5249157347264106 -1.4345134397881794 -1.213599440632112 -1.2842986846827538 -1.6166010897324563 -0.97970104060664998 -0.78443150871599221 -1.1066438797306315 -1.8449506150663999 -1.1151744361612153 -0.72512138330739273 -0.59518152777818223 -1.4476072888263338 -1.2798413455766393 -1.2331163123004507 -1.5806504792546239 -0.92963002196755662 -0.0390974087472169 -0.98139464993121817 -1.7082893484584474 -0.91819105629096121 -1.1832607014979166 -1.4016231170391402 -1.1905292469109048 -1.4942540668259598 -1.0234624973993676 -1.4426490718991278 -1.4751093893705756 -0.81509800239168317 -1.6499263377518556 -0.90588303418003324 -0.54700784320265483 -1.2328906544964915 -1.6556182826609358 -1.4051496479342984 -1.7009572227317455
leaf_weight=1093.0994977504015 13007.485982507467 1466.2559036761522 4366.4274912923574 19877.295403301716 8491.7959362119436 4404.9869859814644 2950.9208580702543 8894.0585386455059 5902.8367882072926 5204.7855355143547 3102.422351911664 5591.1268152147532 12256.446524918079 2561.5943387746811 1817.5204674601555 17358.24090719223 12505.963757142425 549.53499986231327 2814.8431544452906 6220.0197433531284 60424.221670597792 18631.450574249029 1706.3198579996824 2085.6955382376909 16665.662615910172 14871.526627793908 1771.2490718364716 7989.7761837095022 1269.2293213605881 344.0502063035965 5841.1416060179472 3466.1254598796368 15862.381273269653 1630.444721788168 1534.1703685075045 9464.4902987927198 1691.6423723995686 7369.0927010476589 1211.7632326930761 16520.38039791584 8015.8971395939589 16653.224063739181 6488.6923522949219 9570.9642697423697 6839.9569146633148 22025.432442486286 5848.6047246903181 14349.605190098286
leaf_count=3596 36005 5040 16978 51034 25371 16573 11428 23964 11884 6670 5471 21411 35044 7623 6718 55216 19219 1565 10027 22609 180073 69574 5823 8118 50766 54698 5328 22429 4290 1369 21282 4679 60669 5210 4319 27069 5484 25534 2043 59016 29548 45732 20525 36681 20873 55343 12436 42086
internal_value=-1.39367 -1.17609 -1.27694 -1.69162 -1.39441 -1.09616 -0.878305 -1.54796 -0.760516 -1.21375 -0.89843 -0.681558 -1.4666 -1.09594 -1.61097 -1.49529 -1.43211 -1.16324 -1.09693 -1.32271 -1.79616 -1.15401 -1.09595 -0.825655 -1.3643 -1.18825 -1.53829 -1.7263 -1.27006 -0.798158 -0.811681 -1.49038 -0.880585 -0.9121 -1.68285 -1.24254 -1.24475 -0.957292 -1.1615 -1.44915 -0.7389 -1.59695 -0.96149 -0.497362 -1.28478 -1.6391 -1.36863 -1.76027
internal_weight=0 243243 181708 177338 110138 71570.2 61534.7 74697 39923.3 44884 26686.2 32314.1 83931.3 21611.5 58371.1 75439.5 46529.9 26206.8 19808.6 16325.8 102641 37908 7609.16 22314.5 34023.9 33503 6976.03 42216.7 4371.65 19792.2 19448.2 21804 17948.1 9585.39 36567.1 12026.1 9624.7 10183.9 7431.78 18337.9 13607 28909.7 8119.14 12521.9 8531.6 23559.6 6398.14 34226.9
internal_count=1274443 764125 559232 510318 310863 248369 204893 214696 139426 152843 95526 121719 231348 65467 166080 205977 125201 79515 65514 48616 295622 140845 17707 85765 105982 124272 11998 115549 9761 73610 72241 70413 68787 30775 95667 34692 29953 35561 24652 65734 50959 80776 25735 48109 26357 59662 14001 93120
is_linear=0
shrinkage=1


Tree=2
num_leaves=49
num_cat=0
split_feature=3 6 14 14 14 2 0 1 2 0 6 2 0 6 0 1 0 3 6 6 6 2 6 2 14 2 6 2 3 15 15 2 1 14 3 14 1 6 6 3 14 2 1 1 14 14 0 2
split_gain=185993 84246.2 26408.4 24702.3 14931.8 13548.3 9549.99 8290.43 7897.5 7697.56 6005.86 5398.03 4999.45 4495.51 3602.19 3016.83 2770.33 2669.24 2522.59 2491.65 2452.55 2217.57 2064.26 1928.1 1855.8 1852.85 1694.07 1665.71 1411.1 1354.58 1331.76 1375.1 1331.09 1291.9 1274.44 1256.58 1240.71 1186.82 1164.01 1160.58 1125.43 1084.37 1032.78 1010.02 880.333 879.428 838.634 731.211
threshold=0.10488036274909975 0.074355524033308043 5.0007133483886728 9.2630157470703143 5.6810319423675546 -0.10370154306292532 0.78337788581848156 0.19705756008625033 -0.10827251151204108 0.61887612938880932 0.14583700895309451 -0.047595040872693055 0.84734183549880993 0.016168615780770782 0.69079801440238964 1.0000000180025095e-35 0.80822446942329418 0.1783600524067879 0.030084314756095413 0.019431534223258499 0.026867365464568142 -0.086836781352758394 0.055718278512358672 -0.063546489924192415 11.26000499725342 -0.06951775029301642 -0.0071538046468049279 -0.06505576521158217 0.20520157366991046 5.2382419109344491 5.2448542118072519 -0.086836781352758394 0.14257233589887622 9.1253356933593768 0.17444872856140139 4.1178326606750497 0.22215182334184649 0.027902281843125824 0.12864045053720477 0.049905719235539443 4.1178326606750497 -0.05132771469652652 0.22959413379430774 0.20859019458293918 10.050459384918215 4.2413377761840829 0.62366715073585521 1.0000000180025095e-35
decision_type=2 2 2 2 2 2 2 2 2 2 2 2 2 2 2 2 2 2 2 2 2 2 2 2 2 2 2 2 2 2 2 2 2 2 2 2 2 2 2 2 2 2 2 2 2 2 2 2
left_child=1 3 5 7 10 16 23 15 20 30 27 44 -7 25 -6 -1 -2 22 39 34 29 -15 -14 -4 38 -11 -17 -3 37 40 31 -5 -29 -21 -13 -20 -23 -18 -16 -10 -9 -28 -33 -27 -8 -22 -37 -12
right_child=2 4 6 9 14 12 11 8 18 13 47 19 17 21 24 26 28 -19 35 33 45 36 -24 -25 -26 43 41 32 -30 -31 -32 42 -34 -35 -36 46 -38 -39 -40 -41 -42 -43 -44 -45 -46 -47 -48 -49
leaf_value=-0.60642872012672067 -1.0776704939002071 -0.97081245263456872 -0.66575116354610919 -0.98619807552000271 -1.0513622357314951 -1.5347304278373166 -0.21064638304106476 -1.5554412051163695 -1.810898927133318 -0.91006057478697144 -0.53510492073721549 -1.0758267864597473 -1.4262472390494942 -0.32905352920213105 -0.72171923529515547 -1.6406196670685749 -0.95615064764638413 -0.83456479263076022 -1.7136703727982543 -0.56233721563571226 -1.3143400014601379 -0.59030422549473094 -0.92469074964924103 -1.331304101947661 -0.12820066994629298 -0.964407369154612 -1.0628177345290004 -0.93366360129795511 -0.32117540296352054 -1.7245358362151915 -1.6671603045933292 -1.1835793616491801 -1.444850545348789 -0.17317819248031174 -0.55016695062572307 -1.6728980039898567 -1.0621478590868954 -0.48522692895959563 -0.3091330760551998 -1.701829443902485 -1.2221893793296594 -1.4370925673526336 -1.5431556814759768 -1.4835842100448402 0.015371905760212634 -0.88355684025960968 -1.4022216771922005 -0.89651371453794315
leaf_weight=1007.5225479602814 2421.0470032244921 3267.8860057592392 1835.7173678874969 1730.2304762005806 2103.3597084283829 7858.5286944210529 8801.5324315726757 7434.618545666337 150099.51806211472 2483.6032027751207 3449.176262140274 2364.1331377625465 5481.1483521908522 1978.7379693090916 3476.4066149443388 10903.665755242109 2212.0357456803322 7672.0866670757532 23601.344517916441 4190.5283747315407 3220.7848889678717 1939.4870362281799 3275.7361776530743 2675.6874739378691 5563.3299646228552 1095.3465293496847 2223.3204022347927 1467.0038536936045 6036.5490916073322 6794.0924257040024 7330.3584389537573 2560.1425357460976 9600.7797373384237 4400.03025855124 2262.0806823074818 4865.6445748209953 4979.7176119089127 3419.9833757579327 3400.3579070866108 29183.564107298851 3841.1950490027666 14879.785873174667 9056.4183374643326 6434.4556047320366 8669.060503706336 1877.1761707365513 6937.603510633111 2381.3054068684578
leaf_count=3365 7797 11543 6069 5163 7090 25426 34310 24328 420784 6918 13556 7859 18423 7170 12659 26429 7519 29552 75949 16270 10637 6590 12723 8499 21712 3317 6725 5070 24005 11665 9469 7076 33046 17306 8479 15326 16085 13479 13343 89758 12648 42049 26571 16947 34428 6336 23842 9133
internal_value=-1.41439 -1.57005 -0.693551 -1.65367 -0.831788 -0.980471 -0.380758 -1.70835 -1.73913 -1.28512 -1.11035 -0.280893 -1.20679 -1.05458 -0.445616 -1.456 -0.590427 -1.04989 -1.76906 -0.522253 -1.46176 -0.795976 -1.23865 -1.06027 -0.343274 -1.28447 -1.48661 -1.28443 -0.489412 -1.54819 -1.49595 -1.40194 -1.3771 -0.362833 -0.818556 -1.64705 -0.929716 -0.669984 -0.517504 -1.79315 -1.44187 -1.38845 -1.46385 -1.40808 -0.0983901 -1.15555 -1.51377 -0.682513
internal_weight=0 341168 73575.9 306458 34709.6 38377.1 35198.8 266870 237856 39588.5 20166.2 30687.4 24287.5 18911.3 14543.5 29014.3 14089.6 16429 214688 13216.8 23167.9 8897.94 8756.88 4511.4 12440.1 10013.4 28006.8 14335.7 11668.6 18069.9 20677.1 13346.8 11067.8 8590.56 4626.21 35404.6 6919.2 5632.02 6876.76 179283 11275.8 17103.1 11616.6 7529.8 17470.6 5097.96 11803.2 5830.48
internal_count=1274443 1002299 272144 875147 127152 138924 133220 769841 691273 105306 72348 118652 86124 57027 54804 78568 52800 60698 625659 49914 65614 29845 31146 14568 47714 27182 75203 49659 45003 48641 48279 38810 38116 33576 16338 115117 22675 20998 26002 510542 36976 48774 33647 20264 68738 16973 39168 22689
is_linear=0
shrinkage=1


Tree=3
num_leaves=49
num_cat=0
split_feature=13 15 16 16 14 13 2 16 11 15 15 16 2 16 13 13 2 14 2 14 15 16 15 15 13 3 12 13 14 6 16 14 14 3 15 6 3 13 2 2 11 12 14 16 0 14 16 14
split_gain=93622.5 32060.5 12526.7 12283.2 10578.6 6637.11 6020.88 5217.27 4643.98 3499.3 3436.71 3031.2 2844.45 2625.16 2583.69 2176.44 1818.69 1770.2 1738.17 1631.08 1574.23 1411.66 1647.31 1207.47 1169.19 1043.94 1021.73 1021.02 985.839 965.319 841.831 829.655 753.761 739.037 734.658 773.484 728.117 679.337 676.678 669.85 650.538 656.835 626.627 622.065 616.781 609.616 586.283 553.576
threshold=-0.44475483894348139 5.2264039516448983 0.077779781073331847 -1.0704801082611082 3.5697467327117924 -0.78941202163696278 -0.11615206673741339 0.26992988586425787 1.1220605373382571 5.2264039516448983 5.2604544162750253 -1.1470745801925657 -0.081127401441335664 -2.3612127304077144 -0.81786394119262684 0.090013440698385253 -0.088726062327623353 3.5045155286788945 -0.081127401441335664 2.8227866888046269 5.1712324619293222 -1.3793957233428953 5.228036880493165 5.2627124786376962 0.20908053219318393 0.18653950840234759 1.3998930454254153 0.11554604768753053 3.5045155286788945 0.063349097967147841 -1.1321547031402586 3.046994805335999 3.107222437858582 0.15729668736457827 5.2627124786376962 0.12864045053720477 0.13633257895708087 0.025284154340624813 0.019132546149194244 1.0000000180025095e-35 1.3699313998222353 1.3739988803863528 2.2395503520965581 -0.47521393001079554 0.8722132444381715 2.8776901960372929 -3.0636907815933223 4.1178326606750497
decision_type=2 2 2 2 2 2 2 2 2 2 2 2 2 2 2 2 2 2 2 2 2 2 2 2 2 2 2 2 2 2 2 2 2 2 2 2 2 2 2 2 2 2 2 2 2 2 2 2
left_child=2 3 5 13 8 18 36 10 27 11 24 39 44 46 25 47 -13 -17 -1 -16 26 -20 29 33 -3 34 37 -5 -26 -23 -12 -18 -9 38 35 45 -4 -14 -21 -7 41 -10 -29 -22 -6 -8 -2 -15
right_child=1 7 6 4 12 9 14 32 40 -11 30 16 20 15 19 17 31 -19 21 23 43 22 -24 -25 28 -27 -28 42 -30 -31 -32 -33 -34 -35 -36 -37 -38 -39 -40 -41 -42 -43 -44 -45 -46 -47 -48 -49
leaf_value=-1.8372898624991538 -1.6465827191848099 -1.429679670787674 -1.5848091274583616 -1.2471591744172104 -0.93891773425178493 -1.6902415773529593 -1.4079114396157737 -1.2078533935158502 -0.76145704915119883 -1.6790102585364064 -1.4561188408375763 -1.5974333303636523 -0.60305048663257865 -1.3875511755378416 -1.3463340669105777 -1.1778324409458285 -1.3806705121927059 -0.8124932658113293 -1.7837742088887421 -1.1092636545448027 -0.95451334434998381 -1.4893252320652095 -1.751140649079999 -1.4484937965250972 -1.343214552955597 -1.6823879868607989 -0.73603666670817414 -1.137142385624109 -1.0295899464746328 -1.7070482621018968 -1.6507952948563707 -1.1594220723833353 -0.93118371211263029 -1.3872866344743744 -1.6128090483171247 -1.6469628661042401 -1.8274083892532378 -0.39556967913065555 -0.84490954424867148 -1.5014333387642631 -1.4553371962958643 -1.5389281469416223 -0.92720019980882984 -0.68944096919794595 -1.3800364010012824 -1.1726495601244389 -1.366630149357996 -1.178307329833018
leaf_weight=36506.665372535586 2974.1186437159777 15852.269333124161 6231.2518924772739 13281.96418826282 2789.2223411053419 10391.418684631586 5327.725296869874 5333.3954523205757 13435.551383838058 31662.875379294157 7688.9743457138538 5028.686345949769 6524.1276310235262 6863.1041921675205 10030.747623950243 6889.2362013310194 7512.7065261006355 6406.04053132236 32444.37037293613 4561.2684950381517 3247.5186431109905 16397.836670339108 20231.846407860518 1866.2200066894293 6071.2549654990435 3699.4052005112171 4924.1583014577627 9345.1521356701851 4271.8441555202007 7389.6888505518436 20060.75571295619 9734.4204865247011 4590.1123202294111 1183.089801132679 2929.4970062077045 1718.5494902879 6164.9357492178679 10248.678727537394 5197.3117715865374 8593.7335756123066 361.41063740849495 275.86528182029724 5762.3548687547445 7092.1290704458952 1110.3639228194952 5688.6428778320551 5028.9328780323267 5868.1155596673489
leaf_count=126019 9866 36498 21272 50418 10180 29789 19847 17798 49963 60633 15551 18004 25274 18725 36404 20189 26302 20245 101953 16836 9463 54069 41369 4028 15079 14502 19512 35877 11532 28589 25583 33564 14923 4729 6633 6831 23943 40816 19920 24233 1354 1105 22352 26374 4182 20863 14547 16705
internal_value=-1.40713 -1.13007 -1.60974 -0.96936 -0.860474 -1.67158 -1.39919 -1.41296 -1.02948 -1.55398 -1.47426 -1.45801 -0.66081 -1.22024 -1.30919 -1.14323 -1.33292 -1.00173 -1.74749 -1.19527 -0.611717 -1.70461 -1.64624 -1.07702 -1.34438 -1.44352 -0.535107 -1.14594 -1.21361 -1.55699 -1.59688 -1.25576 -1.07979 -1.01362 -1.38713 -1.33516 -1.70552 -0.476191 -0.968377 -1.60481 -0.794599 -0.777144 -1.05701 -0.772596 -1.06435 -1.28646 -1.47062 -1.29106
internal_weight=0 176297 240493 112428 78398.5 185894 54598.6 63868.6 42462.3 72923.8 53945.1 41261 35936.2 34029.5 42202.5 26026.5 22275.8 13295.3 112970 22838.6 32036.6 76463.7 44019.4 12807.9 26195.4 19363.8 21697 28389.5 10343.1 23787.5 27749.7 17247.1 9923.51 10941.7 15664.4 12734.9 12396.2 16772.8 9758.58 18985.2 14072.8 13711.4 15107.5 10339.6 3899.59 11016.4 8003.05 12731.2
internal_count=1274443 534111 740332 397147 296870 544524 195808 136964 161069 192525 104243 131892 135801 100277 150593 75864 77870 40434 351999 81917 121439 225980 124027 45513 63109 68676 85602 108647 26611 82658 41134 59866 32721 41485 54174 47541 45215 66090 36756 54022 52422 51068 58229 35837 14362 40710 24413 35430
is_linear=0
shrinkage=1


Tree=4
num_leaves=49
num_cat=0
split_feature=16 0 13 8 13 3 16 16 6 8 13 8 3 6 16 13 16 6 16 6 14 3 11 3 13 11 8 11 3 13 16 16 16 16 2 11 14 16 8 13 11 13 13 13 8 13 14 9
split_gain=31818.1 16626.7 4712.29 4508.4 3554.43 3266.14 2453.49 2329.51 1829.7 1655.62 1641.79 1192.86 1269.27 1307.22 1142.26 1032.66 1010.82 1008.16 846.027 843.258 774.42 743.327 692.641 630.651 590.613 584.711 580.251 557.057 512.912 493.87 479.122 447.009 437.914 387.939 362.423 344.418 340.079 427.939 328.77 382.662 323.857 307.909 303.92 297.118 294.433 338.835 291.033 289.988
threshold=0.16640061140060428 0.82584619522094738 -0.84373477101325978 0.10896757245063783 -0.41882793605327601 -0.058239443227648728 -0.35642349720001215 0.42032743990421301 0.005936660338193179 0.056905630975961692 -0.46077518165111536 0.08051681146025659 0.15389880537986758 0.10373953729867937 -2.5544306039810176 0.41660419106483465 -2.0166803598403926 0.011927484534680845 -3.0004471540451045 0.0056010594125837096 9.2630157470703143 -0.086097072809934602 1.151364326477051 -0.11812892556190489 -0.96430689096450795 1.191810190677643 0.15627872943878177 1.1835120320320132 0.064867895096540465 -0.86332714557647694 -0.27555094659328455 0.63529333472251903 -0.47521393001079554 -1.8604809045791624 -0.088726062327623353 1.0545268654823305 9.1253356933593768 -1.1009741425514219 0.045091088861227042 0.6096518635749818 1.1603264808654787 -0.9203982651233672 0.6096518635749818 0.76352697610855114 0.056905630975961692 -0.53749442100524891 1.8257141113281252 0.0043925803620368251
decision_type=2 2 2 2 2 2 2 2 2 2 2 2 2 2 2 2 2 2 2 2 2 2 2 2 2 2 2 2 2 2 2 2 2 2 2 2 2 2 2 2 2 2 2 2 2 2 2 2
left_child=1 3 11 5 -5 17 8 21 15 19 -11 12 13 33 29 18 -6 23 -7 30 25 -2 36 -1 -16 34 -12 -26 -21 -10 -4 -9 42 -3 -8 -23 37 -20 39 47 -19 -38 -25 -18 -24 -46 -17 -36
right_child=7 2 9 4 16 6 20 31 14 10 26 -13 -14 -15 24 46 43 40 22 28 -22 35 44 32 27 -27 -28 -29 -30 -31 -32 -33 -34 -35 38 -37 41 -39 -40 -41 -42 -43 -44 -45 45 -47 -48 -49
leaf_value=0.52904090027799766 0.1275826674345934 -0.14908162916777187 0.15630910299523365 -0.39234500052616383 -0.19360630525728253 0.020912040283797756 0.09459771096295691 -0.29157810262028272 -0.3428775702430677 -0.38850963083630929 0.039262812092958649 -0.39808058402536128 -0.32518313335798749 -0.31504614303085338 -0.085293303081855509 0.19401454835264531 0.13532113393121212 0.091128266567227639 0.23705574683936143 0.021546367292700611 0.20951317572807585 -0.24383270584953864 0.3290292646218923 0.39787153066874226 0.094352102871860577 0.10194170547821454 -0.28483817636071235 0.21287879600870946 -0.12199037422673155 -0.023742721313206708 -0.04810005369776385 -0.38629388872962922 0.21494900673139902 0.052393886944404298 -0.07744317186440873 -0.12937842965762117 0.038346653215325856 0.13076748540224548 0.087074523694368078 -0.31263797637705398 0.2876176432002201 0.35827854341613252 0.11663864363136216 0.38510882364004545 -0.094246164513526132 0.28852982695149393 0.0095150692436700192 0.23806264299266364
leaf_weight=4355.6878603249788 1944.012711070478 3464.0102246627212 13430.812954775989 6868.9281493425369 2132.2363777756691 4553.5442865639925 4420.684152752161 20864.855297915637 1700.7578658610582 5384.2542255967855 6288.3390224948525 9872.5138508379459 11167.622091785073 5133.4293367341161 3366.2755663841963 2990.6544711142778 4023.6419448629022 5886.3732965812087 20753.225989975035 17663.676925852895 5080.7550404444337 14680.541337162256 22203.219995185733 11287.510335668921 31633.237200938165 10531.729148343205 1768.0826904624701 14458.640826836228 9605.2965173944831 4229.0710908025503 3639.7091279923916 31234.038584657013 6721.8683786392212 7691.9927153065801 17513.327233888209 11957.704214975238 877.21772135049105 17483.731140367687 3201.226189725101 1696.0623992830515 3268.0764629840851 5435.5390392020345 1056.7718074470758 1697.7657070979476 915.46867774426937 1558.8712761849165 7508.4887117445469 758.23115937411785
leaf_count=5458 5129 11900 34688 25536 6817 10304 11823 90319 5692 25330 19591 52982 63157 27562 10318 7077 10729 15408 42698 57645 11721 60620 37625 17856 84470 26409 7603 32895 42531 11132 12370 144205 13576 23621 53849 44744 2005 41847 8205 7335 6556 9320 2661 3327 2283 2741 20953 1820
internal_value=0 0.0653393 -0.110513 0.138007 -0.12966 0.156301 0.130311 -0.285439 0.162522 -0.0210459 -0.174769 -0.248975 -0.195332 -0.106264 0.0919095 0.20892 0.100045 0.302172 0.2298 0.0255439 0.0261636 -0.17069 0.243533 0.357181 0.116777 0.00170901 -0.0318297 0.131548 -0.0289977 -0.115402 0.112696 -0.348378 0.317868 -0.0101285 -0.0365369 -0.192481 0.206266 0.188474 -0.0615824 -0.0854434 0.161352 0.313913 0.373848 0.209585 0.310777 0.146726 0.0621304 -0.0643107
internal_weight=0 325279 95109.7 230169 14722.6 215446 182870 80681.2 139668 57780.2 13440.7 37329.6 27457.1 16289.4 55388 84280 7853.64 32576.3 73780.8 44339.5 43202 28582.3 69227.3 23421.8 49458.2 38121.3 8056.42 46091.9 27269 5929.83 17070.5 52098.9 19066.2 11156 27589.5 26638.2 44549.7 38237 23168.8 19967.6 9154.45 6312.76 12344.3 5721.41 24677.6 2474.34 10499.1 18271.6
internal_count=1274443 929426 378980 550446 46409 504037 442522 345017 321360 199758 52524 179222 126240 63083 144507 176853 20873 61515 148823 147234 121162 110493 138519 39551 127683 109441 27194 117365 100176 16824 47058 234524 34093 35521 83032 105364 95870 84545 71209 63004 21964 11325 20517 14056 42649 5024 28030 55669
is_linear=0
shrinkage=0.5


Tree=5
num_leaves=49
num_cat=0
split_feature=10 11 16 11 12 10 10 11 15 11 12 11 11 16 10 16 16 12 16 16 12 12 11 12 12 11 12 11 12 12 10 11 10 12 10 12 16 12 12 11 12 11 12 11 12 12 16 12
split_gain=38618.6 22208 7414.23 6938.1 4108.82 3709.74 2851.85 2673.01 2071.43 1972.24 2523.4 1768.12 1640.05 1550.09 1480.06 1336.58 1321.53 1315.13 1024.86 872.969 823.561 791.641 729.281 697.094 644.721 680.427 1426.8 725.496 607.673 597.776 536.086 461.378 452.828 441.344 411.381 400.274 399.606 382.51 381.512 376.478 684.309 748.692 375.715 371.868 360.5 350.803 346.8 332.993
threshold=1.8894616365432741 1.1603264808654787 -0.53601583838462818 1.3763592243194582 1.267243027687073 3.1729606389999394 0.52365511655807506 1.0770148038864138 5.2689416408538827 1.2702259421348574 1.1737584471702578 1.2604978680610659 1.3150206208229067 0.22352350503206256 0.36013482511043554 -0.88422843813896168 -0.59612569212913502 1.3670910596847536 -1.9623499512672422 -1.9886859655380247 0.87587612867355358 1.0947759151458742 1.0269723534584048 0.88712391257286083 1.1214588880538943 1.010572135448456 0.89035913348197948 0.7794942855834962 1.0686025619506838 1.420733690261841 0.16173677891492846 1.0466854572296145 4.7361462116241464 1.7079936861991885 -0.84493875503540028 1.4299840331077578 0.066486038267612471 1.091825604438782 0.96563634276390087 1.0505791306495669 0.89035913348197948 0.86471110582351696 0.87587612867355358 0.85584679245948803 1.4348497390747073 0.89035913348197948 -0.48698332905769343 1.0536477565765383
decision_type=2 2 2 2 2 2 2 2 2 2 2 2 2 2 2 2 2 2 2 2 2 2 2 2 2 2 2 2 2 2 2 2 2 2 2 2 2 2 2 2 2 2 2 2 2 2 2 2
left_child=1 2 6 4 9 7 19 15 14 16 20 17 -12 -10 21 -2 42 -6 -8 -1 -11 22 23 -4 25 26 -16 -28 39 -26 -18 32 -7 34 -30 -23 -22 -17 -29 40 -21 -42 -3 -25 -39 -27 -9 -20
right_child=5 3 8 -5 11 31 18 46 13 10 12 -13 -14 -15 24 37 30 -19 47 28 36 35 -24 43 29 45 27 38 33 -31 -32 -33 -34 -35 -36 -37 -38 44 -40 -41 41 -43 -44 -45 -46 -47 -48 -49
leaf_value=0.050065057793497139 -0.18728554776755574 0.024541690809287066 0.41846051408502355 1.0782408555975234 0.099703768635502968 -0.22232157188006599 -0.13445242664310869 -0.33869265796913472 -0.030303115375889658 0 0.081693137721313383 1.2749134913655737 1.2031697702844961 0.36137049220482359 0.22548534014902483 0.18975710444589133 0.10861070714628077 0.81662613621828062 0.14528397359765699 0.25147724355282819 -0.31502576753673245 0.28308618093462817 0.29862359226970092 0.8546033236688596 0.14777520882335166 0.41167198764270252 0.94168672863643577 0.8877508025301809 0.27732765494025957 0.27548190747186985 -0.055598173449905711 -0.39144137776808191 -0.35829513096813437 0.61742133798032051 0.13645414131934194 0.38440665687918324 -0.1937269654298161 -0.07709543885619885 0.36017117908521923 0.15526005265810203 0.87571117942708498 0.32436154847423143 -0.20040560362244 0.54034171917492835 0.081632888455015984 0.09964788356396459 -0.21480875904588106 0.017473088601057663
leaf_weight=11621.511504068971 11589.119583681226 2096.0417971462011 3984.8748589158058 1208.9113830700517 3905.5361748859286 11274.6970295012 10985.72646971792 12781.098902247846 8528.9262290000916 2767.2850062027574 1518.5548350140452 431.17294372618198 414.59054611623287 3586.9122198447585 3753.0536723136902 3136.8057859614491 8363.939324721694 764.67590767145157 6292.8259384557605 3599.1889403983951 25893.784208528697 21086.752583906054 3806.8492704480886 2173.6530560851097 19002.628886081278 1267.0126573592424 1445.0352632403374 440.99292874336243 6576.0654544383287 17753.132236719131 12244.071745820343 26620.46555800736 13497.991820082068 551.38201583921909 24655.810809418559 18274.15670876205 9247.3209260776639 7655.6471354588866 1575.124139174819 2362.2621417939663 1206.159157127142 1268.7754241079092 15952.140435285866 1697.9723667502403 6712.3768360689282 3137.2954511940479 10198.906216949224 26852.049022272229
leaf_count=34168 38473 6011 12263 4374 12220 43976 34744 43185 13493 7978 4739 1637 1540 10653 12048 11852 25322 2519 18832 9699 71173 66141 11824 7191 66514 4252 5443 1687 17642 54653 39932 116678 64213 1650 65902 54051 30593 27865 5791 6571 4082 3779 46163 5587 21808 11324 37938 74270
internal_value=0 0.105088 0.193201 -0.110479 -0.127687 -0.250357 0.0913086 -0.156279 0.280885 -0.155951 -0.234022 0.307062 0.322966 0.0856314 0.304679 -0.0555767 -0.0754689 0.217346 -0.00209814 0.170831 -0.262447 0.364109 0.478641 0.565755 0.241977 0.34472 0.439315 0.670902 0.205712 0.209477 0.0110252 -0.345666 -0.296442 0.174004 0.16614 0.330148 -0.283127 0.0315987 0.476201 0.325074 0.390997 0.593509 -0.174254 0.717082 -0.00290627 0.189596 -0.283744 0.0417578
internal_weight=0 292294 207486 84808 83599.1 103467 95971.8 52074 111514 78497.7 39841.5 5101.39 1933.15 12115.8 99398.5 29093.9 38656.2 4670.21 44130.6 51841.2 37908.4 51024.3 11663.3 7856.5 48374.3 11618.5 7214.21 3461.15 40219.6 36755.8 20608 51393.2 24772.7 31783.3 31231.9 39360.9 35141.1 17504.8 2016.12 8436.39 6074.12 2474.93 18048.2 3871.63 14368 4404.31 22980 33144.9
internal_count=1274443 868455 614254 254201 249827 405988 271339 181121 342915 233451 116023 16376 6279 24146 318769 99998 117428 14739 127846 143493 109744 157057 36865 25041 161712 40545 24969 12921 109325 121167 65254 224867 108189 85194 83544 120192 101766 61525 7478 24131 17560 7861 52174 12778 49673 15576 81123 93102
is_linear=0
shrinkage=0.5


Tree=6
num_leaves=49
num_cat=0
split_feature=13 8 16 0 8 13 16 2 1 16 8 13 16 0 7 8 15 15 14 14 16 13 15 14 16 0 14 8 15 0 0 15 0 14 15 16 1 2 15 8 8 13 0 16 0 0 14 2
split_gain=65933.1 24450 20175.6 15832.7 9719.8 8702.44 6463.63 4515.11 4371.78 3932.01 3594.11 2787.84 2544.57 2505.45 2496.13 2156.89 2090.48 1972.86 1733.34 1504.49 1430.57 1412.92 1370.61 1209.2 1119.21 1029.19 943.173 871.813 850.736 802.312 801.873 793.803 788.085 777.485 745.528 735.633 997.266 687.442 681.842 678.719 662.286 661.462 615.306 600.683 584.485 559.223 558.845 543.472
threshold=-0.76293051242828358 0.067435391247272505 -2.5544306039810176 0.62366715073585521 0.056905630975961692 -0.34774318337440485 -1.5495625734329221 -0.14269985258579251 0.53315183520317089 -2.2282930612564082 0.087192058563232436 -0.50052464008331288 -1.055797755718231 0.66006013751029979 0.048128701746463783 0.15627872943878177 5.2069878578186044 5.2185442447662362 6.2999665737152108 7.2772517204284677 -3.3444787263870235 0.76352697610855114 5.2272260189056405 3.3790100812911992 -0.44000466167926783 0.83917683362960827 3.2240523099899296 0.023550774902105335 5.181894302368165 0.77042892575263988 0.83917683362960827 5.2666351795196542 0.45959910750389105 4.5766246318817148 5.2137134075164804 -2.471586942672729 0.39535737037658697 0.093421500176191344 5.210379123687745 0.087192058563232436 0.031137434765696529 -0.12863900512456891 0.74225094914436351 -2.1330909729003902 0.67822617292404186 0.58522152900695812 4.1999824047088632 0.011045912280678751
decision_type=2 2 2 2 2 2 2 2 2 2 2 2 2 2 2 2 2 2 2 2 2 2 2 2 2 2 2 2 2 2 2 2 2 2 2 2 2 2 2 2 2 2 2 2 2 2 2 2
left_child=1 3 10 9 7 13 35 22 14 33 20 16 30 -6 17 25 18 23 42 38 -2 29 26 -8 -10 -7 -4 -18 41 -17 43 37 -14 -1 -21 -5 -37 -26 -11 -15 -19 46 -9 -3 -20 -28 -13 -25
right_child=2 12 4 6 5 15 8 11 24 19 -12 28 32 39 -16 21 27 40 44 34 -22 -23 -24 47 31 -27 45 -29 -30 -31 -32 -33 -34 -35 -36 36 -38 -39 -40 -41 -42 -43 -44 -45 -46 -47 -48 -49
leaf_value=0.10545553556968201 0.49982560388851488 0.96784636380049915 -0.097244465377220493 0.59713969672692591 0.010990453224704076 -0.30560498297211164 -0.025040592458736157 -0.27862223122673363 0.53844814318492351 -0.16829587629995002 0.76314120895123616 -0.30858733204137778 0.002145135211032169 0.39616263073377661 0.29636202433246728 0.1301574348760281 -0.36475522571999375 -0.15847216605891745 -0.086127898759146199 0.17777765403796156 0.10166083401052005 -0.21698004527249362 -0.24564214276747465 0.30449044518829604 0.38134860178062457 -0.043843621723879442 -0.076991670681223867 -0.11655546223119025 -0.39806644182449663 0.76542144791772238 0.63755216938309989 -0.038209148885921897 0.45593100554671295 0.529138559734877 -0.15453268750819441 0.3222910970871673 0.61492823262876761 0.10900359174566857 -0.32780983349802822 0.69939148257319816 0.15754158136832611 -0.34900146969972157 -0.092903003809110027 0.68299268195083562 0.1919589925338713 0.33723259886191137 -0.12958891195232466 0.087855575293241436
leaf_weight=2333.5117256194353 3118.2835897952318 4137.7805515229702 2997.5833254307508 7915.9542680084705 3179.5526319220662 13609.259136714041 8768.5191280469298 10389.598989695311 5839.0270448327065 12400.634098365903 4004.6714651882648 10013.255739554763 1060.9645847678185 3871.0338825434446 10190.994889110327 938.40969328582287 19327.386024236679 13487.77177387476 3128.0936459302902 3326.5228414535522 8170.7238491177559 1205.4074753522873 3581.2770759239793 7315.4437272697687 10569.749770857394 5192.9962728768587 1012.4836125820875 4340.0057662725449 55281.998417504132 1062.1209640800953 14405.179399982095 1725.863247603178 9954.7893970236182 2026.144743680954 3423.6700645238161 10130.881758481264 4097.349361717701 2975.9303141459823 14628.184483088553 3558.0344942808151 1887.9326778128743 35239.013985425234 7833.740673981607 3409.4755094647408 4762.6183930486441 4126.7219948470592 7750.2904515489936 4805.3271943926811
leaf_count=5719 9278 14195 10227 23843 9809 44924 31505 42402 18203 45504 13818 46531 3560 12589 31236 3460 50199 33451 10014 9747 22732 3426 7257 23126 34495 17613 2985 11607 186096 3941 45386 3670 31982 5490 5945 28656 12891 9996 37104 12021 5423 174117 30287 11467 15280 12992 32531 15713
internal_value=0 0.224622 -0.197531 0.125613 -0.239374 0.0105992 0.24034 -0.287399 0.163491 -0.144235 0.356185 -0.3096 0.608543 0.382584 0.0777379 -0.168695 -0.211633 0.016281 -0.114053 -0.201921 0.211722 0.210244 0.0120247 0.116344 0.352163 -0.233342 0.12551 -0.31927 -0.354631 0.467895 0.706984 0.280874 0.412275 0.302553 0.00915923 0.474782 0.406635 0.321565 -0.254653 0.541531 -0.11963 -0.309311 -0.198823 0.839337 0.0816575 0.255529 -0.23053 0.21866
internal_weight=0 160818 217695 127849 202401 32616.8 89710.7 169784 67566.6 38138.7 15293.7 158066 32968.2 10608.6 46456 22008.2 49781.4 36265 26114.1 33779 11289 3205.94 11718.1 20889.3 21110.6 18802.3 8136.79 23667.4 108285 2000.53 21952.4 15271.5 11015.8 4359.66 6750.19 22144.2 14228.2 13545.7 27028.8 7429.07 15375.7 53002.6 18223.3 7547.26 7890.71 5139.21 17763.5 12120.8
internal_count=1274443 488307 786136 381717 740308 107783 272208 632525 206818 109509 45828 599064 106590 34419 140454 73364 159789 109218 97983 98300 32010 10827 33461 70344 66364 62537 26204 61806 439275 7401 71048 48161 35542 11209 15692 65390 41547 44491 82608 24610 38874 253179 72689 25662 25294 15977 79062 38839
is_linear=0
shrinkage=0.5


Tree=7
num_leaves=49
num_cat=0
split_feature=13 16 16 13 15 1 14 14 11 13 15 6 15 16 16 16 14 8 8 15 0 8 11 14 8 14 15 16 16 16 1 8 15 13 1 6 16 15 1 11 8 14 8 13 0 0 6 15
split_gain=30478.1 6960.1 6740.82 4491.7 3111.23 2309.69 2262.01 1970.87 1694.39 1633.43 1559.2 1761.51 1383.42 1685.69 1327.66 954.303 845.745 845.584 845.056 835.994 701.511 652.903 648.488 646.953 583.941 576.246 517.455 722.138 471.095 444.493 548.959 423.889 398.256 390.347 386.255 354.01 340.903 366.854 342.565 339.255 340.41 321.594 320.016 319.754 309.314 303.539 290.806 286.063
threshold=-0.63247376680374134 -0.14859769493341443 -0.41575601696968073 -0.036388576030731194 5.2658150196075448 0.53571394085884105 2.6620584726333623 5.0499207973480233 1.1946251392364504 -0.87258559465408314 5.2650723457336435 0.11197141185402872 5.2061264514923105 -1.7185065746307371 0.42032743990421301 0.40861395001411444 4.2806301116943368 0.042061269283294685 0.05313407443463803 5.1990597248077401 0.80218756198883068 0.10278290882706644 1.1154012084007265 2.850552082061768 0.072535846382379546 6.651961326599122 5.1947190761566171 -1.6540503501892088 0.51388424634933483 -1.7894058823585508 0.43369950354099279 0.059722494333982475 5.2567219734191903 0.25044073164463049 0.47983156144618994 0.098784822970628752 -1.9356992244720457 5.249291419982911 0.4709393978118897 1.3699313998222353 0.084827315062284483 2.1932770013809209 -0.068317797034978853 0.43209660053253179 0.76677495241165172 0.77042892575263988 0.03613575920462609 5.2485427856445321
decision_type=2 2 2 2 2 2 2 2 2 2 2 2 2 2 2 2 2 2 2 2 2 2 2 2 2 2 2 2 2 2 2 2 2 2 2 2 2 2 2 2 2 2 2 2 2 2 2 2
left_child=2 3 9 12 7 10 26 8 20 29 11 16 13 -2 34 -12 22 -9 23 21 31 25 -4 -15 36 42 27 -5 47 -1 35 33 -14 41 -6 -31 -11 38 -38 40 -10 -3 -8 -21 -20 -13 -30 -7
right_child=1 4 5 6 14 28 19 17 39 24 15 45 32 18 -16 -17 -18 -19 44 43 -22 -23 -24 -25 -26 -27 -28 -29 46 30 -32 -33 -34 -35 -36 -37 37 -39 -40 -41 -42 -43 -44 -45 -46 -47 -48 -49
leaf_value=-0.36870146003755228 -0.14315057674039164 0.099209943291654099 -0.011336509982593461 -0.092893162476519478 -0.066518558519670506 -0.19085114410331605 0.027408960315137568 0.41953426477151151 0.38960802252936744 -0.24000877517034153 -0.26438684302182885 0.097981214554720669 -0.0599836978283248 0.029094842065437852 0.24924953413291889 0.20578820638695494 0.22573686744330773 0.15529317231759018 0.01927749148378027 0.07974378863822558 0.061850500405368207 0.015938861683899103 0.17866445237129003 0.19836775049972696 -0.34412687832167693 0.41192057451530212 -0.034348467042383569 0.16711679840657745 0.0017659730008016388 -0.18548887037963582 -0.36054301370686337 -0.015707175955022738 -0.16961871437359574 0.29597270608705301 -0.31533039590579226 -0.34213903727340911 -0.068969831517120994 -0.22408569696441513 -0.24100472008707435 -0.089040781951655684 -0.0031322915342087095 0.23608461087500313 0.26854038490313115 0.21065378261714698 -0.24543348790032946 -0.22554747749798246 -0.22188445191850667 -0.35921645534119501
leaf_weight=18842.086243189871 10032.449197024107 7936.3252647519112 12999.614062905312 3574.1594031304121 4032.115417830646 8742.9893604665995 1542.442504927516 21135.943839944899 13420.223835304379 9028.8475973978639 6148.393343091011 841.22955301403999 19936.854506015778 9227.0988094359636 2774.5452668368816 1306.9379529953003 11281.194421857595 3543.035826832056 2341.5839908570051 10780.730626054108 12420.746831744909 2199.9606047123671 6856.5231545120478 14570.040141671896 4570.2548882439733 7760.0853882133961 14053.008969917893 10530.461528137326 4325.1851254925132 15481.964678145945 11140.437846317887 2052.2086972296238 14198.028210118413 10444.50504592061 2550.6685957759619 4719.6146825402975 18443.419883221388 7526.8308343291283 3436.1370914503932 405.84994903206825 572.74004600942135 9393.2903252393007 13134.418727442622 8248.6100912839174 2080.663227185607 5135.0628162771463 2184.7706656754017 3565.7340183034539
leaf_count=90327 27873 29232 51454 9270 7719 42303 3989 66441 41697 29908 12505 3869 49902 28960 8699 5620 41638 10915 6651 22944 43934 6418 24560 42324 22727 21985 32237 32089 18164 48949 53000 6368 27383 34859 2914 26729 59249 16683 13065 1514 1551 31993 37478 19598 7321 28702 11394 9339
internal_value=0 0.123719 -0.161063 0.0554634 0.232258 -0.0352638 0.144051 0.263673 0.21227 -0.246625 0.0267458 0.0686715 -0.0324295 0.0328569 -0.0407223 -0.18188 0.116404 0.381627 0.095451 0.215306 0.161757 0.276128 0.0542532 0.132759 -0.175083 0.301616 0.0335294 0.101192 -0.182143 -0.307919 -0.271352 0.203342 -0.105603 0.219545 -0.163036 -0.222126 -0.15496 -0.128823 -0.0960202 0.360421 0.373498 0.173439 0.243237 0.136523 -0.105183 -0.179915 -0.0732379 -0.239691
internal_weight=0 234893 156577 144211 90682.2 63387.6 71823.9 81324.9 56645.9 93189.6 44569 37113.6 72386.7 38251.8 9357.33 7455.33 31137.3 24679 28219.4 43666.2 42247.1 24636.9 19856.1 23797.1 43005.5 22436.9 28157.6 14104.6 18818.7 50184.1 31342 29826.3 34134.9 27774.1 6582.78 20201.6 38435.2 29406.4 21879.6 14398.8 13993 17329.6 14676.9 19029.3 4422.25 5976.29 6509.96 12308.7
internal_count=1274443 664258 610185 376422 287836 249548 186008 268504 191148 360637 168348 150223 190414 113129 19332 18125 117652 77356 85256 112412 146386 69870 76014 71284 141632 63452 73596 41359 81200 219005 128678 102452 77285 96084 10633 75678 118905 88997 72314 44762 43248 61225 41467 42542 13972 32571 29558 51642
is_linear=0
shrinkage=0.5


Tree=8
num_leaves=49
num_cat=0
split_feature=16 6 3 8 0 6 16 13 13 8 3 3 16 3 13 8 7 8 16 16 11 16 6 5 6 14 0 13 6 3 16 3 16 16 16 13 16 16 16 13 14 14 7 5 9 13 13 8
split_gain=12354.9 5426.35 2859.34 1345.09 1130.12 1037.65 1023.02 815.858 756.146 839.635 607.193 524.425 568.413 497.07 488.596 481.876 479.775 454.97 500.087 446.855 438.966 354.888 352.092 323.269 311.552 281.242 276.683 271.644 260.934 242.142 230.481 221.971 210.137 207.255 202.949 198.633 198.586 188.901 182.67 180.684 177.936 174.102 170.262 165.082 178.547 162.551 161.901 272.572
threshold=0.25837051868438726 0.058770773932337768 -0.0059882646892219773 0.13555392622947696 0.80519503355026256 0.013441501185297968 0.59805563092231762 -0.29016585648059839 -0.048298403620719903 0.094671100378036513 0.14491192251443866 0.09088407084345819 -1.9105944633483884 -0.10976894199848174 -0.92270827293395985 0.05313407443463803 0.010685420595109464 0.037614895030856139 -0.40443365275859827 -1.1784296035766599 1.2503083944320681 -0.068795163184404359 0.15059489011764529 -0.012346943840384482 -0.039496997371315949 9.1253356933593768 0.604546219110489 0.65962725877761852 1.0000000180025095e-35 0.2886823862791062 -3.1254755258560176 -0.086097072809934602 0.033172627910971648 0.033172627910971648 -3.263436913490295 0.65962725877761852 -1.5710751414299009 -2.2914623022079463 -0.89805006980895985 0.36804094910621649 2.9620617628097539 9.4031214714050311 0.028780132532119754 -0.049679297953844063 0.0024109060177579526 0.62538510560989391 0.025284154340624813 0.034230822697281844
decision_type=2 2 2 2 2 2 2 2 2 2 2 2 2 2 2 2 2 2 2 2 2 2 2 2 2 2 2 2 2 2 2 2 2 2 2 2 2 2 2 2 2 2 2 2 2 2 2 2
left_child=1 2 8 5 14 16 13 -5 9 20 30 12 -6 -2 -3 39 23 18 35 -11 21 28 -14 33 -18 -8 -17 -20 -1 46 40 -22 -32 -4 -30 -10 -19 -9 -37 43 -7 -23 -26 -15 -45 -28 -25 -48
right_child=6 4 3 7 11 10 25 37 17 19 -12 -13 22 15 -16 26 24 36 27 -21 31 41 -24 29 42 -27 45 -29 34 -31 32 -33 -34 -35 -36 38 -38 -39 -40 -41 -42 -43 -44 44 -46 -47 47 -49
leaf_value=0.17875833504647934 0.16172374997814079 -0.18264386134106503 0.11981378957490296 -0.3461115744781384 -0.31408098840305898 0.020970536847949205 -0.31572535372592803 -0.221890705940022 0.089668842862283049 -0.24392010358123806 -0.18980687103298394 -0.29839324895409364 -0.040819783555884961 -0.070795991268991679 0.027740094641543672 0.18940220093949209 0.078623888967544298 0.023861628251840333 -0.049856233288916502 0.1074992112171371 0.35829723607960995 0.0096787073439609135 -0.25768140590878036 0.066215357506268696 -0.017104352552145152 -0.13068312612572228 -0.18237349838396449 -0.29956346957412666 -0.1816852300391209 -0.20201188985409207 0.001937401091443748 0.20059646130902564 -0.11901152438419174 -0.030521246331156847 0.1162753771898621 0.031851319393921385 0.18335964131459109 0.056102054551239948 -0.22400310251240593 -0.3010842576365691 -0.33372305283664244 0.25595123622715366 -0.13128678192888682 -0.21873331836504764 -0.079131687875257956 0.28651138001105947 -0.044905791019930544 0.11122448388379309
leaf_weight=31084.451904438436 1141.8943602442741 3807.204996317625 30369.379323266447 4013.8768044859171 3835.9963661842048 549.07698403298855 23067.410418085754 805.28602521494031 12782.585776798427 2076.7142521440983 5562.1615486219525 9840.1486114226282 8316.2237676046789 3004.8091907985508 10013.861198604107 1298.6282788515091 7131.5168382152915 2660.4797246232629 5378.3691803887486 1599.0392232164741 2685.5819477215409 7045.4425275027752 2417.6415019072592 38918.467674721032 13284.192298274487 2266.7569421008229 1401.8892952464521 1367.3998123407364 583.96844656765461 969.52052599564195 41268.126630719751 13566.782057791948 3931.7762916535139 2473.7717563696206 22900.144453957677 2192.305859811604 7404.9511848911643 2520.8317788168788 1020.4752173647285 3601.9864309430122 978.74782250076532 798.76254622638226 4333.9186701253057 15264.0429151766 2710.5576453357935 211.24981088191271 9256.0327615216374 4003.591923892498
leaf_count=52953 3415 15745 69594 27325 27406 1733 144313 3908 29492 8173 37610 82927 35641 14119 32030 4329 16847 6707 17867 3868 2778 19738 18929 97485 36828 15071 8369 6521 1717 7053 123315 21358 15925 8603 48981 6022 15237 8083 3770 21554 4304 1371 13376 78714 13923 833 28604 9979
internal_value=0 0.0324176 0.056106 0.014967 -0.144477 0.024397 -0.225983 -0.194391 0.11697 0.142548 -0.0336473 -0.209164 -0.14885 -0.161185 -0.0301859 -0.17462 0.0518091 0.0527524 0.0135527 -0.0909208 0.153465 0.134381 -0.0897306 0.0694657 -0.00951757 -0.299194 0.0175485 -0.100584 0.148679 0.0453488 -0.0150447 0.226707 -0.00857485 0.108475 0.108837 0.0617225 0.141258 -0.0110989 -0.0493045 -0.197403 -0.205994 0.0348494 -0.0452266 -0.179565 -0.197715 -0.120521 0.0499583 0.00220309
internal_weight=0 323749 285518 170370 38231.1 163030 53969.2 7339.99 115147 82340.9 52289.9 24410 14569.9 28635.1 13821.1 27493.2 110740 32806.6 22741.1 3675.75 78665.1 62412.8 10733.9 85990.8 24749.6 25334.2 2911.77 6745.77 54568.6 53147.6 46727.7 16252.4 45199.9 32843.2 23484.1 15995.4 10065.4 3326.12 3212.78 24581.4 1527.82 7844.21 17618.1 20979.4 17974.6 1613.14 52178.1 13259.6
internal_count=1274443 969803 757125 510572 212678 471256 304640 39316 246553 160937 182887 164903 81976 145256 47775 141841 288369 85616 63672 12041 148896 124760 54570 221318 67051 159384 13531 24388 103651 143121 145277 24136 139240 78197 50698 39284 21944 11991 9792 128310 6037 21109 50204 106756 92637 9202 136068 38583
is_linear=0
shrinkage=0.5


Tree=9
num_leaves=49
num_cat=0
split_feature=10 10 12 16 10 16 15 15 12 12 12 12 16 10 16 16 10 12 12 15 12 12 12 12 10 16 16 12 15 13 16 12 12 3 10 10 12 16 12 10 16 12 12 12 10 15 12 10
split_gain=16657.8 4280.72 2017.9 1817.82 1800.48 1784.7 2049.81 1649.1 1054.57 1095.4 802.59 798.17 775.833 737.396 519.436 510.024 480.87 464.743 434.903 315.272 302.542 289.251 282.521 280.157 253.865 253.662 243.742 240.593 236.51 223.508 215.962 200.611 266.461 183.343 183.224 178.671 175.891 172.739 156.606 148.667 146.342 144.652 141.969 140.35 139.335 138.576 133.094 130.701
threshold=2.2026187181472783 0.81988739967346203 1.4299840331077578 -1.0704801082611082 3.8734765052795415 -0.88422843813896168 5.2264039516448983 5.2530291080474862 1.5580032467842104 1.7221525311470034 1.4253842830657961 1.3776282072067263 0.15544345229864123 -0.81225627660751332 0.38541993498802191 0.077779781073331847 -0.61177572607994068 1.3499507308006289 1.6583425998687746 5.2746751308441171 0.79227194190025341 1.4299840331077578 1.4299840331077578 0.81774061918258678 -2.2491034269332881 -1.2263402342796323 -2.8308373689651485 0.86066433787345897 5.2272260189056405 -0.71325173974037159 -2.6832082271575923 1.6453019976615908 1.7079936861991885 0.064867895096540465 -0.39943654835224146 0.032529413700103767 0.88363611698150646 -1.3617519140243528 1.6981823444366457 -1.9908640980720518 -0.091498158872127519 0.82590743899345409 0.84089922904968273 1.6066098809242251 -0.78067046403884877 5.2552380561828622 0.87587612867355358 6.1233437061309823
decision_type=2 2 2 2 2 2 2 2 2 2 2 2 2 2 2 2 2 2 2 2 2 2 2 2 2 2 2 2 2 2 2 2 2 2 2 2 2 2 2 2 2 2 2 2 2 2 2 2
left_child=1 2 5 10 11 13 16 17 34 18 30 15 19 39 21 27 24 28 -10 29 -15 -9 -6 -18 -7 -13 -22 -2 33 46 -3 -19 -33 -5 -4 -28 -26 -29 -20 -1 -30 -14 -32 -12 -43 -39 -8 -24
right_child=4 3 8 7 22 6 12 14 9 -11 43 25 41 20 -16 -17 23 31 38 -21 26 -23 47 -25 36 -27 35 37 40 -31 42 32 -34 -35 -36 -37 -38 45 -40 -41 -42 44 -44 -45 -46 -47 -48 -49
leaf_value=0.31046903413027699 -0.068565471501866163 -0.26420448437779293 0.34213370985885677 0.080088644634808262 -0.33905783770068532 0.47034041081073708 0.26650125642383637 -0.18006668728607975 0.15146121091698717 0.62615904265452238 0.08649986028881676 -0.15455264012596917 0.29540473046881349 0.13581033198219319 0.083779519329705079 -0.073106125597834623 0.27893070770245304 0.15086896787028481 -0.027980218262308124 -0.14663984137492705 -0.15919595185113114 -0.023703123781211019 -0.12203339373134339 0.13445709383325069 0.35691280434873046 0.015848859932099998 0.017723905384181071 -0.3089934306637962 -0.10509590903754229 -0.047680949615694891 -0.010927715561816539 -0.038691212187196733 0.36279715192348022 -0.0040960866480692871 0.2451448549631873 -0.055556891769951933 0.20604091983051173 -0.17575924088557504 0.14807603931571911 0.11139677905287326 0.033400084639217419 0.21390231496107948 -0.14905678495660202 -0.048460064917447747 0.074525019978406049 -0.2928378819293882 0.044591415405689873 -0.29071577778104996
leaf_weight=1083.4271849319339 2133.108009044081 3874.729964312166 7531.0901893377304 22162.065544232726 21518.282780945301 1171.2769849747419 782.22043738514185 11473.679478298873 20087.550463035703 1081.1659613400698 4424.3310448825359 3008.4681556820869 1074.7434949427843 2681.9345798492432 3121.2521278485656 7055.3396153151989 3655.7871512919664 17266.445286586881 5845.7159392237663 5096.4553364738822 3734.1810110881925 3995.5319081097841 2426.0896910168231 41947.944500602782 2280.5942895412445 7947.3471110649407 14385.307029649615 6966.899683136493 4206.1129943132401 10484.625357486308 2067.9938311465085 2923.7349865883589 480.11769771575928 9116.79519212991 14081.502024814487 19692.972937270999 13144.138194024563 8692.9725337997079 1609.6926079392433 7159.7928589507937 3481.2235535606742 2258.8905667215586 19259.192701295018 3405.7627776488662 8819.9244514480233 3599.2120606787503 5008.0149271786213 2209.6827166415751
leaf_count=3018 9142 17918 21491 85846 145398 3635 2051 20952 54620 3397 13453 12393 3001 7350 9717 35676 11355 54600 14921 7190 14642 7012 13611 140846 7053 28338 40828 35164 10689 22163 6313 8726 1496 39695 39047 58114 41171 43130 4430 20490 11523 6402 66335 9743 24666 7253 12393 16046
internal_value=0 0.0645551 0.109263 -0.0136778 -0.213174 0.0792389 0.118893 0.0278477 0.195588 0.132599 -0.112032 -0.145636 0.0192147 0.00134309 -0.102163 -0.189801 0.17261 0.0683853 0.113184 -0.0381272 -0.0263958 -0.139716 -0.314897 0.146056 0.245534 -0.0309076 -0.0379172 -0.228259 0.0362181 -0.00410892 -0.155476 0.128996 0.0178823 0.0555361 0.278979 -0.0246089 0.228402 -0.245916 0.00997968 0.137656 -0.0423165 0.120083 -0.135688 0.0277354 0.103005 -0.210102 0.0746971 -0.202591
internal_weight=0 305958 194699 111259 65557.4 144462 95724.6 78227 50236.7 28624.1 33032 39403.3 33524.9 48737.6 18590.5 28447.5 62199.7 59636.5 27543 21371.3 40494.4 15469.2 26154.1 45603.7 16596 10955.8 37812.5 21392.2 38966.2 16274.9 25201.9 20670.3 3403.85 31278.9 21612.6 34078.3 15424.7 19259.1 7455.41 8243.22 7687.34 12153.6 21327.2 7830.09 11078.8 12292.2 5790.24 4635.77
internal_count=1274443 928292 564274 364018 346151 426368 281926 250256 137906 77368 113762 171096 77866 144442 37681 130365 204060 212575 73971 43797 120934 27964 175055 152201 51859 40731 113584 94689 147753 36607 90566 64822 10222 125541 60538 98942 48224 85547 19351 23508 22212 34069 72648 23196 31068 50383 14444 29657
is_linear=0
shrinkage=0.5


Tree=10
num_leaves=49
num_cat=0
split_feature=3 16 10 10 16 2 16 7 2 15 10 9 2 7 15 15 15 15 16 7 16 1 1 11 10 2 15 2 16 11 1 7 11 2 1 7 3 11 0 16 11 2 16 0 0 16 7 16
split_gain=19941.8 17307.6 5293.28 5191.47 3379.13 2558.92 2274.84 2029.86 1767.79 1757.55 1725.8 1574.31 1126.82 1006.65 773.188 764.705 748.608 707.117 701.06 680.583 646.052 762.24 553.453 526.788 511.208 490.043 479.223 475.181 450.266 428.018 417.606 387.348 384.978 352.514 330.655 320.593 306.719 303.845 301.021 285.361 271.004 269.426 269.366 262.764 260.536 246.282 222.032 218.808
threshold=0.066057484596967711 -1.9105944633483884 4.163541555404664 3.352825522422791 -1.0855503082275388 -0.19505190104246137 -3.1254755258560176 0.061747387051582343 -0.050092738121747964 5.2327513694763192 3.6329838037490849 -0.0041182120330631724 -0.07584132999181746 0.03661665506660939 5.2264039516448983 5.2581949234008798 5.2604544162750253 5.2312119007110605 -0.89805006980895985 0.044376743957400329 -2.104543805122375 0.41869795322418218 0.34764248132705694 1.1693589687347414 7.982689857482911 -0.18943115323781964 5.2589197158813485 0.13074740767478946 -1.0110793709754942 1.1723189353942873 0.19705756008625033 0.022374955005943779 1.2425634264945986 -0.056613581255078309 0.24774942547082904 0.1085086837410927 0.22101673483848575 1.0912806391716006 0.51076170802116405 -3.5269412994384761 1.1449491381645205 -0.038410272449254983 -0.82911989092826832 0.67377093434333812 0.45365129411220556 -1.3103568553924558 0.018898048438131813 -1.1628166437149046
decision_type=2 2 2 2 2 2 2 2 2 2 2 2 2 2 2 2 2 2 2 2 2 2 2 2 2 2 2 2 2 2 2 2 2 2 2 2 2 2 2 2 2 2 2 2 2 2 2 2
left_child=1 6 7 4 20 26 30 8 14 24 12 -7 -8 15 25 23 27 32 -18 22 -2 31 38 36 33 -3 37 44 -11 -27 39 41 -10 -4 46 -9 -13 -6 -14 -1 -15 -22 -29 -25 -5 -16 -12 -19
right_child=3 2 9 16 5 11 10 35 17 28 34 13 19 40 45 -17 18 47 -20 -21 21 -23 -24 43 -26 29 -28 42 -30 -31 -32 -33 -34 -35 -36 -37 -38 -39 -40 -41 -42 -43 -44 -45 -46 -47 -48 -49
leaf_value=0.36537054390687335 0.3452786607420063 0.16928648928062062 0.27457104542138905 0.049561283162178088 0.1862252262457762 0.21262250956550743 0.26909670086610638 -0.035176245241984448 -0.26081781466279041 0.057193906966586217 0.12730359384415016 -0.14268613085937257 -0.13000284248878777 0.024903058894284336 -0.073416321055521996 -0.26131699840423889 0.36865800074268246 -0.25383148337317629 -0.044686158976479796 0.25843408294613868 0.14538129419660725 0.32006279370704577 0.27222018762496208 -0.15281448435426651 0.32504945000091073 -0.15617791846341841 -0.010289431213933593 0.33772933133919492 -0.22658812756012614 0.00055653421341237308 0.51399212028541741 0.24753949932691841 -0.16255582922296341 0.033208202785192091 0.42075195763429846 0.19702412403837433 0.037081652717904624 0.35930807627588573 -0.0095571303781750404 0.19888566130134483 0.22313468564129535 -0.03821552245596159 0.078770735270818071 0.068929094302385446 0.39847088579926015 -0.26331753236664651 0.36609482888577188 -0.34809854556183895
leaf_weight=5165.2122146338224 8444.801446378231 1712.2442103922367 2122.6924951225519 553.33611030131578 5854.1521036699414 5587.1752134039998 4048.5117729157209 5147.9176076129079 51792.706073198467 1982.1870916634798 2955.9542704224586 16544.864583343267 8942.5868575498462 4777.5424206033349 1994.3014304041862 6423.5307556539774 1774.4360519200563 7847.3845874145627 2424.9072693809867 2076.579128049314 3539.8178596422076 6031.2652669623494 1329.6244675219059 1626.2404232919216 3969.673398502171 14431.536419499665 1917.2727296128869 1910.0342174470425 4716.9163583964109 6229.6582804210484 2400.6509339511395 3187.9877117499709 12390.238334644586 5281.2931599617004 3059.6610284075141 2087.730431009084 2764.6645759418607 4505.8281569853425 12375.615082673728 5180.4324590414762 2702.9596191868186 4579.5192669704556 2131.3193386420608 7445.4041186198592 20121.480748988688 12229.569924864918 1459.942270770669 29629.568269699812
leaf_count=14872 27408 5923 6558 1734 19124 18951 11566 20392 304028 4409 7332 75184 26007 16790 5636 15673 6211 24831 5158 6857 10603 20580 4594 8088 13213 68822 4477 6550 7772 25948 7247 10485 64426 19466 9085 7412 9226 15049 36690 14124 9072 14692 6912 27567 76004 37664 5117 108914
internal_value=0 -0.116534 -0.194621 0.142044 0.0803691 0.0154438 0.144144 -0.226323 -0.239834 0.0605622 0.0802336 -0.0367745 0.0246012 -0.0697436 -0.145568 -0.105515 0.325305 -0.273763 0.1299 -0.0154229 0.231806 0.176494 -0.0405652 -0.0702272 0.180241 -0.0875797 0.219085 0.358478 -0.14255 -0.108898 0.325836 0.0998488 -0.241859 0.102501 0.29426 0.0317703 -0.116921 0.261579 -0.060109 0.282081 0.096618 0.0417743 0.201337 0.0291104 0.38916 -0.236734 0.206429 -0.32838
internal_weight=0 212560 163566 114849 85933 60149.6 48994.8 145493 138257 18072.8 36248.5 47872.4 28772.9 42285.2 36597.3 34804.7 28915.5 101660 4199.34 24724.4 25783.4 17338.6 22647.8 28381.2 11373.7 22373.4 12277.3 24716.2 6699.1 20661.2 12746.3 11307.3 64182.9 7403.99 7475.56 7235.65 19309.5 10360 21318.2 10345.6 7480.5 8119.34 4041.35 9071.64 20674.8 14223.9 4415.9 37477
internal_count=1274443 868905 725414 405538 302969 219201 143491 673996 646192 51418 107248 180551 85714 161600 143993 135738 102569 502199 11369 74148 83768 56360 67291 120065 39237 100693 38650 91200 12181 94770 36243 35780 368454 26024 21534 27804 84410 34173 62697 28996 25862 25295 13462 35655 77738 43300 12449 133745
is_linear=0
shrinkage=0.5


Tree=11
num_leaves=49
num_cat=0
split_feature=13 16 13 8 8 8 3 16 10 6 13 1 1 10 6 14 14 16 10 11 16 0 16 14 0 14 14 10 14 10 4 14 1 16 9 14 0 14 1 14 14 8 8 10 8 1 13 10
split_gain=9861.58 2782.34 2599.64 1509.58 1410.32 1630.67 1300.94 1032.99 1009.63 814.377 650.051 646.962 630.335 525.709 512.499 504.921 480.303 463.381 459.395 447.634 435.962 435.085 427.935 423.298 311.064 305.419 292.754 463.315 335.824 287.01 273.422 273.261 250.358 362.855 233.314 232.971 231.178 229.823 224.989 223.845 202.515 195.387 194.565 194.417 174.114 174.009 173.097 171.779
threshold=-0.70252516865730275 -0.62105366587638844 -0.1635177209973335 0.04941226355731488 -0.056560235098004334 0.048272084444761283 0.21554386615753177 -0.58358433842658985 0.9681491255760194 0.038879828527569778 0.4482350498437882 0.4760746061801911 0.43525075912475591 3.8734765052795415 0.17342822998762134 3.6031150817871098 1.8942176699638369 -0.52397817373275746 3.8734765052795415 1.1052771210670473 0.36146658658981329 0.84734183549880993 0.36146658658981329 3.9626821279525761 0.82310774922370922 2.7677760124206547 2.1451635360717778 3.7882707118988042 5.2495274543762216 3.293238759040833 0.10637795552611352 2.0063060522079472 0.41869795322418218 -2.2914623022079463 -0.0043211805168539277 5.0499207973480233 0.78337788581848156 1.8489668965339663 0.60790643095970165 6.4372198581695566 3.9626821279525761 0.13125675171613696 -0.034201415255665772 -0.91613590717315663 -0.038818227127194398 0.4835286438465119 0.79941660165786754 4.163541555404664
decision_type=2 2 2 2 2 2 2 2 2 2 2 2 2 2 2 2 2 2 2 2 2 2 2 2 2 2 2 2 2 2 2 2 2 2 2 2 2 2 2 2 2 2 2 2 2 2 2 2
left_child=1 9 3 7 10 8 11 15 19 13 40 14 25 23 20 42 -7 29 44 37 26 -5 -13 45 47 -9 -3 28 -28 35 -8 -14 33 -25 -33 -10 -11 -6 -24 -21 -4 -26 -2 -39 -17 -1 -19 -18
right_child=2 6 4 21 5 16 30 12 17 36 -12 22 31 -15 -16 18 24 46 -20 39 -22 -23 38 32 41 -27 27 -29 -30 -31 -32 34 -34 -35 -36 -37 -38 43 -40 -41 -42 -43 -44 -45 -46 -47 -48 -49
leaf_value=-0.1482133649073257 -0.18467579976293069 -0.069823292574442072 -0.16426669769667249 -0.07030720339944678 0.016071348816707728 -0.087783695475225881 -0.29573056852605079 0.068832141216323153 0.13896186995823093 -0.18314095544803738 0.14399606893160791 -0.14233725071204495 -0.060128231551641896 -0.27467402228969512 -0.19568896410152373 -0.047812514371517782 0.1159284595170746 0.24060212605777778 -0.12514793006302205 0.15379738861345521 0.15037581705361389 -0.23943942591533582 0.058575873706226925 -0.16888839606475803 0.018284600871667379 0.1756746152982919 0.035299008419940547 -0.13279159315353409 0.20899171103380476 0.039218885042779247 -0.056855488384954682 -0.13376376786064212 -0.17025004056566506 0.063274731497066972 0.07006336837725971 0.26982933467937703 -0.30414030758134109 -0.013269367897865468 -0.12440031998883581 0.32810000421581426 -0.023653864434466862 -0.18568116296531861 -0.059391449567920779 0.12354050104863167 0.089540828481662213 -0.3141921033453704 0.36360244655756058 -0.046669333284776099
leaf_weight=15854.262775890529 3879.2891734912992 6815.4743374995887 5796.9708472937346 11441.937456775457 10659.264099232852 7135.1445785537362 5192.5399432517588 11325.745791688561 9383.0023991465569 5462.5398304983974 3614.7450762912631 11285.158422537148 7016.6596154645085 6396.0603639110923 2216.3156270980835 2782.40553162992 14331.56233843416 23700.65386852622 3907.5283613577485 17029.523927465081 8360.1038000881672 5704.9601399414241 5977.3332963883877 2295.4057521037757 4450.030212290585 16412.705218948424 7889.5653671436012 2681.096885882318 4306.4003669172525 4268.1612333655357 1564.9261886589229 1517.1176281496882 2826.9254593923688 6299.4454074911773 18453.658510863781 5364.6130864992738 14535.48520244658 2989.1347944810987 2335.2384712025523 2072.7190673500299 4603.290866702795 1592.3312169834971 15533.221110910177 19453.249593839049 13375.76267657429 1761.3553599342704 3279.3626734465361 1826.7450423389673
leaf_count=57534 10059 25959 14664 34866 34186 19208 41732 38527 22120 26966 10305 45153 23869 32908 15866 6550 36548 67071 9076 46650 31178 26542 23523 13338 12245 48171 28324 8256 15740 8160 9404 4776 16082 22094 55858 13296 116254 10291 9775 6112 10595 5364 42580 57868 35779 9456 10067 3498
internal_value=0 -0.110111 0.0669871 0.00982627 0.111949 0.128494 -0.0341623 0.0346683 0.159396 -0.190424 -0.0385752 -0.00726557 0.0791399 -0.144857 0.0362422 -0.0269675 0.0250316 0.213421 0.0286315 0.111784 0.0533692 -0.126619 -0.0789277 -0.116236 0.0613146 0.132072 0.0159555 0.0552881 0.0966831 0.153562 -0.240501 0.0247131 -0.0412012 0.00120089 0.0545483 0.186615 -0.271125 0.076581 0.00710372 0.172753 -0.102086 -0.0354052 -0.0844616 0.105297 0.0658564 -0.164855 0.255584 0.0975136
internal_weight=0 114056 252901 111351 141551 127535 58624.2 94204.1 98199.7 55431.5 14015 51866.7 54725.9 35433.5 32269 39478.2 29335.8 45995.8 20065.7 52203.9 30052.6 17146.9 19597.7 29037.4 22200.7 27738.5 21692.5 14877.1 12196 19015.8 6757.47 26987.4 11421.8 8594.85 19970.8 14747.6 19998 33101.6 8312.57 19102.2 10400.3 6042.36 19412.5 22442.4 16158.2 17615.6 26980 16158.3
internal_count=1274443 549542 724901 336653 388248 352684 254910 275245 275821 294632 35564 203774 171201 151412 125323 104044 76863 120714 51405 155107 109457 61408 78451 118504 57655 86698 78279 52320 44064 43576 51136 84503 51514 35432 60634 35416 143220 102345 33298 52762 25259 17609 52639 68159 42329 66990 77138 40046
is_linear=0
shrinkage=0.5


Tree=12
num_leaves=49
num_cat=0
split_feature=15 16 15 16 15 16 16 8 15 16 13 8 8 16 13 16 6 15 6 6 16 16 13 15 3 13 15 16 15 14 14 13 16 14 14 3 11 8 11 13 11 5 8 8 16 16 3 6
split_gain=25233.7 12771.8 3698.02 4312.12 2345.5 1806.97 1482.13 1509.78 1476.76 1670.14 1399.37 968.258 859.039 783.566 780.492 653.849 614.865 587.105 527.532 484.14 443.266 439.321 398.961 375.04 347.623 337.503 290.129 325.728 267.955 255.242 242.997 241.443 237.157 233.731 233.101 213.42 213.348 208.545 208.313 193.535 175.128 174.189 168.105 165.916 162.912 161.161 146.588 145.647
threshold=5.2185442447662362 -0.82911989092826832 5.2619335651397714 -1.1628166437149046 5.1712324619293222 0.5742241144180299 -0.13672894239425656 0.054340062662959106 5.0990729331970224 -1.4907587766647337 -0.53749442100524891 0.059722494333982475 0.031869007274508483 -0.65943580865859974 -0.59401872754096974 -0.69761237502098072 0.079126365482807173 5.2773122787475595 0.15571113675832751 0.010100627318024637 -1.6110752820968626 0.74539968371391307 -0.50052464008331288 5.1205444335937509 -0.09376343339681624 -0.93145951628684986 5.1630709171295175 -1.1939762830734251 5.249291419982911 2.9339592456817631 10.050459384918215 -0.69694721698760975 0.72105592489242565 4.948444366455079 8.0925374031066912 -0.045583622530102723 1.2054767012596133 0.1624652370810509 1.0948764681816103 -0.94534295797348011 1.2804577946662905 0.050755275413393981 -0.02890069596469402 0.1696804687380791 -1.2435705661773679 -1.2608538866043089 0.02245980687439442 0.005936660338193179
decision_type=2 2 2 2 2 2 2 2 2 2 2 2 2 2 2 2 2 2 2 2 2 2 2 2 2 2 2 2 2 2 2 2 2 2 2 2 2 2 2 2 2 2 2 2 2 2 2 2
left_child=1 8 6 12 23 15 7 18 9 19 45 16 25 -6 -14 -5 24 29 20 35 31 28 43 -3 -10 -4 27 -26 42 38 40 41 -7 -19 36 -1 -15 -12 -17 -28 -22 -2 -8 -13 -11 -9 -21 -24
right_child=2 4 3 5 13 32 21 10 11 44 37 22 14 34 -16 17 -18 33 -20 46 30 -23 47 -25 26 -27 39 -29 -30 -31 -32 -33 -34 -35 -36 -37 -38 -39 -40 -41 -42 -43 -44 -45 -46 -47 -48 -49
leaf_value=0.25643151735078024 0.018524515311367819 -0.37868203603778172 -0.1210951764162842 0.18908371318519404 0.028654520444265759 0.08162223420379025 0.058286579622230543 -0.3192170732223823 0.29013597607210018 -0.19059976093728695 0.091844101128600183 -0.16000991815938925 -0.32469100270873458 -0.25042418979334957 0.0054313539956277711 0.15595479760801995 -0.16488527681009288 0.33982478613281042 -0.33600494270497849 -0.048993435407643331 0.13179270792942691 -0.22978827661715717 0.048003115823597606 -0.29278531720723538 0.049522887054515741 0.11145347506942907 -0.0327820990264222 -0.097686102057730081 0.052048052898474556 0.31047576644741431 0.26638816167929058 0.11684839556161966 -0.17876476097123359 0.4525199325140089 -0.086524330217466597 0.034692515263014555 -0.13895514905523182 -0.15998705329943058 0.29056554105301591 0.10422890596389063 0.22459518148486063 -0.2553676352054472 -0.098061209341216343 -0.37747258965410568 -0.32704863107981208 -0.14387750287531165 -0.21685047394699189 -0.10260736549317566
leaf_weight=1282.394642688334 6633.9591186493635 31783.950750196353 1800.5080690011382 13138.571756515652 4257.9530978351831 1451.9251381866634 2074.255214497447 3311.2929558623582 1698.2545899376273 3437.5633803457022 8544.0977525562048 3960.653863415122 3075.9203261062503 16704.525292733684 4275.2018361650407 6973.5628132894635 3004.5660944841802 13291.690384503454 604.50575987063348 2900.1443429812789 33237.344564452767 3060.504189543426 3479.8364488221705 21345.926030436531 15864.494239095598 11573.186955999583 2838.0657017305493 4921.8278093598783 7001.3720505274832 14725.049433469772 4712.3869094774127 9077.7577079571784 2188.9030298143625 7132.1672512181103 3734.5366179049015 7087.2943823672831 5815.6023348104209 907.38333893194795 4928.6258284822106 27456.763669636101 6027.6874767430127 635.07135310769081 9929.7983330562711 1134.3391018006951 6158.0982871614397 2195.3473942540586 2373.0075608305633 2974.8218338191509
leaf_count=2162 16559 229033 5530 18535 13631 5203 8990 24026 2504 14217 18314 26320 17416 95346 9052 12536 22339 13515 5906 11983 68139 20489 9951 139543 44953 17458 9929 17710 22575 20598 8727 16858 9521 5822 20871 20489 28527 4240 6011 64931 9225 3481 46584 14050 29397 11290 17981 11976
internal_value=0 -0.13985 0.126186 0.202792 -0.280725 0.267131 0.0600516 0.0932189 -0.00974659 -0.118425 -0.049091 0.0277549 0.0046081 -0.170199 -0.132659 0.287823 0.0550431 0.315379 0.128165 -0.00596812 0.13283 -0.0539905 -0.103995 -0.344187 0.0675753 0.0801012 0.0601606 0.0146394 -0.0256443 0.266378 0.158968 0.0624742 -0.0747939 0.379224 -0.202468 0.0687534 -0.221668 0.0675999 0.211758 0.0913763 0.146057 -0.0053676 -0.0710006 -0.208588 -0.278244 -0.249444 -0.124654 -0.0213379
internal_weight=0 174215 182508 84555.3 83642.5 63830.5 97952.8 75886.8 90572.1 23238.5 14958.1 67333.6 20724.8 30512.6 7351.12 60189.7 55784 47051.1 60928.7 13642.8 60324.2 22065.9 11549.7 53129.9 52779.4 13373.7 51081.2 20786.3 19005.4 26627.2 43977.4 16346.8 3640.83 20423.9 26254.7 8369.69 22520.1 9451.48 11902.2 30294.8 39265 7269.03 12004.1 5094.99 9595.66 5506.64 5273.15 6454.66
internal_count=1274443 847843 426600 141197 526951 91741 285403 186765 320892 96229 57870 224663 49456 158375 26468 77017 162366 58482 128895 52615 122989 98638 62297 368576 140027 22988 137523 62663 78149 39145 86091 36898 14724 19337 144744 22651 123873 22554 18547 74860 77364 20040 55574 40370 43614 35316 29964 21927
is_linear=0
shrinkage=0.5


Tree=13
num_leaves=49
num_cat=0
split_feature=11 10 11 12 10 15 16 11 12 12 10 10 12 11 12 12 11 12 12 11 12 12 11 12 11 12 11 10 12 16 10 12 11 12 12 12 11 11 12 10 12 12 11 12 12 11 12 11
split_gain=7539.71 4700.28 2980.39 2631.62 1456.98 1390.88 1148.89 843.236 1015.1 671.029 576.318 549.7 528.666 732.533 1517.59 617.65 492.818 916.33 677.155 490.338 945.758 536.428 455.557 1300.42 456.727 451.796 521.607 451.794 424.54 402.152 358.127 354.533 467.719 1155.21 611.729 443.105 715.769 343.836 692.76 340 317.012 309.585 329.011 263.842 249.613 233.461 225.548 230.809
threshold=1.2054767012596133 2.8602653741836552 1.3763592243194582 1.2350735664367678 1.1097467541694643 5.2264039516448983 -1.3103568553924558 1.2804577946662905 1.3314683437347414 0.8664795756340028 5.3615732192993173 -0.75118812918663014 1.1567682623863222 0.92777407169342052 0.89638406038284313 0.89638406038284313 1.0806689858436587 1.115588426589966 1.4162286520004275 0.61756798624992382 0.90757063031196605 0.77363595366477977 1.3001377582550051 1.139124929904938 1.3308836817741396 1.0149304270744326 0.65925300121307384 0.93754747509956371 1.7221525311470034 -0.77621206641197193 1.0937277078628542 1.4452854394912722 0.61192080378532421 1.6583425998687746 1.4878833889961245 1.5178402662277224 0.8939255177974702 0.62279373407363903 1.2090284228324892 2.4936358928680424 1.6904397606849673 1.6320985555648806 0.51087844371795665 1.3406434059143069 0.88002073764801036 0.97786158323287975 1.3635034561157229 1.0581535100936892
decision_type=2 2 2 2 2 2 2 2 2 2 2 2 2 2 2 2 2 2 2 2 2 2 2 2 2 2 2 2 2 2 2 2 2 2 2 2 2 2 2 2 2 2 2 2 2 2 2 2
left_child=1 5 3 4 9 6 27 8 -5 -2 29 -7 13 14 -8 -15 17 19 44 20 21 -13 -11 -24 -25 -16 -27 -1 30 -3 46 37 33 34 -33 36 -34 38 -19 -6 45 -36 -43 -39 -18 -37 -14 -48
right_child=2 10 -4 7 39 11 12 -9 -10 22 -12 16 28 15 25 -17 18 31 -20 -21 -22 -23 23 24 -26 26 -28 -29 -30 -31 -32 32 35 -35 41 40 -38 43 -40 -41 -42 42 -44 -45 -46 -47 47 -49
leaf_value=0.059268932320806197 0.098495068924499524 -0.19629855074423458 0.5630569363263217 0.043536884691669511 -0.20772453708125796 0.12657753092096694 0.091502135750088739 0.8073865530323916 0.77300584381567028 -0.077014857143494556 -0.27812468123815204 0.61546864144809033 0.080607981834278822 0.23979863787066577 0.55222397984467064 0.05592887842112048 0.097798072626072943 0.29617753761989785 0.57134088736395461 0.096381373784752117 0.74751667834502344 -0.067807680774106566 -0.22690324706492279 0.13648720306281809 0.86608943752282497 0.52595961350969633 0.20151518063370663 -0.060237264673359187 0.47589416589188366 -0.03800167970363906 0.046713366293776142 -0.067262347232076761 0.37630035425843067 -0.11413577504063135 0.4233164086391441 -0.085440851174779744 -0.064737515968716172 -0.048047843094592875 -0.1762826757471245 -0.31927330154884187 0.34069693858840522 0.49779088290316165 -0.024034974928823165 0.081314798891074833 -0.11470238939698285 0.26953062218213025 0.13190362170262734 0.30500917330224769
leaf_weight=22703.520872965455 3712.4065086171031 7342.9707833658904 1531.8063915576786 3261.9021580740809 17834.141765262932 10921.356006778777 7966.2474666126072 559.86113762669265 557.99358429014683 21552.49694564566 7416.1825406849384 381.82366202771664 25968.064789608121 6445.4920811541378 2981.7212943807244 15709.526775121689 1542.1193911470473 862.0770553983748 393.70024857670069 11452.416024759412 907.87546872347593 1146.4038769043982 14739.602158267051 725.48014856874943 305.17518945038319 1869.1808335483074 3702.5491754896939 12131.974431488663 740.53051380068064 8866.5507837105542 26233.970157451928 1142.0572306662798 1716.449610710144 3168.8703914731741 3317.0809244215488 11963.37494969368 1977.2513324283063 12174.057805716991 7629.5411516986787 11136.985874738544 482.84133607894182 441.01337590068579 948.60108318924904 5826.6494742669165 13061.080103321001 480.28150933980942 34699.604441948235 2043.8024785965681
leaf_count=68392 10648 46950 5234 12901 77729 27203 25196 1963 1929 70808 77363 1207 81378 21089 9737 55662 4120 2506 1154 29767 3031 2831 50539 2380 1081 6211 12264 50868 2762 49717 97563 2600 4645 7015 9147 26391 4425 31648 18133 90589 1324 1246 2145 15297 35335 1260 104672 6388
internal_value=0 0.0507134 -0.127022 -0.141247 -0.164774 0.0704721 0.0981819 0.234661 0.1504 -0.104141 -0.162634 0.0212789 0.120037 0.168921 0.248634 0.109453 0.00707647 0.0256687 -0.0747324 0.139789 0.343528 0.102871 -0.124312 -0.188911 0.353636 0.394893 0.310523 0.0176343 0.0989502 -0.109749 0.095801 -0.00472785 0.0371761 0.128858 0.260596 -0.0125426 0.140122 -0.0452989 -0.12823 -0.250633 -0.0562122 0.340252 0.141453 -0.00614448 -0.0922226 -0.0716795 0.116327 0.141554
internal_weight=0 278759 75917.9 74386 70006.3 255133 163196 4379.76 3819.9 41035.2 23625.7 91936.9 128361 38674.7 16519.7 22155 81015.6 66018.7 14996.9 13888.5 2436.1 1528.23 37322.8 15770.3 1030.66 8553.45 5571.73 34835.5 89686 16209.5 88945.4 52130.1 25637.8 9017.62 5848.75 16620.2 3693.7 26492.3 8491.62 28971.1 12926.5 4706.7 1389.61 18000.7 14603.2 12443.7 62711.5 36743.4
internal_count=1274443 948642 325801 320567 303774 774612 542182 16793 14830 135456 174030 232430 422922 130159 53408 76751 205227 164618 40609 36836 7069 4038 124808 54000 3461 28212 18475 119260 292763 96667 290001 127782 60198 22153 15138 38045 9070 67584 20639 168318 28975 12538 3391 46945 39455 27651 192438 111060
is_linear=0
shrinkage=0.5


Tree=14
num_leaves=49
num_cat=0
split_feature=13 8 8 6 15 14 14 15 13 14 16 2 13 13 3 16 8 8 16 0 14 16 16 8 15 15 15 15 13 14 15 14 8 16 13 13 2 3 11 8 15 13 3 2 2 14 13 3
split_gain=12926.6 7724.73 4126.89 3770.56 2570.19 1958.6 1663.29 1492.83 1297.77 1279.09 911.638 879.127 845.862 833.662 784.335 702.319 601.826 535.462 530.104 529.248 520.397 505.01 487.728 484.835 482.432 454.241 453.711 413.228 380.557 379.24 369.162 364.411 362.905 350.617 337.211 326.996 322.641 311.954 311.084 308.483 308.303 262.635 244.207 243.94 240.201 225.068 222.979 219.946
threshold=-0.58716976642608631 0.050622910261154182 0.097211360931396498 0.014609707519412042 5.2035303115844735 3.1941297054290776 3.6031150817871098 5.1566998958587655 -0.20744659751653668 3.5045155286788945 -1.7660200595855711 0.0056462020147591838 0.20908053219318393 -0.9376978576183318 0.22101673483848575 -2.7306184768676753 0.20736087858676913 0.1696804687380791 -2.6398479938507076 0.76011651754379284 4.2806301116943368 -2.6398479938507076 -1.2773798108100889 0.019429813139140609 5.2581949234008798 5.1982109546661386 5.2552380561828622 5.2411777973175058 -0.93968284130096424 4.5766246318817148 5.2145216464996347 3.2845104932785039 0.026177423074841503 -1.1784296035766599 0.78076148033142101 -0.46077518165111536 -0.086836781352758394 0.19113461673259738 1.1383641362190249 -0.10363097488880156 5.1702721118927011 0.72777825593948375 0.03515943884849549 -0.17396892607212064 0.068344954401254668 2.7154966592788701 -0.75829583406448353 0.027232973836362365
decision_type=2 2 2 2 2 2 2 2 2 2 2 2 2 2 2 2 2 2 2 2 2 2 2 2 2 2 2 2 2 2 2 2 2 2 2 2 2 2 2 2 2 2 2 2 2 2 2 2
left_child=1 3 4 7 6 13 15 20 31 17 28 24 19 -5 26 -2 30 38 -6 39 42 -14 -13 -21 43 -15 29 47 -9 -12 -10 -4 -20 -26 -18 -34 -17 -35 -3 -8 -11 -32 -1 -7 -22 -30 -42 -24
right_child=2 9 8 5 18 11 12 10 16 40 14 22 21 25 -16 36 34 -19 32 23 44 -23 27 -25 33 -27 -28 -29 45 -31 41 -33 35 37 -36 -37 -38 -39 -40 -41 46 -43 -44 -45 -46 -47 -48 -49
leaf_value=-0.14119942204911026 0.086996560309933926 0.022185176340070539 0.069904091802255652 0.093953377402866606 -0.11266613574108233 0.30123227835315775 0.39226834854100717 0.17210462275065214 0.032752182588862803 0.250015642808528 -0.22519862576110855 0.17791818945643004 0.21536905418391075 -0.01123701290351399 0.052891014315925633 -0.086612095259407634 0.47494617194680377 0.32345128470896328 -0.3366762315874362 0.02631263553849977 0.1573324698080501 -0.20952127856001157 -0.06220152781793481 0.27450618141797922 0.25414371159779636 -0.16347574248652308 -0.30124505722179845 -0.14392726439182238 -0.19415770519801639 -0.077634175221189414 -0.083952510064933455 0.37255703119070671 -0.082998330878021512 -0.13107263763445465 0.0051904588418582275 -0.27473965954339874 -0.25175640193971766 0.24684261544020653 0.19530455121989329 -0.069274302940495039 0.34314436382923835 -0.35489764923870892 0.017153163621899701 0.18987928509092461 -0.025109455469052827 -0.0019578678771158928 0.50497177538918026 0.10369433127572154
leaf_weight=4571.9211724102497 1865.3364896476269 6911.7042736038566 1350.4598652608693 9733.7197248451412 4103.5666078478098 6932.5535412728786 373.2294262163341 2225.3797798827291 3777.1590547971427 8248.7586657814682 11115.698712293059 5635.9544110372663 767.64732287824154 10125.178359758109 3055.9773979634047 3410.7844029068947 852.07439233362675 3068.4714482575655 25921.19181246683 5876.3738266192377 6761.5113742686808 7659.2371833380312 2807.8571274131536 2961.4264193922281 1384.2730520218611 9507.2803150229156 9697.2112701572478 3538.7273356132209 2279.2611959837377 7180.5376310534775 2341.6732407920063 3825.5981746539474 2788.9821244552732 2466.9120679721236 695.84437759965658 11147.338043892756 22813.261338185519 699.69345690310001 4161.5856515169144 10885.371199537069 13043.488284245133 1453.7061686441302 5196.2721426896751 17182.940600588918 2454.1354371085763 4603.7941835410893 2570.3932541757822 6896.7991837859154
leaf_count=23261 4849 23993 4881 33677 9823 31300 1274 6198 16413 35439 53545 18828 2415 40555 9795 17994 2948 11309 136362 29028 24490 65078 11582 12879 4741 33771 27421 9777 5639 24139 8211 13323 8627 5512 2316 48613 174219 2397 13654 65062 55905 4899 20450 63005 8957 10736 9647 25506
internal_value=0 0.0585329 -0.157566 0.00285785 -0.193299 0.0758518 -0.122845 -0.0920596 0.09377 0.257828 -0.146678 0.138559 -0.0377725 -0.0256596 -0.187481 -0.209209 -0.0196702 0.138598 -0.284013 0.0179628 0.023454 -0.170736 0.0547395 0.109557 0.19374 -0.0849907 -0.21374 0.00227147 -0.00752798 -0.16732 -0.0777975 0.293719 -0.301638 0.044277 0.264237 -0.236412 -0.2303 -0.047359 0.0873042 -0.053896 0.328458 -0.187928 -0.0569181 0.221922 0.108696 -0.0656947 0.369847 0.0556426
internal_weight=0 174058 114870 136054 100574 76911.9 56612.7 59141.7 14296.5 38004.4 40157.9 47545.7 28523.3 29366.2 31049.4 28089.4 9120.46 14141.8 43961.1 20096.4 18983.8 8426.88 18879.3 8837.8 28666.4 19632.5 27993.4 13243.4 9108.44 18296.2 7572.54 5176.06 39857.5 4550.88 1547.92 13936.3 26224 3166.61 11073.3 11258.6 23862.6 3795.38 9768.19 24115.5 9215.65 6883.06 15613.9 9704.66
internal_count=1274443 645229 629214 495282 576223 280651 372798 214631 52991 149947 137473 172648 175736 108003 114900 197062 34787 48956 203425 108243 77158 67493 65693 41907 106955 74326 105105 46865 22573 77684 29523 18204 193602 12650 5264 57240 192213 7909 37647 66336 100991 13110 43711 94305 33447 16375 65552 37088
is_linear=0
shrinkage=0.5


Tree=15
num_leaves=49
num_cat=0
split_feature=2 13 2 14 10 14 13 10 11 6 10 12 14 12 11 13 6 12 11 6 3 2 11 12 12 6 13 2 11 12 12 12 12 10 0 14 10 14 0 12 2 3 11 13 2 12 10 11
split_gain=5995.26 2122.23 1346.6 1234.38 907.105 827.984 698.762 417.414 375.991 356.455 338.814 296.815 279.678 249.913 237.718 224.282 219.481 192.928 260.14 180.183 177.124 173.297 162.25 405.751 179.052 155.149 151.329 195.653 151.151 367.504 291.509 272.749 151.459 151.041 150.906 150.734 283.995 206.491 149.094 148.557 133.435 131.264 130.36 130.348 166.485 128.885 128.711 124.111
threshold=-0.045173179358243935 -0.89821577072143544 -0.17895170301198957 1.9841858744621279 4.8810770511627206 6.1061246395111093 -0.87258559465408314 4.7361462116241464 1.0912806391716006 0.035479869693517692 2.8602653741836552 1.1536787152290346 4.0034410953521737 1.4034826159477236 1.2110034227371218 -0.27026726305484766 0.050796266645193107 1.4452854394912722 0.62793138623237621 0.062164800241589553 -0.089756302535533891 0.0034996657632291321 0.90237736701965343 0.89638406038284313 1.0217478275299074 0.038879828527569778 -0.29016585648059839 0.074387125670909895 0.7794942855834962 1.593842685222626 1.6364470124244692 1.5005929470062258 1.4748123884201052 2.567264318466187 0.71098634600639354 2.3357025384902959 3.1729606389999394 7.111556053161622 0.78651764988899242 1.2789245843887331 -0.021449347957968708 0.13895658403635028 0.8939255177974702 0.79941660165786754 0.019132546149194244 1.7079936861991885 3.0585302114486699 1.00660115480423
decision_type=2 2 2 2 2 2 2 2 2 2 2 2 2 2 2 2 2 2 2 2 2 2 2 2 2 2 2 2 2 2 2 2 2 2 2 2 2 2 2 2 2 2 2 2 2 2 2 2
left_child=2 9 25 14 5 8 46 12 11 35 21 22 34 19 15 -3 33 18 -13 20 -10 -7 23 -5 -25 -1 27 -6 29 32 31 42 -19 -14 -8 -2 37 -37 -17 -16 -22 -11 -30 44 -12 -31 -4 -33
right_child=1 3 6 4 26 10 7 -9 13 41 43 17 16 -15 39 38 -18 28 -20 -21 40 -23 -24 24 -26 -27 -28 -29 30 45 -32 47 -34 -35 -36 36 -38 -39 -40 -41 -42 -43 -44 -45 -46 -47 -48 -49
leaf_value=-0.20723784159444752 -0.095915524818082173 -0.052758099809696743 -0.14926628864969987 0.052700274308775406 -0.14630026571495031 0.12838805345220491 -0.042713000422284222 -0.2014542220776902 -0.031605881999742381 -0.11261473130825973 0.0011054730500866842 0.16973727169862377 0.042565980325149515 -0.28412223539545206 0.069459343062969289 0.041936645505742963 -0.12150249652437838 0.070474221485239394 0.065292836514547453 0.012274712019939946 0.05844363242355307 0.20126712497639609 0.045696051882765494 -0.30648841558711876 -0.090103152907700851 -0.32214779785676334 0.022644579315436168 0.020833244361259384 -0.27353373639325518 0.085506837835944496 -0.28797625078497197 0.19053162506206844 -0.14376166400367821 -0.058257409009700861 -0.11136510025086768 0.012063511182418126 -0.12329385429650425 0.20966496946083996 -0.040521785464550847 -0.2384910708851668 0.14241311180434807 -0.23557266557638168 0.02880604660993967 0.34818180277234023 0.1223883665721562 -0.16179091454615033 -0.26421888452530723 -0.13279222313245376
leaf_weight=8185.3212104383856 5882.9106318019331 19362.168618448079 10320.559261012822 4358.1628566868603 4627.1814857646823 12254.363834315911 20575.73884633556 4304.7190605457872 1752.8036387823522 8762.9652836881578 4983.8483443204314 8652.1693415641785 16215.943087540567 396.46397871524096 14387.021317392588 18869.782179556787 3177.6990667115897 1023.2738919518888 19268.904881723225 3994.7024723105133 5530.1436768844724 24744.50464008376 7587.480863597244 1456.4477737173438 2812.4261937886477 4637.9115218631923 6194.2765853106976 2808.7151887845248 487.61517795175314 7601.7463130243123 476.13026658073068 5076.2416465245187 4187.2675884999335 4814.1164586618543 13142.286397537217 6859.2552998922765 3261.2126225680113 1638.7711624056101 7720.175388418138 400.94430689886212 33738.898040547967 2903.2994686216116 1310.3665796481073 437.63784919679165 6570.5581337399781 563.89420941285789 3212.9887838866562 312.70216177031398
leaf_count=56072 24328 73024 63310 13838 18113 37571 61232 17299 3810 57383 13596 24947 48719 1606 38586 56109 15045 3613 56538 13877 14172 75358 23058 5404 9020 54281 14233 10346 1871 23468 1659 16461 14908 13181 47799 28078 15208 7600 24804 1438 91411 25831 4352 1327 18794 2441 28153 1171
internal_value=0 0.0513673 -0.0990056 0.067258 0.0887654 0.0993411 -0.073633 -0.0512273 0.0753594 -0.0754581 0.153462 0.0510075 -0.0400513 0.110295 0.0059179 -0.0118177 0.000931646 0.0704261 0.0976809 0.113786 0.123659 0.177147 -0.00759746 -0.0545269 -0.164101 -0.248859 -0.0350138 -0.0831084 0.0342298 0.0021129 0.0902183 0.11538 -0.101587 0.0194604 -0.0694889 -0.0305789 0.00207058 0.0502483 0.0179761 0.0610606 0.130602 -0.143275 -0.0530175 0.0803398 0.0701224 0.0683503 -0.176612 0.171656
internal_weight=0 263257 88587.3 233949 173209 159579 75764.1 62230.5 110588 29308.4 48990.9 65174.8 57925.8 45413 60740.1 45952.1 24207.8 48960.3 27921.1 45016.5 41021.8 36998.9 16214.5 8627.04 4268.87 12823.2 13630.2 7435.9 21039.2 13376.2 7663.06 7186.93 5210.54 21030.1 33718 17642.1 11759.2 8498.03 26590 14788 39269 11666.3 1797.98 11992 11554.4 8165.64 13533.5 5388.94
internal_count=1274443 869352 405091 710924 516963 474271 294738 203275 327625 158428 146646 202749 185976 124876 193961 153937 76945 151429 81485 123270 109393 112929 51320 28262 14424 110353 42692 28459 69944 44430 25514 23855 18521 61900 109031 75214 50886 35678 80913 40024 105583 83214 6223 33717 32390 25909 91463 17632
is_linear=0
shrinkage=0.5


Tree=16
num_leaves=49
num_cat=0
split_feature=15 16 15 16 15 16 15 16 16 16 8 13 15 8 0 10 8 3 10 13 16 3 13 13 8 3 16 10 3 0 16 10 9 3 8 8 10 15 10 5 10 16 10 0 13 7 11 7
split_gain=9381.23 7525.69 1532.42 1729.14 1291.92 1018.17 844.756 1331 688.529 538.951 474.501 530.538 461.021 353.594 310.513 302.968 294.362 276.953 256.123 246.495 245.805 234.467 221.273 212.125 320.169 211.998 208.169 206.774 203.261 190.81 189.471 185.414 184.099 173.036 172.67 171.761 166.5 159.484 157.213 146.655 143.746 140.561 137.421 132.19 130.962 140.482 130.915 128.901
threshold=5.2145216464996347 -0.67148926854133595 5.2574503421783456 -1.4715384244918821 5.1534996032714853 0.3964794278144837 5.1127030849456796 -1.5097384452819822 -0.23012739419937131 -0.63367804884910572 0.041099537163972862 -0.50052464008331288 5.2746751308441171 0.084827315062284483 0.8722132444381715 3.8734765052795415 0.20736087858676913 0.15389880537986758 0.47882443666458135 -0.30956739187240595 0.75773397088050853 -0.013729104772210119 -0.9416724145412444 -0.91561371088027943 -0.0032322182087227698 0.17444872856140139 -2.5544306039810176 0.40486896038055425 -0.10976894199848174 0.47090423107147222 -1.2435705661773679 2.4936358928680424 0.0048137193080037841 -0.044311711564660065 -0.031493263319134705 -0.068317797034978853 2.6885627508163457 5.1205444335937509 1.0000000180025095e-35 -0.065728805959224687 3.005060195922852 -0.99649086594581593 0.53872063755989086 0.86520633101463329 0.4968030601739884 0.012111115735024216 1.2627890110015871 0.064032033085823073
decision_type=2 2 2 2 2 2 2 2 2 2 2 2 2 2 2 2 2 2 2 2 2 2 2 2 2 2 2 2 2 2 2 2 2 2 2 2 2 2 2 2 2 2 2 2 2 2 2 2
left_child=1 6 8 13 37 9 7 14 10 25 22 29 36 26 44 28 17 18 -8 -15 32 -6 35 47 40 31 -4 -14 -10 -12 -9 -5 -7 -26 -23 -2 -11 -3 -24 46 41 -25 -13 -19 45 -1 -30 -20
right_child=2 4 3 5 21 20 16 30 15 12 11 42 27 19 -16 -17 -18 43 23 -21 -22 34 38 24 33 -27 -28 -29 39 -31 -32 -33 -34 -35 -36 -37 -38 -39 -40 -41 -42 -43 -44 -45 -46 -47 -48 -49
leaf_value=0.098556367527649749 -0.39035377336326876 -0.33837104853817784 -0.098552826222968182 0.091202854560116675 -0.095968251695308884 -0.0017854012834743786 -0.016705375369592889 -0.11448217187525157 0.16728178246448455 0.12916649387243509 -0.0049610336036601871 -0.042827932191774505 0.17659990895320807 -0.3511265856799885 -0.12595794480506065 0.12153410428220127 -0.29386597819967336 0.050809096153512458 -0.014220195184267419 -0.033607952821005233 -0.18000881872146995 -0.08942949204763366 0.025662615340472643 0.11663120846825822 0.13977520437727575 -0.16309985774862201 0.037707677674755004 0.28403836233050761 -0.0101096172164701 -0.20656591991923653 -0.24657058999562662 0.19808134053351295 0.33413653881931737 0.0040792271186289308 -0.21959118533563163 0.0017441018768231142 0.23559067073453424 -0.25878435022961743 0.099757556920646584 -0.094837940201739329 0.19741072144646082 -0.019090340759545913 0.082180514249536638 -0.22941679435407511 -0.099473166597349658 -0.03520378041084482 0.34540364368191023 -0.31994900809491822
leaf_weight=8653.1020067762583 292.85749952495098 20587.421441238374 3792.2420704495162 18036.533906526864 9003.7266754526645 4764.7269473783672 18366.736557533965 4040.6671805456281 852.55265594646335 18301.504411729053 1663.3375087250024 3202.205086234957 6384.1006166748703 1309.5146535038948 3101.6719657257199 2267.5080222543329 725.27162412181497 577.31246654503047 5594.497543332167 1153.037258092314 1980.0231173075736 3135.1791308838874 8928.5777771938592 10305.46688503027 2749.9495538864285 701.96856244839728 10733.992640225217 15307.096514903009 1183.3536833077669 4028.2582175591961 8400.9988869838417 5253.5674238409847 444.76003034040332 16152.905280711129 13985.895906995051 5592.3686387296766 4621.4940481241792 9201.4891247907653 36536.675815500319 17554.111870668828 4315.7367027271539 2333.1943134143949 6981.0194039065391 1522.6542687322944 1296.1735541783273 2531.8448789305985 329.59873362630606 366.81786737497896
leaf_count=22582 1737 212070 9919 26900 50166 15157 61510 18023 2549 30870 4703 9107 7494 14445 25369 8550 10905 3623 21144 3173 10157 22397 22356 22536 5539 4365 19976 14166 5783 34362 50120 7052 1048 51654 108225 18812 6330 80563 68285 88295 9244 7380 15001 21637 4664 9167 993 4340
internal_value=0 -0.0982418 0.0715587 0.116574 -0.24262 0.14889 -0.0095576 -0.0817818 0.0248392 0.16765 0.0500496 -0.0254768 0.200162 -0.0275745 0.0155553 -0.0515226 0.0225576 0.0262548 0.0324905 -0.202732 -0.0300626 -0.161413 0.0734081 0.0541092 0.0686334 0.107166 0.00209654 0.25245 -0.0712523 -0.147747 -0.203725 0.11534 0.0268566 0.0238528 -0.195792 -0.0177453 0.150654 -0.313814 0.0852185 -0.0819524 0.118527 0.0915369 0.0428211 -0.152153 0.05077 0.068233 0.0671862 -0.033167
internal_weight=0 146949 182197 92784.6 55913.7 75795.8 91035 28024.5 89412.4 68606.3 67225.3 15874.8 44614.2 16988.8 15582.8 22187.1 63010.5 62285.3 60185.3 2462.55 7189.51 26124.8 51350.5 41818.6 35857.3 23992.1 14526.2 21691.2 19919.6 5691.6 12441.7 23290.1 5209.49 18902.9 17121.1 5885.23 22923 29788.9 45465.3 19067.1 16954.4 12638.7 10183.2 2099.97 12481.1 11184.9 1512.95 5961.32
internal_count=1274443 822858 451585 171052 473421 123539 349437 129925 280533 97177 174363 63173 58860 47513 61782 106170 219512 208607 183347 17618 26362 180788 111190 121837 96353 38317 29895 21660 97620 39065 68143 33952 16205 57193 130622 20549 37200 292633 90641 95071 39160 29916 24108 25260 36413 31749 6776 25484
is_linear=0
shrinkage=0.5


Tree=17
num_leaves=49
num_cat=0
split_feature=14 14 14 11 11 10 11 10 10 14 11 11 10 14 0 11 10 10 11 16 10 16 10 0 10 10 14 11 10 14 16 16 10 11 16 16 6 0 2 10 11 0 2 0 6 8 14 10
split_gain=10599.7 3205.21 1534.99 1326.29 1283.04 766.982 596.887 551.03 537.557 435.192 413.114 404.076 375.12 258.204 243.903 235.795 224.433 223.589 223.049 177.203 145.937 136.229 125.705 135.232 120.921 114.038 102.433 98.4894 95.683 94.2517 93.3609 91.5782 88.7023 88.5221 103.335 86.9269 81.547 81.3747 78.9073 73.3073 72.3315 71.0763 74.2549 68.9584 67.01 65.6638 60.4141 59.7276
threshold=6.7284893989562997 2.6620584726333623 9.8834657669067401 1.2553773522377016 1.1052771210670473 -0.39943654835224146 1.3763592243194582 -0.42123298346996302 -0.91613590717315663 1.579237759113312 1.3763592243194582 1.2804577946662905 0.6129366159439088 4.3639447689056405 0.88556796312332164 1.0984966158866885 0.032529413700103767 -2.7088938951492305 1.3099997043609621 0.033172627910971648 -1.8191765546798704 -0.76272824406623829 1.5541368126869204 0.60930356383323681 0.73062604665756237 1.8894616365432741 8.2972831726074237 0.33238576352596289 4.3784997463226327 12.530106544494631 -1.0704801082611082 -0.67148926854133595 -1.419318616390228 1.1383641362190249 -1.0704801082611082 -0.82911989092826832 0.014995111618191006 0.7030305564403535 -0.26310312747955317 0.17764523625373843 1.151364326477051 0.61887612938880932 -0.059352226555347436 0.78967308998107921 -0.023616158403456208 -0.075366057455539689 5.1996951103210458 0.38982655107975012
decision_type=2 2 2 2 2 2 2 2 2 2 2 2 2 2 2 2 2 2 2 2 2 2 2 2 2 2 2 2 2 2 2 2 2 2 2 2 2 2 2 2 2 2 2 2 2 2 2 2
left_child=1 3 5 9 8 32 18 20 17 12 11 21 14 25 36 26 -4 -3 30 39 -6 47 23 44 -17 27 -7 -10 40 -18 -5 -20 -2 -14 -35 -13 45 -34 -25 -15 -24 -29 -43 -19 -11 -1 -23 -9
right_child=2 4 16 6 7 15 -8 10 13 22 -12 35 33 19 -16 24 29 43 31 -21 -22 46 28 38 -26 -27 -28 41 -30 -31 -32 -33 37 34 -36 -37 -38 -39 -40 -41 -42 42 -44 -45 -46 -47 -48 -49
leaf_value=0.22351237546308503 0.23603574372744079 0.44495889828236751 -0.11406778008998954 -0.06741948016974407 0.23660318724126342 -0.090394906993470678 0.41551867252185343 -0.055702040876319046 -0.14863625213280876 0.095785228625995519 0.37456459115367446 -0.24736555463730264 0.20360037749409707 0.0057359977041470398 0.18778287972979563 -0.12447443269573392 -0.27268712751493479 0.090313693633121805 -0.15724131317591797 0.032654565574931967 0.019966112336125722 -0.027852469221863192 0.1648741654623064 -0.049348728158621673 -0.25309590382742331 0.092832511396722259 -0.16917534636674875 0.0077153733427569897 -0.10288949336046189 -0.34354939822580532 0.041488404733714207 -0.054852519599427302 -0.034127874216130644 -0.0054849349592297359 0.17157774466124684 -0.15561621144893567 0.13048345806480582 0.13576487462402306 0.10538363678381008 -0.061770276251582559 0.043312473496662098 0.0013765377843809167 0.068710584155785015 0.19351934269569479 0.037127166734299458 0.072317290911488016 -0.10391835976858796 -0.14842676169036662
leaf_weight=745.72265518456697 814.46078594774008 598.82191418111324 1515.5241534244269 2721.3312782067806 891.35744646936655 11029.781720779836 743.44229777157307 2386.0564647056162 786.98846500366926 6459.7501736916602 440.12983541190624 4285.0454600686207 21956.88693783246 5245.4332448542118 8959.3503220267594 2525.3914716914296 8123.5007726475596 4643.6156129986048 3766.4776808694005 10593.587473314255 6097.9022487252951 11255.538019351661 8466.0829902868718 843.63276594132185 6817.851389461197 7673.6743626464158 6646.2740632910281 19002.384605769068 394.73287872038782 11579.538022887893 7086.9035374391824 5252.7895198892802 1444.9522972144186 1123.3112249467522 3036.1171395294368 6664.9659052509815 10780.160261780024 1368.0547086820006 28293.445676330477 17050.1953915786 1445.0659447852522 5668.3478916436434 14889.960112929344 2514.9013436064124 20020.391101822257 21586.730886235833 3411.4019805956632 6596.9030904117972
leaf_count=2048 2677 1920 5512 10171 2789 46963 2697 8542 2192 16846 1477 24857 64980 15344 27538 11161 55883 13261 14604 38537 19905 43481 28914 3251 49383 33538 31381 50596 2896 123365 24424 19618 4484 4122 10704 33787 30658 4878 83824 65981 6389 18181 45260 7798 53103 55268 15891 33364
internal_value=0 0.0490772 -0.196706 0.0980293 -0.00848023 -0.125098 -0.0235403 -0.0804376 0.025623 0.115774 -0.106011 -0.112149 0.143791 0.0135608 0.114537 -0.154087 -0.300097 0.151353 -0.0409251 -0.0205594 0.0476958 -0.0753419 0.0867845 0.0773626 -0.218401 0.0369396 -0.120053 0.0262949 0.13757 -0.314374 0.0112167 -0.0976786 0.0906719 0.190891 0.12365 -0.191585 0.0946991 0.0483376 0.100885 -0.0458663 0.147207 0.0297912 0.0501705 0.126663 0.0514586 0.0773981 -0.0455847 -0.123862
internal_weight=0 284380 51865.3 153682 130697 30646.8 19570.9 42029.3 88667.9 134111 35040 34599.9 68188.3 80910.6 42072 27019.3 21218.6 7757.34 18827.5 32889.2 6989.26 23649.9 65923.1 55617.2 9343.24 48021.4 17676.1 40347.7 10305.9 19703 9808.23 9019.27 3627.47 26116.3 4159.43 10950 33112.6 2813.01 29137.1 22295.6 9911.15 39560.7 20558.3 7158.52 26480.1 22332.5 14666.9 8982.96
internal_count=1274443 938756 335687 462055 476701 150927 71514 184093 292608 390541 161399 159922 195318 269629 115512 138888 184760 22979 68817 119862 22694 101278 195223 157024 60544 149767 78344 116229 38199 179248 34595 34222 12039 79806 14826 58644 87974 9362 87075 81325 35303 114037 63441 21059 69949 57316 59372 41906
is_linear=0
shrinkage=0.5


Tree=18
num_leaves=49
num_cat=0
split_feature=14 8 6 6 16 9 16 9 5 15 8 0 8 0 9 11 6 15 9 16 9 14 14 15 8 11 9 16 16 8 15 15 9 0 6 16 8 10 9 9 8 9 9 16 0 5 16 8
split_gain=4883.38 3072.59 2163.14 2137.68 1484.92 1557.17 1232.15 901.069 777.135 711.591 610.871 540.485 442.45 432.007 427.64 381.642 376.389 360.556 348.007 381.881 347.007 328.222 245.272 241.06 296.844 240.832 236.088 261.641 211.23 206.938 206.636 204.523 200.376 193.359 192.198 190.851 182.286 173.419 173.119 199.637 167.952 157.963 157.206 153.401 141.71 136.096 135.512 134.585
threshold=3.0772142410278325 0.074508219957351698 0.04175445809960366 0.052734071388840682 -2.3612127304077144 -0.0029899894725531335 -2.3612127304077144 0.0036032671341672544 0.078928321599960341 5.2544856071472177 0.18646121025085452 0.54343226552009594 -0.10363097488880156 0.34903253614902502 -0.0019857431761920448 1.2627890110015871 0.1973560452461243 5.2264039516448983 0.0026265173219144349 -1.4907587766647337 -0.0036534566897898908 13.850855827331545 2.0752627849578862 5.1152832508087167 0.033428620547056205 1.1220605373382571 -0.0010334801627323029 -3.5269412994384761 0.12162919342517854 0.021775508299469951 5.2634766101837167 5.2611541748046884 -0.0058533090632408849 0.58012366294860851 0.002012593788094819 -1.6322681307792661 0.10896757245063783 8.4335350990295428 -0.00092803887673653651 0.0018469484639354052 0.14523082971572879 0.007546408101916314 -0.0022667319281026717 -3.263436913490295 0.74623245000839245 0.040456024929881103 -1.4529218077659605 0.18646121025085452
decision_type=2 2 2 2 2 2 2 2 2 2 2 2 2 2 2 2 2 2 2 2 2 2 2 2 2 2 2 2 2 2 2 2 2 2 2 2 2 2 2 2 2 2 2 2 2 2 2 2
left_child=2 3 6 4 12 31 26 9 17 13 11 35 -2 -7 -5 22 18 20 19 -16 -8 23 36 28 46 -22 -1 -28 -15 30 45 32 -6 -10 -13 -3 42 -23 -14 43 -19 -9 -4 -40 -17 -21 -25 -29
right_child=1 10 15 14 5 7 8 41 33 -11 -12 34 38 21 16 44 -18 40 -20 29 25 37 -24 24 -26 -27 27 47 -30 -31 -32 -33 -34 -35 -36 -37 -38 -39 39 -41 -42 -43 -44 -45 -46 -47 -48 -49
leaf_value=0.26821725134117436 0.54990047336771741 0.11215365525042938 0.061049714714047493 0.2343803880938054 0.31057632497808413 -0.16551708183884101 0.050454331571990738 0.029003332213847391 -0.19753911999844262 -0.22088546590759278 0.32637785265243313 0.087829359885194566 0.2538582331334549 0.025407237267028697 0.14638098306344627 -0.018623051884717728 0.2323483483458664 -0.26762749701826677 0.20661228885288202 -0.043020847860747322 -0.21700750881720671 0.0040598392231075663 0.0392402172449796 -0.054272513580301038 0.017156480740694299 -0.12863724541992308 0.16672361841822392 -0.072673681919317168 -0.12977611360116664 0.09254615512154743 -0.20634418639703458 -0.056016512458564434 0.12101217644476818 0.033699118808722124 0.21634829258027899 -0.080915897767320125 0.090450580437314174 0.21088262119781198 0.14569108759272723 0.37706314617286274 -0.018298150040409567 0.18948449195040315 -0.10344922957818414 0.018961300721973873 0.16460306890936688 0.092299101518938886 -0.15103224055420902 0.22135936495909181
leaf_weight=784.04504675045609 554.08796664699912 2264.7213522549719 1649.4090843629092 5422.6016900986433 1927.3256190512329 12422.936914523132 1644.9694989100099 5329.1339272027835 1119.9449339061975 11463.899999100715 5800.2828157059848 3768.4251699317247 1499.246186401695 8233.6156216356903 5795.8528784327209 1398.0070676598698 3611.9407549723983 18689.880389999598 3481.0131849497557 7916.5547373425215 21044.105379957706 4249.2162663899362 9210.113804304041 4711.5215290114284 4177.3381515908986 12235.993082763627 1588.0732514038682 7108.1837124153972 2986.4958361312747 4168.0980725735426 1562.1555454917252 1126.7587353792042 5104.5710877170786 4665.4213452413678 13007.247902432457 2940.6654928643256 1692.891027322039 1332.1951409466565 3490.2531225979328 515.91641820594668 705.38758677244186 2157.8474965449423 11910.710762172937 7593.5116118025035 4242.7128665521741 2425.7848915103823 15878.45935115777 410.02246926724911
leaf_count=2661 1932 7525 6776 24940 8812 79625 9353 24781 7383 44471 33104 14554 5127 45427 24098 5371 17109 107008 16197 33955 160816 15871 39825 17125 20512 75554 4172 19042 22776 16777 3666 3130 25231 19959 63027 12461 6667 4960 9018 1987 2640 9338 53006 20554 16157 10876 97619 1468
internal_value=0 0.0311383 -0.110197 -0.00130967 -0.0400654 -0.065751 -0.1584 -0.0889263 -0.185309 -0.107724 0.181981 0.143843 0.112469 -0.0836842 0.105476 0.0018646 0.0813155 -0.203864 0.0597674 0.0363615 -0.173453 -0.0592129 -0.0251528 -0.0767155 -0.104262 -0.184537 0.00508848 -0.0175388 -0.0158618 -0.00328762 -0.0368887 0.141373 0.173076 -0.0110045 0.187515 0.00299275 -0.0640675 0.0535437 0.0938865 0.0731471 -0.258587 0.075342 -0.0834002 0.0589229 0.119108 -0.0112275 -0.128919 -0.0565441
internal_weight=0 156920 100100 129138 94754.3 81101.3 69996 72942.7 60105.7 65455.7 27781.3 21981.1 13653 53991.8 34384 30103.8 28961.4 54320.3 25349.5 21868.4 34925.1 41568.8 24463.1 35987.4 24767.3 33280.1 9890.32 9106.28 11220.1 16072.6 11904.5 8158.66 7031.9 5785.37 16775.7 5205.39 15253 5581.41 13098.9 11599.7 19395.3 7486.98 13560.1 11083.8 5640.72 10342.3 20590 7518.21
internal_count=1274443 736585 537858 605914 458296 419678 410056 382505 382713 348386 130671 97567 38618 303915 147618 127802 122678 355371 105569 89372 245723 224290 106274 203459 135256 236370 27343 24682 68203 65274 48497 37173 34043 27342 77581 19986 66449 20831 36686 31559 109648 34119 59782 29572 21528 44831 114744 20510
is_linear=0
shrinkage=0.5


Tree=19
num_leaves=49
num_cat=0
split_feature=2 16 3 16 13 6 3 3 14 14 4 13 7 14 6 2 3 0 13 6 5 16 16 5 16 6 0 6 0 3 11 6 3 2 13 6 2 3 5 2 14 13 6 16 13 3 6 6
split_gain=2394.67 1091.55 937.879 690.688 646.184 445.822 416.136 398.586 370.956 327.104 299.398 295.186 224.406 232.058 217.035 212.982 259.409 173.248 172.799 171.738 172.919 169.456 159.41 156.489 148.147 137.034 134.513 136.93 132.626 141.4 131.756 130.555 151.441 126.563 124.778 111.287 109.544 108.274 98.0407 94.6053 92.5511 89.1621 88.1761 88.0326 85.9406 84.187 85.7307 80.6816
threshold=-0.02615870255976915 -0.8568705916404723 0.13379610329866412 -0.91181012988090504 -0.87577849626541127 0.090160161256790175 -0.098182700574398027 0.087860349565744414 2.5597944259643559 4.5766246318817148 0.073560550808906569 -0.38332794606685633 0.049423370510339744 1.6460611224174502 0.047274596989154823 0.17800278961658481 0.2390277907252312 0.77385959029197704 0.81848010420799266 -0.0993044078350067 -0.088148832321166978 -2.9392497539520259 -2.9392497539520259 0.089853104203939452 -2.7306184768676753 0.022516906261444095 0.59964588284492504 -0.066014245152473436 0.47090423107147222 -0.038784233853220933 1.0148055553436282 0.08253245055675508 -0.065512962639331804 -0.11615206673741339 0.69348901510238659 0.069952219724655165 0.019983252510428432 0.083558309823274626 -0.088148832321166978 0.058842675760388381 5.6810319423675546 0.090013440698385253 0.030660805292427543 -2.2599641084671016 0.59280502796173107 0.040650699287652976 0.044749407097697265 0.10373953729867937
decision_type=2 2 2 2 2 2 2 2 2 2 2 2 2 2 2 2 2 2 2 2 2 2 2 2 2 2 2 2 2 2 2 2 2 2 2 2 2 2 2 2 2 2 2 2 2 2 2 2
left_child=2 4 3 11 25 6 34 40 26 14 12 24 13 -5 22 16 19 -4 21 -10 -21 -11 -6 31 -1 -2 27 -8 29 44 -24 32 -15 -26 -3 -19 -23 -17 -34 -9 -7 -12 -28 -27 -22 -30 -47 -35
right_child=1 5 17 10 9 7 8 39 15 18 41 -13 -14 23 -16 37 -18 35 -20 20 28 36 30 -25 33 43 42 -29 45 -31 -32 -33 38 47 -36 -37 -38 -39 -40 -41 -42 -43 -44 -45 -46 46 -48 -49
leaf_value=-0.26388774892994765 -0.067361206753177916 -0.09271666182617723 -0.04513921763535958 -0.051116991416140845 -0.12028014381126746 -0.0062848898613705574 -0.08863126041978886 -0.27647501143949804 -0.17458026907961907 -0.082641504186290834 -0.16426361031175268 -0.043523926367951153 -0.11757012947514225 -0.055182779372899726 -0.11865950000254698 0.11720762276775132 -0.1786846091593845 -0.19227301637865518 0.21326425817653544 -0.046040026344942364 0.046818205867655463 0.016088299669435556 -0.02487704956968537 -0.11254747569833486 -0.19746714304760268 -0.28831791955681219 0.036681178316516266 0.079174940264606281 0.10227522116913763 0.15064919837969148 0.035695793610343501 -0.079169220889666436 -0.096641245087612807 -0.084209331632704887 0.11587988718504422 -0.32259637045623213 0.082060425642258267 0.25247533928946664 0.055310593287900431 -0.10249606826156427 0.12731401772289686 -0.015248525703768057 -0.030823023950426551 -0.13819376055930976 0.19846352686903049 0.074464691172817399 -0.015465104628512607 -0.25090251961890481
leaf_weight=2073.2835664609447 6178.9801005665213 4696.7243156228215 1478.8457117639482 11689.556925307959 2729.0480690188706 4201.2131768148392 1277.9474493786693 1478.6226461529732 581.4510348290205 2450.612658502534 3640.6818623226136 15344.888898827136 3576.3419734165072 3709.882130663842 4603.1174918208271 2761.7797203958035 869.9877291880548 5401.3008064730093 1572.5336580052972 2029.7006795071065 6264.988323610276 10749.817602267489 18162.245795700699 1893.3557496648282 4091.0204833997414 1350.4313317090273 17776.725249990821 23660.204236427322 27307.105415545404 20241.192353274673 17745.118021760136 2390.759717900306 1091.023756146431 11064.702909704298 843.1869022063911 2384.8209417788312 15248.889495298266 3241.5103700999171 35514.91377222538 1687.4215385215357 1869.6946303229779 1396.7178317010403 6637.647960299626 3643.7481345832348 1101.4742642268538 14234.879095189273 3245.1877985298634 780.16584687121212
leaf_count=19406 30868 13426 8707 43136 10636 17448 3999 8609 1448 12714 14280 39645 17474 10440 16410 8061 6069 68993 4562 6108 17107 29532 52786 6779 31841 19754 61539 77438 81388 59019 42906 12909 3886 45015 2403 43426 44289 13118 114987 11955 8663 3736 25282 32122 3377 45239 11668 9840
internal_value=0 0.0399604 -0.0504029 -0.0360561 -0.00528622 0.0661292 0.0733105 -0.0401474 0.0789788 0.0117901 -0.00599572 -0.0945333 0.0038479 0.011573 -0.01604 0.0996224 0.0924343 -0.20248 0.0518887 0.095588 0.0977077 0.042944 -0.00379831 0.0280159 -0.137964 -0.11729 0.0447183 0.0705525 0.101745 0.12904 0.00504378 0.0342619 0.0410026 -0.121534 -0.0608624 -0.23229 0.0548035 0.190359 0.0507656 -0.183968 0.0347922 -0.123057 0.0183075 -0.178937 0.0695848 0.0849066 0.0577406 -0.0952511
internal_weight=0 230443 107522 98257.3 84434.5 146009 136772 9236.95 131232 73261.4 64903.2 33354.1 59865.8 56289.5 43239.5 81879.3 75876 9264.97 30021.9 75006 74424.5 28449.3 38636.4 44599.9 18009.2 11173.2 49352.5 24938.2 72394.8 27607.7 35907.4 42706.6 40315.8 15935.9 5539.91 7786.12 25998.7 6003.29 36605.9 3166.04 6070.91 5037.4 24414.4 4994.18 7366.46 44787.2 17480.1 11844.9
internal_count=1274443 779943 494500 373374 296579 483364 436689 46675 420860 213835 227627 145747 209611 192137 122738 252602 231423 121126 91097 225354 223906 86535 106328 149001 106102 82744 168258 81437 217798 79503 95692 142222 129313 86696 15829 112419 73821 21179 118873 20564 26111 18016 86821 51876 20484 138295 56907 54855
is_linear=0
shrinkage=0.5


Tree=20
num_leaves=49
num_cat=0
split_feature=15 16 15 15 16 1 13 16 1 16 6 1 6 1 7 16 1 16 13 16 15 1 8 8 7 16 1 1 6 15 6 16 16 1 1 16 13 8 6 1 6 16 7 15 16 6 13 6
split_gain=4394.52 4150.39 940.03 908.625 817.715 531.273 727.145 592.396 515.64 433.206 390.686 410.932 384.737 357.741 331.949 298.59 319.383 334.918 284.908 271.083 269.877 266.054 256.549 241.976 234.549 219.198 218.487 216.636 214.086 210.29 209.761 215.271 207.161 203.094 202.999 262.351 199.61 188.881 183.336 183.242 172.35 171.059 197.077 170.712 164.389 163.892 160.199 156.532
threshold=5.1990597248077401 -0.89805006980895985 5.2589197158813485 5.1165795326232919 -0.87065586447715748 0.46760320663452154 -0.81786394119262684 0.033172627910971648 0.52346873283386242 -0.41575601696968073 0.0097432537004351633 0.38954494893550878 0.014609707519412042 0.46256858110427862 0.0060200910083949575 0.72105592489242565 0.4157386869192124 -1.5298316478729246 -0.87854418158531178 -0.57118329405784596 5.2530291080474862 0.26741340756416326 -0.10363097488880156 0.14523082971572879 -0.012345769908279179 -1.7894058823585508 0.57415115833282482 0.62437847256660473 -0.066014245152473436 5.1422235965728769 0.08253245055675508 -2.2282930612564082 -1.9886859655380247 0.37249343097209936 0.53832441568374645 0.40861395001411444 0.88886263966560375 -0.095082201063632951 0.021586630493402485 0.58969309926033031 -0.016365836374461647 -1.6540503501892088 0.028780132532119754 5.2845277786254892 -0.38022530078887934 0.094320893287658705 -0.63247376680374134 0.079126365482807173
decision_type=2 2 2 2 2 2 2 2 2 2 2 2 2 2 2 2 2 2 2 2 2 2 2 2 2 2 2 2 2 2 2 2 2 2 2 2 2 2 2 2 2 2 2 2 2 2 2 2
left_child=1 8 12 22 13 7 38 43 10 45 11 25 15 23 24 16 19 -18 26 -2 -21 -12 -3 41 -13 37 47 44 -9 -27 31 -23 -26 -30 35 -8 -25 -1 -7 -40 -34 42 -4 -6 46 -5 -19 -14
right_child=2 3 4 9 5 6 34 28 -10 -11 21 14 18 -15 -16 -17 17 27 -20 20 -22 30 -24 36 32 29 -28 -29 33 -31 -32 -33 40 -35 -36 -37 -38 -39 39 -41 -42 -43 -44 -45 -46 -47 -48 -49
leaf_value=-0.17734062737638459 0.042468461460041136 0.36491204775781039 0.013461184898921497 -0.044432528643863128 0.11118889073190269 0.10960287184332741 0.23484175167339563 0.2398706368187597 -0.3032557035489058 -0.18394460187937006 0.015076444080488787 -0.031479940988940761 -0.027855539344686139 -0.2319223448732616 -0.053293352244891026 -0.15407272876575229 -0.2446677106068891 0.093291454756203901 0.002393017835308145 -0.079223762676895737 0.12575249587355999 -0.27238313178105672 -0.28662991873545213 -0.34027758054003893 -0.080575985056221683 -0.084753478912554303 -0.33828847634847453 -0.10258766808858169 -0.13422309516867112 0.031813561481630372 -0.29144342185888328 -0.045490264419573989 0.032042556942291842 0.021377908846878877 0.32278727813778491 -0.048493047022614061 0.18608283265010525 0.068105523810007354 0.017950276651471406 -0.31366477880624233 0.33242866344045002 0.075370963344305597 -0.23605651579247494 0.24561349783124975 0.073469238988912736 -0.33122846947203399 0.22392451205790975 -0.16874340049947653
leaf_weight=820.21592838317156 39708.94482764462 150.93784626014531 11015.920519956388 10484.611272375099 24238.541746882722 4231.9823763296008 6385.663772335276 719.17841118574142 1331.269013620913 18142.925792329945 11885.050675823819 829.8674417748116 6183.442731983494 1344.5530367633328 1509.8228972377256 1951.0333017352968 692.78047065157443 4170.1740409564227 29052.872437892482 9552.0095283072442 1927.8352689407766 1163.7454733629711 17243.148350568488 740.14417237322778 409.37082893913612 7535.2477595061064 848.83440302591771 1141.9677721532062 3609.4287374261767 7942.6021490972489 1163.0811910992488 10338.85741764633 557.18517964426428 4992.1433021370322 6053.6095695458353 933.23793224059045 235.89063053950667 16792.49806658458 1559.4193107001483 566.18470936268568 3513.935659525916 15443.212336084805 851.52134697604924 2625.2865693047643 9177.7225279286504 522.8087135720998 5425.2491726260632 2901.5682819508947
leaf_count=2374 77195 1345 23463 51165 32922 7065 6749 1143 14655 188767 60887 3427 29902 5614 5891 16451 3496 9416 112830 33766 3846 9770 224965 10489 1957 23798 9968 6200 10342 17949 17637 47500 1902 12529 7678 3630 571 41331 4716 2825 9298 24180 4803 2440 35664 6926 9764 34196
internal_value=0 -0.0761996 0.0475759 -0.190462 0.0870983 0.122686 0.18871 0.0866674 0.00462804 -0.136456 0.0109989 0.0415341 0.0175804 0.0199251 0.153289 0.0388204 0.0440712 0.0966359 -0.0225846 0.0228981 -0.0447501 -0.0386198 -0.280927 0.0319216 0.212117 0.0184816 -0.0956783 0.108545 -0.0218961 -0.0249055 -0.0890433 -0.0685107 0.257344 -0.0438659 0.2549 0.198644 -0.212493 0.0566374 0.0493901 -0.0702509 0.291458 0.0406824 -0.00441864 0.124353 0.12142 -0.0581285 0.167219 -0.0729209
internal_weight=0 112337 198280 46544.4 85545.9 55914.7 19730.1 36184.6 65792.7 29150.3 64461.5 39910.7 112734 29631.2 6820.18 73747.7 71796.7 20607.9 38986.7 51188.8 11479.8 24550.7 17394.1 28286.7 5310.36 33090.6 9933.85 19915.1 9320.75 15477.8 12665.7 11502.6 4480.49 8601.57 13372.5 7318.9 976.035 17612.7 6357.59 2125.6 4071.12 27310.7 11867.4 26863.8 18773.1 11007.4 9595.42 9085.01
internal_count=1275397 731544 543853 473168 161159 92039 32663 59376 258376 246858 243721 107927 382694 69120 22475 195798 179347 64540 186896 114807 37612 135794 226310 63506 16584 85452 74066 61044 24014 41747 74907 57270 13157 22871 18057 10379 11060 43705 14606 7541 11200 52446 28266 35362 54844 58091 19180 64098
is_linear=0
shrinkage=0.5


Tree=21
num_leaves=49
num_cat=0
split_feature=14 11 12 12 11 12 11 12 14 10 11 12 10 12 12 11 12 12 11 11 11 12 11 12 12 11 11 12 12 11 12 11 12 14 14 12 11 12 12 12 11 11 12 12 12 11 11 12
split_gain=4512.4 1098.66 1250.14 1037.76 697.001 672.628 2117.57 668.054 655.063 531.675 508.079 570.146 486.982 312.574 414.071 840.541 1118.06 1051.8 786.66 666.549 592.42 428.686 370.885 1515.67 377.328 309.479 270.619 904.614 312.622 275.164 253.872 250.638 1209.93 243.032 225.699 209.73 524.268 1029.96 415.304 392.594 739.234 724.124 713.927 569.235 705.985 522.708 385.095 306.575
threshold=8.4088840484619158 1.2294631004333498 1.2061363458633425 1.7221525311470034 1.3763592243194582 1.6723495721817019 0.73279112577438366 0.88363611698150646 2.3133122920989995 0.67256355285644542 1.2976737022399905 1.3061133623123171 -1.4946584701538084 1.0506640672683718 1.4348497390747073 0.56843695044517528 1.5287927985191347 1.4878833889961245 0.99425438046455394 0.86035954952240001 1.0877212882041933 1.6540691852569582 0.97363024950027477 0.89638406038284313 0.88363611698150646 0.84736987948417675 0.51688918471336376 1.2264157533645632 1.3499507308006289 0.73737114667892467 1.4748123884201052 0.69386652112007152 1.598101854324341 1.9383994936943056 13.48255491256714 1.1737584471702578 0.86471110582351696 0.90460988879203807 1.0442649722099306 1.4403302669525149 0.58512625098228466 0.71366706490516674 1.4878833889961245 1.6236342787742617 1.4748123884201052 0.53404816985130321 1.0350388884544375 1.267243027687073
decision_type=2 2 2 2 2 2 2 2 2 2 2 2 2 2 2 2 2 2 2 2 2 2 2 2 2 2 2 2 2 2 2 2 2 2 2 2 2 2 2 2 2 2 2 2 2 2 2 2
left_child=1 3 4 5 7 8 -7 -3 35 -2 11 -4 -10 22 26 17 19 -16 31 -17 30 -19 23 -14 -24 -25 27 -15 -28 -30 -21 32 -18 -9 -11 36 37 -1 -39 40 47 43 -43 44 -41 -45 -44 -37
right_child=9 2 10 -5 -6 6 -8 33 12 34 -12 -13 13 14 15 16 18 21 -20 20 -22 -23 24 25 -26 -27 28 -29 29 -31 -32 -33 -34 -35 -36 39 -38 38 -40 41 -42 42 46 45 -46 -47 -48 -49
leaf_value=0.043354105045548784 -0.064497781282701824 0.090429975945796104 0.071050934148422992 0.50892003667278518 0.29758749887590025 -0.17970534680216477 0.73062850735568086 -0.049275989673832579 0.17292983572476334 -0.19821070482040568 0.69443929464151377 0.69258884070832127 0.0039955203380863322 0.25973349132191514 -0.13531372047024715 0.30041541712544728 0.41311718089107607 0.33761741584226285 0.65086604572850648 0.13304109213340096 0.64035379336996856 0.019753639185814999 0.11015211464819659 0.47961198410610584 -0.052939162802463621 0.20323959790527943 -0.033222645183068472 -0.1815168368715854 -0.061916368545254778 0.10616317551248665 -0.10298530811337424 -0.12375825540599759 -0.13446238074624128 -0.1349852969986288 -0.31235328293360681 0.07331047403059196 0.056593257623618561 0.50251570718528416 0.22885671666633942 -0.045035896563731588 0.054514969912574755 0.24495146126642578 -0.044960814530812541 0.25232265572918217 0.31565064447012026 -0.090695290438554746 0.42682129605891073 -0.16006715906552824
leaf_weight=6371.147989179939 5790.509766029194 4930.9117170376703 2631.319446827285 1154.0417384803295 1241.9675350021571 7760.7475232901052 694.97394517064095 12631.520005190745 4750.7598182484508 12704.292056367733 517.28185715526342 428.7619267962873 9346.7597692515701 1385.1992306746542 2065.8612375818193 3815.1619065422565 1352.2869837339967 5255.4315326157957 367.61515174992383 1769.7454461026937 365.09992965124547 1333.2785688657314 5410.5716568641365 2465.1078188708052 10288.092089502141 1736.9045723322779 45458.695755147375 7146.7987417438999 3412.4986604936421 8470.2772129550576 3191.2194023774937 13136.925347419456 3961.7502844491974 24086.763603833504 6621.6128702661954 1775.4042895138264 24981.97522617504 2250.0676453523338 3648.7972010746598 1650.4088721312582 32086.467929137871 2927.6851698942482 12435.570430867374 1772.9453004710376 7555.3659462872893 2966.9505442399532 446.9902855232358 6727.9718069732189
leaf_count=17553 23211 19216 9930 4983 4860 22108 2303 46002 14786 109502 2018 1641 31076 4940 6385 12026 4304 16936 1204 5442 1275 4409 19092 8993 42320 6084 175031 25987 11711 29848 9705 40004 12286 132776 107498 5067 71502 8099 10911 4554 90205 8972 33408 5196 23214 7668 1464 17692
internal_value=0 0.0230847 -0.0475903 0.0360322 -0.0712855 0.0338672 -0.104749 -0.0823041 0.0386717 -0.197531 0.236307 0.158499 0.0156682 0.00999183 -0.00301446 0.039608 -0.00252442 0.175765 -0.072227 0.140906 0.0265181 0.273384 0.0555837 0.116189 0.00324212 0.365568 -0.0267131 -0.109798 -0.0143402 0.0578508 -0.018676 -0.0866955 0.00484009 -0.105516 -0.237359 0.0678461 0.0981963 0.182848 0.333394 0.0517658 0.0197677 0.0953952 0.0221007 0.178446 0.250935 0.0375303 -0.0285206 -0.111279
internal_weight=0 300162 46468.5 253694 42891.2 252540 8455.72 41649.2 244084 25116.4 3577.36 3060.08 136486 131735 102488 36614.4 27959.8 8654.57 18818.6 9141.23 5326.06 6588.71 29247.4 13548.8 15698.7 4202.01 65873.5 8532 57341.5 11882.8 4960.96 18451 5314.04 36718.3 19325.9 107598 37252 12270 5898.86 70345.8 40589.8 29755.9 15810.2 13945.7 9205.77 4739.9 12882.6 8503.38
internal_count=1275397 1035186 216443 818743 202854 813760 24411 197994 789349 240211 13589 11571 483844 469058 361493 113976 86246 27730 57798 28448 16422 21345 107565 46153 61412 15077 247517 30927 216590 41559 15147 56594 16590 178778 217000 305505 108065 36563 19010 197440 112964 84476 43844 40632 27768 12864 34872 22759
is_linear=0
shrinkage=0.5


Tree=22
num_leaves=49
num_cat=0
split_feature=3 16 6 6 14 8 8 16 14 16 3 8 8 3 6 15 9 9 6 15 0 7 7 9 16 9 16 6 9 7 14 6 9 7 9 14 9 14 8 11 8 9 9 15 0 7 7 15
split_gain=3055.78 2276.17 902.305 801.624 687.265 620.761 691.89 544.522 467.113 405.067 379.835 361.637 360.888 320.853 300.29 269.691 266.426 258.606 252.338 227.082 222.335 220.46 234.174 183.288 174.926 174.229 165.366 160.037 175.656 151.848 151.011 144.338 141.797 139.467 136.526 135.346 134.739 129.103 127.35 126.741 118.779 117.902 132.347 114.544 109.042 109.007 108.396 108.181
threshold=0.039057699963450439 -1.6110752820968626 0.046449072659015662 0.0056010594125837096 5.2495274543762216 0.12322959676384927 -0.085289746522903429 -0.78934377431869496 5.0007133483886728 -1.7423544526100156 0.26942016184329992 0.031137434765696529 0.032645121216773994 0.2886823862791062 0.10373953729867937 5.2478022575378427 -0.0017859708168543873 0.0013979983632452788 0.0072759806644171485 5.1982109546661386 0.71510490775108349 0.028196237049996856 -0.044104686006903641 -0.0021658877376466985 -2.8840926885604854 -0.0026790085248649116 -2.6398479938507076 0.022516906261444095 -0.00077268865425139655 -0.070661883801221834 15.525126934051515 0.23252727836370471 -0.0026790085248649116 -0.070661883801221834 -0.0027513195527717467 8.5144090652465838 0.0031373618403449659 25.254186630249027 0.22005929052829745 1.2163776755332949 -0.11804120615124701 -0.0006651071598753332 0.0014702257467433812 5.2604544162750253 0.87448132038116466 -0.065249837934970842 0.028780132532119754 5.2674002647399911
decision_type=2 2 2 2 2 2 2 2 2 2 2 2 2 2 2 2 2 2 2 2 2 2 2 2 2 2 2 2 2 2 2 2 2 2 2 2 2 2 2 2 2 2 2 2 2 2 2 2
left_child=1 5 4 9 19 6 40 16 24 30 12 29 14 21 15 32 -5 20 44 45 -18 22 -11 -6 -8 -24 -22 -26 -29 -4 46 34 -9 -25 -31 -27 -34 41 -7 -28 -1 -20 -43 -35 -10 -3 -2 -36
right_child=3 2 11 7 23 38 8 10 18 13 -12 -13 -14 -15 -16 -17 17 -19 37 -21 26 -23 25 33 27 35 39 28 -30 31 -32 -33 36 43 47 -37 -38 -39 -40 -41 -42 42 -44 -45 -46 -47 -48 -49
leaf_value=0.45651595651144344 0.038769981269859331 0.15829977651736221 0.21482372664044644 0.22131895078288183 0.038074004499762969 0.11995522359361925 -0.0027127328724842908 0.079330211429503181 -0.006540131029356991 0.18584492281267945 0.14359514496470546 0.062723692598716782 0.092011861380180138 0.13573221921310299 0.070373358450105061 -0.16267101263579317 -0.072343180165214543 0.18479203333493752 0.23361556215600068 -0.24058705576325126 0.20173095745907962 0.090662113154177548 0.0094522082084419305 0.29031963819028106 -0.14301906350572918 -0.12760598830825909 0.038682363583666675 0.21159059121204871 -0.067609005533557559 0.11868512760429413 0.27999643906440136 0.11542488765907929 -0.063304838547396311 -0.091865475294969662 -0.097856070052234581 -0.025272447585540238 0.065533954735144284 0.34547786361317029 0.28293514022170974 0.14376422010226769 0.19389601139681958 0.0397222260281078 0.32086229806645666 -0.20475880580820852 -0.24843010119359024 -0.16652197121477741 0.31203430538659743 -0.25221123448332877
leaf_weight=656.20212903246284 6755.1626290064305 259.45886541064829 420.75697850622237 5202.8077665753663 2603.8008332224563 3959.2204448282719 6220.6999513953924 3014.0783641096205 7204.742573203519 806.95809234678745 6548.3183847330511 6294.1613695174456 10623.131993776187 2140.0497186575085 7413.0957666169852 4045.2918879138306 2438.7238964568824 6375.9852919336408 1167.7651672661304 17598.820929047652 2732.7340755388141 2081.8507404569536 3853.7917839577422 220.38770693168044 9119.4636352285743 15772.95523117017 10506.666173469275 643.06034410744905 4468.6317918263376 665.02791740559042 821.94808088988066 808.88611883670092 11368.67972679995 15410.693791378289 11498.795612419024 4080.2470061220229 2465.6931264614686 521.13069956563413 1733.1961118243635 3958.8247245717794 1292.6456461958587 5767.9051997810602 451.30034420453012 2642.258794574067 497.55486737377942 19352.914794681594 383.341502238065 1264.9689579699188
leaf_count=2467 22719 2367 1994 29083 13371 17341 15548 14507 20291 4315 31413 26647 47847 9424 30911 15803 9600 34100 4464 153528 15229 11005 16762 1214 38379 91491 46841 2440 14629 2975 3960 3268 66717 96198 58512 15353 12544 2759 10789 18607 4821 21170 1766 11814 1394 191477 1494 4049
internal_value=0 -0.0758237 -0.126453 0.0380213 -0.15854 0.0157331 -0.00731632 0.0671029 -0.0230141 -0.0227448 0.0321821 -0.0374699 0.0134256 -0.0504042 -0.0160513 -0.0467405 0.11796 0.097261 0.042099 -0.199287 0.0688068 -0.0654051 -0.0786827 -0.0858833 -0.0727374 -0.0877155 0.0888541 -0.103309 -0.0323529 -0.0805273 0.077032 -0.0893052 -0.0188681 -0.103575 -0.101682 -0.106602 -0.0403028 0.104842 0.169707 0.067483 0.282769 0.0877537 0.060252 -0.108427 -0.0222609 -0.162191 0.0535561 -0.113211
internal_weight=0 122744 79040.9 113390 58088.3 43703.5 38011.1 76694 36062.3 36696.3 45478.3 20952.6 38930 28735.9 28306.8 20893.7 31215.7 26012.9 15610.4 37211.2 19636.9 26595.8 24514 20877.1 20451.9 23707 17198.2 14231.2 5111.69 14658.4 7960.45 14237.7 16848.5 18273.3 13428.8 19853.2 13834.4 7908.1 5692.42 14465.5 1948.85 7386.97 6219.21 18053 7702.3 19612.4 7138.5 12763.8
internal_count=1275397 725672 567414 549725 469969 158258 130128 373202 122840 176523 219742 97445 188329 148350 140482 109571 153460 124377 51844 347372 90277 138926 127921 122597 70996 123606 80677 55448 17069 70798 28173 68804 93768 109226 65536 106844 79261 30159 28130 65448 7288 27400 22936 108012 21685 193844 24213 62561
is_linear=0
shrinkage=0.5


Tree=23
num_leaves=49
num_cat=0
split_feature=2 8 8 9 13 6 3 2 2 13 16 2 8 9 3 8 9 10 14 6 16 8 13 10 2 16 10 14 4 14 10 13 16 4 14 3 14 6 16 3 10 13 16 6 16 9 16 6
split_gain=1122.24 787.607 913.847 745.819 465.806 393.512 364.283 363.409 339.357 303.801 301.418 274.776 248.509 234.956 232.027 218.261 216.708 182.042 189.53 172.195 168.845 158.525 145.123 135.045 122.25 121.596 117.079 158.417 117.035 114.506 112.298 106.133 148.981 99.9558 99.8523 99.2733 93.161 93.0414 94.4088 94.2539 88.6686 88.3163 87.094 77.0671 76.6435 72.3699 71.1984 81.6028
threshold=-0.095094088464975343 -0.038033384829759591 0.082564644515514388 -0.0024283269885927434 -0.29016585648059839 0.051742406561970718 -0.059925615787506097 -0.2355341166257858 0.18413765728473666 0.56090533733367931 -1.4715384244918821 0.031490417197346694 -0.085289746522903429 -0.0050899265334010116 0.15092483162879947 0.021174027584493164 0.0028634886257350449 6.923370599746705 3.4418380260467534 -0.070714622735977159 -0.54803371429443348 0.1696804687380791 0.62538510560989391 6.3633384704589853 0.033432384952902801 -2.7306184768676753 3.1729606389999394 12.530106544494631 0.079162772744894042 2.4350724220275883 1.2188055515289309 -0.46878254413604731 -0.93982797861099232 -0.081893932074308382 10.227220535278322 -0.11812892556190489 4.5342826843261728 0.040296478196978576 -2.1640237569808956 0.053559472784399993 2.3549891710281377 0.85412579774856578 -2.3271954059600826 -0.038314819335937493 -0.26421590149402613 0.0064354627393186101 0.63529333472251903 -0.049088535830378525
decision_type=2 2 2 2 2 2 2 2 2 2 2 2 2 2 2 2 2 2 2 2 2 2 2 2 2 2 2 2 2 2 2 2 2 2 2 2 2 2 2 2 2 2 2 2 2 2 2 2
left_child=7 9 3 8 6 21 35 -1 13 12 -9 19 -2 -3 15 22 20 18 -12 -8 29 31 33 25 -14 -21 27 41 36 -13 -20 42 -33 -6 37 -5 -27 38 -35 -39 -38 -17 -4 -37 -15 -18 47 -22
right_child=1 2 5 4 14 -7 11 10 -10 -11 17 16 24 44 -16 26 45 -19 30 23 46 -23 -24 -25 -26 28 -28 -29 -30 -31 -32 32 -34 34 -36 43 40 39 -40 -41 -42 -43 -44 -45 -46 -47 -48 -49
leaf_value=-0.22551567548715207 -0.16091347845530002 -0.2058147981814786 -0.25843117664241777 -0.15911342596956335 -0.016921553287032078 -0.20097156202494126 -0.16403370782819465 -0.18025168797605609 0.17197414848871082 0.066471673890667313 -0.074995604371421901 -0.021298622907232685 -0.07047453566039466 -0.099012748535751691 -0.12882851582090982 0.036988457558073888 -0.0018831129430148372 -0.24276600313846028 0.069374742048214602 -0.098344355218566812 -0.027536125016260668 -0.13206298806212044 0.13497742829834755 -0.11696796990943994 -0.0087959586416883409 0.011067577424205902 -0.043972923538128983 0.29911295898690482 -0.10513308721695952 0.063224817576578565 -0.027552622383739941 0.0569496469876834 -0.046824705243976986 -0.0049985402032477911 0.16639020879729066 -0.13745628049008232 0.088538189520112762 0.041682723243323998 0.091208230822476061 -0.14951229388667955 0.0077089823873139618 0.14548044861152384 -0.054960274314804033 -0.01908186059119861 -0.023329874028627393 -0.13996958928409234 0.15468301071167601 0.096386634167190899
leaf_weight=3780.2192582921125 5350.0405196882784 2950.1727966135368 650.35752469301224 1968.7151438761503 2622.0720003806055 4298.0658366940916 1421.4634168278426 4515.0323866494 1481.0149844717234 5325.7118094414473 12430.806767784059 5738.6895709801465 19249.795842092484 5273.9980570459738 1427.5916696302593 25094.866441972554 4160.4587778178975 1062.8549166480079 5092.2276319302619 2129.5859879404306 1432.0101696364582 3481.0863433228806 14368.735317975283 1926.955382107757 13822.848533675075 25719.181095922366 3676.0274709835649 628.05882070213556 1681.6445740228519 13216.41346653644 7221.8740087542683 6840.6973459012806 6991.3649437446147 2725.9900702834129 3362.1424149423838 1620.1323078647256 9842.8657811675221 3877.2245814166963 37391.547229487449 771.70354264229536 5199.3945751618594 2031.0085598900914 2797.9692529402673 9173.7049722839147 9212.9351801481098 1231.1348826047033 4918.5222242865711 17279.677483029664
leaf_count=65378 18478 14661 6733 6069 7635 44279 4241 45470 6352 16513 59574 22208 64411 19197 4444 69285 16032 10207 26016 13345 4318 20628 45453 11543 47661 96317 7967 1855 7955 48704 37471 19720 18078 6725 9622 4744 34052 12086 111272 2265 18090 5986 16032 29432 32815 5320 18076 60682
internal_value=0 0.0165076 0.0273147 0.03738 0.0460809 -0.0632585 0.0235316 -0.0793019 -0.0576284 -0.0453895 -0.0610507 0.0340962 -0.0609088 -0.077167 0.0710834 0.0740458 0.0608458 -0.0401711 -0.0314395 0.00730423 0.0728064 -0.0347165 0.0905676 0.0125561 -0.0447119 0.0181694 0.0397966 0.0509111 0.0240294 0.0376091 0.0124913 -0.0150709 0.00446154 0.0779819 0.0831629 -0.0558084 0.0293728 0.0768974 0.0846585 0.00981226 0.060635 0.0451351 -0.0935438 -0.036907 -0.0509218 -0.0335271 0.101016 0.0868751
internal_weight=0 294364 250615 225556 206638 25059.5 108661 34103 18918.1 43748.4 30322.8 95898 38422.7 17437.1 97977 96549.4 47976.9 25807.8 24744.9 47921.1 42585.3 20761.5 65119.4 46499.6 33072.6 44572.7 31430 27753.9 42443.1 18955.1 12314.1 17280.4 13832.1 50750.7 48128.6 12762.6 40761.4 44766.5 40117.5 4648.93 15042.3 27125.9 3448.33 10793.8 14486.9 5391.59 23630.2 18711.7
internal_count=1275397 1031281 884218 758748 685723 125470 401128 244116 73025 147063 178738 360883 130550 66673 284595 280151 175340 133268 123061 185543 153988 81191 195058 181302 112072 169759 85093 77126 156414 70912 63487 60563 37798 149605 141970 40245 148459 132348 117997 14351 52142 75271 22765 34176 52012 21352 83076 65000
is_linear=0
shrinkage=0.5


Tree=24
num_leaves=49
num_cat=0
split_feature=16 3 10 14 8 8 8 14 6 10 3 3 8 16 4 3 6 9 0 8 6 9 4 14 14 10 9 6 16 3 7 6 5 16 4 10 5 7 9 0 9 9 9 6 12 9 5 14
split_gain=698.138 551.816 488.332 810.46 332.633 297.492 297.093 279.675 268.733 259.25 240.914 226.511 185.184 170.378 159.462 154.373 153.594 150.571 136.954 147.448 131.358 129.913 126.29 121.49 119.131 142.622 169.038 118.642 117.505 117.404 112.88 102.558 97.3501 111.381 116.881 103.41 98.4462 97.041 96.4342 95.6718 106.618 98.3027 95.4098 97.7404 133.073 99.2289 93.1793 91.1615
threshold=0.62302401661872875 0.2390277907252312 0.70170214772224437 4.2413377761840829 0.084827315062284483 -0.052675521001219743 0.20736087858676913 3.4094896316528325 0.0029758544405922298 -0.69454357028007496 -0.0130265518091619 -0.11812892556190489 -0.0056058340705931178 -0.59612569212913502 0.041140126064419753 -0.098182700574398027 0.064612321555614485 0.0022235002834349875 0.37392720580101019 0.021775508299469951 0.064612321555614485 -0.0024283269885927434 -0.09672933071851729 11.26000499725342 25.254186630249027 3.352825522422791 0.0034756656968966131 -0.070714622735977159 -2.0456340312957759 0.074200838804245009 0.011231626383960249 0.090160161256790175 -0.0024522556923329826 -0.69761237502098072 0.071813143789768233 -0.42123298346996302 0.067161027342081084 0.029973655939102176 0.00052692939061671506 0.64619591832160961 0.0011402442469261589 -0.0043211805168539277 -0.00063160769059322764 0.038202749565243728 1.1302279233932497 9.2273487098282217e-05 -0.026157404296100136 6.4372198581695566
decision_type=2 2 2 2 2 2 2 2 2 2 2 2 2 2 2 2 2 2 2 2 2 2 2 2 2 2 2 2 2 2 2 2 2 2 2 2 2 2 2 2 2 2 2 2 2 2 2 2
left_child=1 2 3 10 5 17 7 13 15 47 22 -7 20 -4 18 -9 32 -2 -10 -20 -11 -15 -1 39 25 26 27 -17 -16 -6 42 -30 -12 34 -34 -36 -35 -27 -23 40 41 -13 -21 -44 -45 -46 -24 -5
right_child=4 -3 6 9 29 11 -8 8 14 12 16 23 -14 21 28 24 -18 -19 19 30 -22 38 46 -25 -26 37 -28 -29 31 -31 -32 -33 33 36 35 -37 -38 -39 -40 -41 -42 -43 43 44 45 -47 -48 -49
leaf_value=0.25716338354301599 0.1087665113738014 -0.17692876183442013 0.021262323365444646 -0.16117220981546654 0.51814908659786785 0.22734433116388097 -0.22783471898543659 0.2002431608716792 0.082409867925352667 -0.0014888055176384481 0.015374889362001362 0.19130858742159068 -0.11885867726755039 0.069858213031986416 -0.18503298655427641 0.17792776175673566 -0.10679144039323668 0.81739929376639509 0.040458798444148153 -0.073589957082316623 -0.25475502303024339 -0.068695299593376599 0.090824758624076643 0.041297228950902841 -0.075732472857367408 0.11904939006282698 0.20004266269237431 0.034083682928032273 0.00063177058149524478 -0.11178503867529678 -0.093081421802919839 -0.16857828039962722 -0.016507309561264179 -0.095822167149650098 -0.10297289840897923 0.22170990710333491 0.035973234845372445 -0.04278105674503397 -0.002857743704116367 -0.23492260801861289 -0.015179698845294767 -0.19719603116401405 -0.0019989690835469924 -0.022136508593360311 0.42051343883242498 0.10812303043886617 0.021277614319749449 -0.3222450927271201
leaf_weight=653.20952373044565 348.59366217534989 4059.9340236042626 42376.041714751162 2453.5136998016387 268.2165900808759 375.04225619602948 1153.8158367816359 2124.9671131335199 9918.1048453310505 7424.1791617837735 23206.259692251682 168.79517739312723 11173.742134217639 2888.6350602465682 1216.5501316701993 1504.7865856159478 4270.1502753423993 95.496462732553482 21480.768722664565 2482.0811004252173 549.22795886732638 13992.816624785308 6005.6404516240582 648.52245098724961 1506.4464561832137 13672.560898274649 1758.7113694967702 30774.311664764304 7669.2065293053165 99.905446323100477 4340.0885168979876 1012.0052426666953 13529.55675852485 7824.847686601337 324.33636715542525 976.40941460430622 1723.4155250662006 988.43283062614501 9257.8644163012505 4482.9796200131532 1379.2296812490094 3457.1528126357589 3607.019506583456 722.5657900585793 488.87543222820386 541.88274652929977 24491.044624781236 1392.2213109717704
leaf_count=1899 5140 69257 99171 14396 2084 2630 24124 3460 26138 29825 86664 1667 54674 11312 9498 3336 35547 1211 98193 13828 5028 59114 20003 8043 4901 30932 5165 82500 33088 1779 37481 12250 41106 44630 1436 3009 9983 2837 37644 68862 15509 42168 13850 5484 2985 3890 78182 9484
internal_value=0 0.00606246 0.00870427 -0.0180889 -0.120518 -0.136269 0.0248915 0.0265684 0.0426842 -0.101157 0.00491652 -0.153241 -0.0773152 0.00167303 0.0177451 0.0681605 -0.0159542 0.263767 0.0307629 0.0155295 -0.0190269 -0.0300648 0.0396754 -0.167392 0.0625562 0.0668457 0.049058 0.0408102 -0.0395213 0.345996 -0.0283856 -0.0190533 -0.00779014 -0.0298615 -0.00270729 0.14035 -0.0719801 0.108103 -0.0425031 -0.181712 -0.133915 -0.178925 0.00736132 0.0449454 0.141753 0.257034 0.0349923 -0.219682
internal_weight=0 285536 281476 105998 11323.9 10955.8 175479 174325 105809 22992.9 83004.9 10511.7 19147.1 68515.4 53479.1 52330.2 51855 444.09 43581.4 33663.3 7973.41 26139.3 31149.9 10136.7 50205.2 48698.8 34037.8 32279.1 9897.76 368.122 12182.5 8681.21 47584.8 24378.6 14830.3 1300.75 9548.26 14661 23250.7 9488.16 5005.18 3625.95 7842.42 5360.34 1753.32 1030.76 30496.7 3845.74
internal_count=1275397 1126304 1057047 435866 149093 145230 621181 597057 389816 113407 322459 138879 89527 207241 256685 133131 222375 6351 201849 175711 34853 108070 100084 136249 129671 124770 91001 85836 54836 3863 77518 45338 186828 100164 45551 4445 54613 33769 96758 128206 59344 43835 40037 26209 12359 6875 98185 23880
is_linear=0
shrinkage=0.5


Tree=25
num_leaves=49
num_cat=0
split_feature=14 12 14 14 0 0 14 2 12 16 13 15 12 12 16 16 2 16 13 12 12 13 0 3 12 13 12 15 13 3 5 12 13 12 4 2 13 15 2 16 3 1 0 0 2 2 15 0
split_gain=2192.26 560.537 479.904 315.331 239.984 224.484 204.084 189.308 174.683 154.196 153.736 148.664 135.202 124.375 121.082 118.207 116.118 113.769 104.85 94.3131 87.3933 85.0028 77.8799 76.442 75.3792 74.3862 71.6583 70.9734 125.169 66.2439 64.8522 60.1435 59.499 58.6577 58.5655 58.217 57.5442 66.1361 54.7177 53.8009 61.1595 52.957 52.9464 49.3241 48.4057 49.3084 48.172 48.1468
threshold=9.4031214714050311 1.7221525311470034 5.5137534141540536 1.0432053208351137 0.75327795743942272 0.87448132038116466 14.223965644836428 -0.2355341166257858 1.6723495721817019 0.44449040293693548 0.59280502796173107 5.1140096187591562 1.3436499238014223 1.4452854394912722 -0.7494395077228545 0.24691640585660937 -0.27498798072338099 -0.11355269327759741 -0.43640594184398646 0.7421814799308778 1.7079936861991885 1.0000000180025095e-35 0.88988870382308971 0.056548053398728378 1.4569128751754763 0.51183557510375988 1.4452854394912722 5.2419064044952401 -0.25016865134239191 0.12171122059226037 -0.049679297953844063 0.83384251594543468 -0.89821577072143544 0.80071666836738598 0.068579252809286131 -0.028083267621695992 0.48060245811939245 5.2515408992767343 -0.086836781352758394 -1.7185065746307371 0.0050350488163530835 0.53315183520317089 0.11208467185497285 0.88114976882934581 -0.1606594771146774 0.068344954401254668 5.2026302814483651 0.71098634600639354
decision_type=2 2 2 2 2 2 2 2 2 2 2 2 2 2 2 2 2 2 2 2 2 2 2 2 2 2 2 2 2 2 2 2 2 2 2 2 2 2 2 2 2 2 2 2 2 2 2 2
left_child=1 2 3 22 17 7 13 -5 11 16 15 18 14 -2 31 24 -7 25 39 -18 -10 23 36 38 -6 26 -4 34 30 -11 -29 -13 -33 -32 -16 -21 37 44 42 -9 -41 -19 -14 -15 -1 -46 -23 -38
right_child=6 -3 4 5 10 9 -8 8 20 29 -12 12 21 43 27 -17 19 41 -20 35 -22 46 -24 -25 -26 -27 -28 28 -30 -31 33 32 -34 -35 -36 -37 47 -39 -40 40 -42 -43 -44 -45 45 -47 -48 -49
leaf_value=-0.057800713166820061 -0.16946146558257721 0.38505800851440175 -0.12079953546381768 -0.1426515171874565 -0.046694513942345278 -0.09806572835967739 -0.26521263620278718 -0.12084194054327957 -0.11782125942895022 0.071726477882603112 0.18589422545343406 0.043025035682676009 -0.15017547915725057 -0.079697869385546766 0.044030441306705477 0.07221074420805966 0.17375602243528451 -0.00075160441714418151 0.0069928656399463425 0.0074730866091730318 0.081418303500690153 0.043980508764213479 0.10922451961416907 0.0029675631098165915 0.045779062553193438 0.014024451352845297 -0.037326039976082297 -0.064154460916364231 -0.059445292265237044 0.15896657359040922 0.17526278392549322 -0.07361075242778109 -0.013383858690749229 0.033272335862666411 -0.028505136711429714 0.048219596422479839 -0.03117763555189048 0.1079423118759941 0.077724292789906169 3.2695633086245684e-05 -0.069747188790525882 -0.08678613724870185 0.033856999027458964 0.087909903410942333 0.068349172949504447 0.0088720645095708602 -0.01913218220441067 0.089601928661033975
leaf_weight=1009.3624635171145 7972.1696983014699 1028.0565505158156 11019.667194009759 2077.3034361558966 9531.0193670913577 1643.5052795587108 4709.3953805586789 2220.9575955243781 3778.6484738644212 6219.2968938834965 1179.7867528479546 3771.4303994700313 446.59176291339099 1817.1602253015153 29330.432737972587 4146.6337372502312 1230.6503049135208 7438.3857383020222 19187.588601050898 14016.0821328694 640.39895877987146 5244.8430774956942 7995.1861237045377 5453.2183865858242 2860.5257774880156 1541.6701095988974 3379.6235709190369 1572.3302721232176 6190.0794271659106 3380.9621803760529 797.15914966166019 5004.2627780791372 22903.477488370612 8508.439650349319 3065.1738316677511 23546.7469459204 3186.7302376888692 6151.706002689898 21698.177383805625 6014.544732067734 6536.8539013676345 2358.9107610825449 3062.2045338321477 575.31193320127204 14736.460354350507 4590.5296605080366 7125.0783312991261 1112.2949480637908
leaf_count=3241 83988 5080 49516 8452 73583 11612 100372 7340 9827 22564 6920 9919 902 10014 102631 22688 4254 32625 72802 60398 1861 17074 27004 16151 14587 8840 11209 3396 16342 14293 1988 18759 72364 21938 10658 90139 9302 14087 59549 20241 23460 9443 8283 6333 43866 13504 18485 3513
internal_value=0 0.0166531 0.0153745 0.0236994 -0.0331667 0.0161999 -0.178782 0.00728211 0.0092021 0.0455298 0.0115927 0.0119451 0.0199644 -0.13944 0.00794197 -0.000821765 0.031986 -0.0639972 -0.0173618 0.037511 -0.0888229 0.0426229 0.065196 0.0567405 -0.0253051 -0.0900668 -0.101246 0.0234031 -0.00266273 0.102516 0.0296059 -0.0161831 -0.0242036 0.0455071 0.0371512 0.0330295 0.0537427 0.062451 0.0683532 -0.0490279 -0.036272 -0.021524 0.0102552 -0.0391648 0.0486607 0.0542493 0.00758856 0
internal_weight=0 297933 296905 253449 43456.2 214666 15074 164629 162552 50037.2 17718 158133 124173 10364.6 81142.8 16538.2 40437 25738.3 33959.9 38793.5 4419.05 43030.1 38782.3 30660.2 12391.5 15941 14399.3 49463.6 17068 9600.26 10877.9 31679.2 27907.7 9305.6 32395.6 37562.8 30787.1 26488.1 25207 14772.4 12551.4 9797.3 3508.8 2392.47 20336.4 19327 12369.9 4299.03
internal_count=1275397 1074690 1069610 840199 229411 725682 200707 522422 513970 203260 117778 502282 378439 100335 257995 110858 166403 111633 123843 154791 11688 120444 114517 84885 88170 69565 60725 156953 43664 36857 27322 101042 91123 23926 113289 150537 87513 74698 68734 51041 43701 42068 9185 16347 60611 57370 35559 12815
is_linear=0
shrinkage=0.5


Tree=26
num_leaves=49
num_cat=0
split_feature=13 1 8 8 15 16 16 5 13 2 16 1 15 15 8 2 4 15 2 3 15 8 1 3 8 16 16 16 4 8 13 13 13 8 0 13 13 6 16 2 0 13 15 5 13 4 15 13
split_gain=2763.91 1291.49 1321.42 849.141 681.404 603.633 556.25 555.669 543.322 465.884 415.519 604.555 382.974 380.141 357.345 313.478 330.157 305.712 278.803 262.267 261.361 256.52 241.543 239.396 234.807 215.989 206.137 204.1 189.566 185.609 158.137 157.004 210.822 147.159 159.332 151.454 244.678 143.343 143.314 139.606 139.222 138.564 236.597 129.761 126.663 124.101 124.088 123.546
threshold=-0.2398864924907684 0.59808647632598888 0.040175603702664382 -0.057917932048439973 5.0976312160491952 -0.14859769493341443 -3.0636907815933223 0.070185344666242613 -0.69694721698760975 0.0086845867335796374 -1.1784296035766599 0.34912790358066564 5.228835105895997 5.2559640407562265 0.014522359706461431 0.1060091406106949 0.05900086276233197 5.1317222118377694 0.1060091406106949 0.02245980687439442 5.1661775112152108 -0.095082201063632951 0.68099504709243786 0.10882358998060228 0.18646121025085452 -2.7817513942718501 -2.0733330249786373 -3.6197788715362544 -0.041617443785071366 0.054340062662959106 -0.87577849626541127 -0.81394988298416127 -0.54538026452064503 0.13555392622947696 0.4114482998847962 -0.84021010994911183 -0.53749442100524891 0.096421621739864363 0.29212926328182226 -0.029059636406600472 0.49415257573127752 -0.70794048905372609 5.2382419109344491 0.14801935106515887 -0.79794466495513905 0.043655440211296088 5.1545770168304452 0.32286588847637182
decision_type=2 2 2 2 2 2 2 2 2 2 2 2 2 2 2 2 2 2 2 2 2 2 2 2 2 2 2 2 2 2 2 2 2 2 2 2 2 2 2 2 2 2 2 2 2 2 2 2
left_child=1 2 3 21 18 23 17 12 10 20 11 25 26 14 46 16 19 -2 45 -12 38 -1 -7 -3 31 -6 39 -19 43 47 -13 -11 -33 34 -22 -36 -37 -21 44 -8 -16 42 -23 -9 -4 -5 -10 -28
right_child=6 5 9 4 8 22 7 28 13 24 15 30 -14 -15 40 -17 -18 27 -20 37 33 41 -24 -25 -26 -27 29 -29 -30 -31 -32 32 -34 -35 35 36 -38 -39 -40 -41 -42 -43 -44 -45 -46 -47 -48 -49
leaf_value=0.31234273461771089 0.31089053404538747 0.50592915926145376 0.010590174366837896 0.051851173084229256 0.062955557206311186 0.025411469265208587 0.13095880930788228 0.10528906052019681 -0.065269567743844473 -0.056069161425038712 -0.13667467068749123 0.2237833701362438 -0.23779500973204851 -0.25781586547607466 -0.11025568026207654 -0.16494637560770264 0.080539688834814493 0.14060481579835074 -0.090066928288386458 -0.061230987166981089 0.00030974702055342347 0.084948549363763587 0.18252799511585027 0.23837034762221307 0.18834431047947692 -0.062183332747168182 -0.13238434899453241 -0.11138293102475612 -0.044696007832039371 -0.065380285437328781 0.05465464999694352 0.12397644041884388 -0.043542015778527704 0.24318336032856816 0.087807729616927885 0.29536834979377574 0.081136213666905252 0.040337913034870235 -0.16953134963244768 -0.078155130454492003 0.072438526486472851 -0.041990962433618439 0.43772294128693423 0.49481135342195481 0.13976209547333077 0.17353570840006269 -0.15918265947314739 -0.2138830949119909
leaf_weight=1372.9404260609299 874.81864172965288 1121.8909312738106 4366.1161925559863 12961.939980308991 4670.1043600533158 6379.2512005995959 1027.7202873118222 1191.7181180818006 5087.7833413681947 8107.3681395882741 9051.2146399379708 3487.1971558891237 11145.389019453898 4298.5755421300419 1455.056546965614 6882.3822140083648 4360.8671680102125 1261.3581153526902 3218.770375918597 11571.092216223478 2001.3314275424927 5917.7741957912222 3976.1754488945007 3358.5167921651155 1689.9924848405644 13142.963288526982 10024.57406886993 2207.7327462360263 2932.1311014303938 5435.6806665812619 2305.4964337777346 3943.2203710088506 3578.9820412569679 3739.979130987078 4635.703535925597 3365.864934370853 2220.3452129103243 4956.8656427562237 696.72727114520967 3546.1168159209192 3665.6255217953585 1839.1870657685213 516.98343615047634 261.52878632349893 3368.8120742663741 2505.6464426629245 11566.838402517606 8776.8815135853365
leaf_count=6365 2827 5419 25587 68781 14188 31897 3927 7666 30610 34016 55698 16192 91233 25593 10491 32153 20078 3593 16431 49407 7832 25478 19498 20933 11507 43636 115550 5657 23297 35142 8296 16699 16034 29070 23140 15763 8478 21811 3625 14297 19647 9855 2535 1283 15146 12556 76790 119690
internal_value=0 0.011233 -0.00212591 -0.0298156 -0.04284 0.152222 -0.123762 -0.140492 -0.0615464 0.0740878 -0.035504 0.0162622 -0.159037 -0.121879 -0.0950104 -0.0687029 -0.0465577 0.0468968 0.043727 -0.0682477 0.118612 0.112138 0.0857996 0.305576 0.0113432 -0.0293455 -0.128545 -0.0196022 0.0283567 -0.146922 0.156577 -0.00777442 0.0442113 0.156237 0.129575 0.154832 0.210337 -0.0307388 0.0473082 -0.0310405 0.0204164 0.0788227 0.113433 0.176024 0.0669242 0.0716055 -0.130529 -0.170465
internal_weight=0 171386 156550 114835 105188 14835.8 48685.6 44341.7 86502.1 41714.4 60428.2 23605.8 39956.4 26073.9 21775.3 36822.4 29940 4343.91 18686.4 25579.2 24394.9 9646.89 10355.4 4480.41 17319.6 17813.1 28811 3469.09 4385.38 24237.1 5792.69 15629.6 7522.2 15963.2 12223.2 10221.9 5586.21 16528 8431.66 4573.84 5120.68 8273.94 6434.76 1453.25 7734.93 15467.6 16654.6 18801.5
internal_count=1275397 851235 773488 566591 522358 77747 424162 412085 424590 206897 261459 82312 379839 163131 137538 179147 146994 12077 97768 126916 128641 44233 51395 26352 78256 57824 288606 9250 32246 270382 24488 66749 32733 84283 55213 47381 24241 71218 44358 18224 30138 37868 28013 8949 40733 81337 107400 235240
is_linear=0
shrinkage=0.5


Tree=27
num_leaves=49
num_cat=0
split_feature=15 1 16 15 8 10 16 16 7 7 1 1 1 14 10 8 8 16 8 9 16 7 7 15 15 16 8 8 8 1 8 7 14 15 10 5 8 15 1 7 1 16 9 14 10 14 15 7
split_gain=1045.61 922.244 652.17 613.575 401.747 319.697 267.351 266.344 242.19 275.911 230.252 222.115 202.457 151.029 154.413 150.426 139.102 134.963 171.545 125.455 120.537 115.759 118.786 114.044 114.033 106.805 122.768 106.773 121.195 106.291 101.04 95.6712 93.2148 94.841 93.7466 87.7146 86.5704 78.5193 75.5027 72.9047 71.4925 70.3006 69.6992 68.9595 65.4492 61.967 60.254 59.9636
threshold=5.1523950099945077 0.40240086615085607 -1.3793957233428953 5.2559640407562265 -0.034964907914400094 3.1729606389999394 -0.54803371429443348 0.65979543328285228 0.038360565900802619 -0.036607576534152024 0.61828401684761058 0.6029551923274995 0.56760942935943615 4.2413377761840829 1.0459353327751162 0.065796330571174635 -0.10363097488880156 -0.52397817373275746 0.034230822697281844 0.0053382408805191526 -2.5965871810913081 -0.04569361358880996 0.039327120408415801 5.2366836071014413 5.2327513694763192 0.12162919342517854 0.047171361744403846 -0.049205031245946877 0.023550774902105335 0.31266595423221594 0.022927718237042431 -0.038855431601405137 8.1860246658325213 5.0948016643524179 5.7249386310577401 0.045284211635589607 -0.08961204811930655 5.2335526943206796 0.47983156144618994 0.09411108493804933 0.59808647632598888 -0.36858433485031122 -0.0021193944849073883 1.2857328653335574 6.923370599746705 3.6031150817871098 5.2833597660064706 0.025891928933560852
decision_type=2 2 2 2 2 2 2 2 2 2 2 2 2 2 2 2 2 2 2 2 2 2 2 2 2 2 2 2 2 2 2 2 2 2 2 2 2 2 2 2 2 2 2 2 2 2 2 2
left_child=2 4 20 6 23 8 38 12 9 -6 15 19 25 17 37 16 -4 43 42 27 -1 -18 32 36 30 26 -5 -8 31 -22 -7 -29 33 -23 -34 -24 -2 -15 -3 -10 -9 -12 -19 -11 -26 -25 -16 -17
right_child=1 3 10 7 5 24 11 40 39 13 41 -13 -14 14 46 47 21 18 -20 -21 29 22 35 45 44 -27 -28 28 -30 -31 -32 -33 34 -35 -36 -37 -38 -39 -40 -41 -42 -43 -44 -45 -46 -47 -48 -49
leaf_value=-0.11313796610185192 -0.15848816307228239 -0.068738406024140039 -0.1479088380808927 -0.1856764524082965 -0.050048402633518861 0.051564783454699066 -0.087283197386039735 0.038644473999634173 -0.031048091222342106 -0.02892303674691072 -0.2475389720062669 -0.11367817869937182 -0.27632535322369817 0.085624370704960331 0.051600323066476619 0.017564075712381517 -0.0085983080851904942 -0.080651362815482033 -0.031426685841154885 -0.13077084731996161 0.013978455416970294 0.09921085987876177 0.047664286335089727 -0.15728862436478241 -0.066407784009775608 -0.067285869836312823 -0.057110181196317056 -0.10909506812823852 -0.035698845072911933 -0.063952335667537816 -0.069975911213095654 0.036706302673646996 0.15918344376902785 0.058754746977422286 0.025603082803708401 -0.087639852286039557 -0.01495449643477857 0.16730358205786275 -0.1502498556613989 -0.17466554702637116 -0.16545696776481419 -0.027307252960385775 0.0979624825337084 0.026136855305208987 -0.1800492042318701 -0.060485196438340993 -0.12948641317069934 -0.10543052256733929
leaf_weight=3870.8736949320883 1159.5534357912838 9290.6596562308259 696.69018869940192 8603.9135798313655 7670.863621362485 3807.4499128265306 2905.9788612816483 2596.4889201661572 7493.8188358703628 7381.476494114846 396.92778027011082 4923.2340154252015 2835.1632651090622 6723.2611299869604 15003.792160749901 4485.9775880770758 3825.414242062252 564.28322325088084 3538.1700184224173 1783.7246585832909 11337.894909282215 30396.47346280748 6120.0682123210281 3375.8875488322228 5392.0178742972203 4664.5565609913319 2384.7638695272617 1176.0182143980637 9573.2692869603634 7116.6863669105805 3101.7192105175927 24826.559590819757 7268.7086556479335 27868.542286583222 1614.8754097269848 1486.489138414152 11238.202891494613 5295.498753757216 4123.2727584606037 1003.9007959845476 512.77640234399587 4182.1446177088656 14161.603915263433 24673.862436190248 1668.5608127969317 3287.8729716921225 471.44095065118745 1269.8202334009111
leaf_count=26305 4366 38801 2399 23682 26955 14714 10431 8708 33993 25637 5532 30157 12020 24052 46691 20508 16098 1836 11368 8183 44776 118210 28813 10632 20436 12915 11093 4670 37112 38639 21634 92315 30417 104541 9106 10216 39771 18529 30242 10006 2129 25679 48018 82337 11513 9486 1003 8723
internal_value=0 -0.0164355 0.0435369 -0.0584139 0.0100674 0.0218873 -0.0318518 -0.130459 0.032381 0.0403869 0.062588 -0.0134382 -0.153229 0.049309 0.0791221 0.0684719 0.074139 0.0330083 0.0673192 -0.00116697 -0.0329093 0.0761159 0.0804577 -0.0568437 -0.0486714 -0.130885 -0.157828 0.00483073 0.0123713 -0.0160489 -0.00292811 0.030089 0.0871683 0.0798704 0.134963 0.0211491 -0.0284311 0.121665 -0.0938406 -0.0480921 0.00478117 -0.0465566 0.0910792 0.0134419 -0.0933561 -0.109617 0.0460433 -0.00949723
internal_weight=0 207214 111938 80200.4 127013 107952 58602.7 21597.7 93982 85484.3 89612.1 45188.8 18488.4 77813.4 27494 85033.1 79277.3 50319.4 18264.1 40265.6 22325.5 78580.6 74755.2 19061.5 13969.7 15653.2 10988.7 38481.8 35575.8 18454.6 6909.17 26002.6 67148.6 58265 8883.58 7606.56 12397.8 12018.8 13413.9 8497.72 3109.27 4579.07 14725.9 32055.3 7060.58 6663.76 15475.2 5755.8
internal_count=1275397 785435 489962 322458 462977 398722 251911 70547 330425 286426 380242 182868 59710 259471 90275 349031 319800 169196 61222 152711 109720 317401 301303 64255 68297 47690 34775 144528 134097 83415 36348 96985 262274 222751 39523 39029 44137 42581 69043 43999 10837 31211 49854 107974 31949 20118 47694 29231
is_linear=0
shrinkage=0.5


Tree=28
num_leaves=49
num_cat=0
split_feature=15 15 13 3 10 6 10 15 3 5 15 15 3 13 3 7 12 6 15 10 13 11 0 4 3 14 15 13 3 6 0 4 3 5 6 13 14 11 6 15 3 6 7 10 14 7 6 3
split_gain=1741.48 540.743 364.611 353.624 318.125 270.898 250.571 242.973 237.124 219.715 185.644 176.755 174.573 145.235 142.042 136.589 136.204 127.392 132.358 125.141 119.494 118.447 116.977 115.956 115.062 113.757 110.105 97.7523 100.939 96.9052 104.098 95.6653 94.7067 89.504 89.1328 88.4565 88.4371 88.3975 86.1553 88.4611 86.0104 77.814 80.9228 75.785 75.2576 75.7525 90.5544 74.5835
threshold=5.1534996032714853 5.2845277786254892 -0.65704333782196034 0.082128494977951064 4.0627160072326669 -0.066014245152473436 -1.2260200977325437 5.2530291080474862 0.020468895323574546 -0.040381379425525658 5.0976312160491952 5.2193739414215097 0.092478070408105864 -0.80207666754722584 -0.079753044992685304 0.026427712291479114 1.6723495721817019 0.075873460620641722 5.0781826972961435 3.7094899415969853 -0.9376978576183318 0.65417078137397777 0.24958806484937671 0.13215188682079318 0.26942016184329992 2.7677760124206547 5.0400974750518808 0.78076148033142101 -0.069640744477510438 0.094320893287658705 0.85009184479713451 -0.0071373600512742988 0.2390277907252312 -0.036485331133007996 0.03751103766262532 0.19560264796018603 27.162702560424808 1.3596410751342776 0.041002873331308372 5.0439805984497079 0.10882358998060228 -0.040841691195964806 0.014947837218642237 -1.5843983888626096 0.69923567771911632 0.003987732809036971 0.039566848427057273 -0.018170941621065136
decision_type=2 2 2 2 2 2 2 2 2 2 2 2 2 2 2 2 2 2 2 2 2 2 2 2 2 2 2 2 2 2 2 2 2 2 2 2 2 2 2 2 2 2 2 2 2 2 2 2
left_child=3 2 8 10 5 -4 25 16 22 -9 13 15 14 38 -11 32 23 18 -5 27 24 -18 -2 40 29 47 -15 28 -12 30 -13 34 36 -21 -24 37 -10 -28 -1 -40 -8 -6 -43 -30 -20 46 -46 -7
right_child=1 -3 4 17 41 6 7 9 11 12 19 20 -14 26 -16 -17 21 -19 44 33 -22 -23 31 -25 -26 -27 35 -29 43 -31 -32 -33 -34 -35 -36 -37 -38 -39 39 -41 -42 42 -44 -45 45 -47 -48 -49
leaf_value=0.013718756099144308 0.050434512192663261 0.15492665824692595 0.18354982911161299 -0.23537101380874134 0.27024480522137212 0.078472699775155391 -0.0029490084079275315 0.13754086872892268 -0.04983788343821581 0.14821053389509389 0.063208524658205159 -0.07058324409160685 0.16655703010191372 -0.17037347328607752 0.020382457626628953 -0.2113038391341063 0.20074948751700422 -0.33796176851913956 0.19773611146802808 0.20381426116484558 0.0031726721625830526 -0.13519988702817337 0.0038108016309244368 0.29794014299724297 -0.26133996167155782 -0.2152657362537424 -0.071120302582492231 -0.20589087707863041 0.15887161266485247 -0.18322243183087045 0.059972167201181766 -0.026073203690461698 -0.28279574285679049 0.011033052597945469 0.091496890824281391 -0.15984712720691563 -0.4129659273651568 0.24742588211954064 0.027089995536677833 -0.24252853576964156 0.09905787015824126 0.12290619374532594 0.011709829722851417 -0.056263105771991506 -0.029278152415361997 -0.19687117785661337 -0.32640961604210028 -0.10490678455054829
leaf_weight=4033.9215940057766 14379.60549804708 6933.0734322268981 2557.9997714934871 2826.2838901288342 726.08106785640121 865.45947607140988 66712.607277647126 6468.301586677786 10226.550414484926 2327.2053383924067 2092.9021915532649 4546.8263321216218 2461.2648411206901 6192.0466619348153 33060.673988607712 1904.2854748426471 1477.1059105973691 1034.5062465367373 204.14926088717766 763.62618019036017 20903.508645559428 316.40693834261037 11007.942120006308 327.59532676730305 697.48508455906995 1474.8421426923014 8928.6050815996714 940.31192696630023 415.69165191054344 1158.280777920736 2294.0523576044943 19719.549544296227 481.50735411955975 2863.8628284488805 3939.2932280853856 3222.7577419290319 169.92658934276551 221.61893120687455 499.17438611201942 765.10697940480895 2131.5201840577647 8100.071040578885 2063.3118979113642 20257.396818212699 2465.0014409339055 1630.9805201024283 286.08103484730236 1530.4394442620687
leaf_count=18950 30365 10445 6536 45305 1038 3070 239982 9943 62340 3166 10394 15117 5160 55150 59948 29981 5105 37234 1987 3818 74429 1727 25909 1411 11570 8572 65737 8727 3614 16285 14429 65846 14348 14030 16371 33995 2037 1240 5990 10077 14142 17049 6867 123129 26451 23204 5935 7242
internal_value=0 0.0174043 0.0131454 -0.0784305 0.0298958 0.0225647 0.019103 0.0233083 -0.0111425 0.0523562 -0.0627746 -0.0385372 0.0377819 -0.0950097 0.0288069 -0.0876811 0.0051605 -0.173242 -0.150144 -0.0346118 -0.0172962 0.141161 0.0125201 0.001625 -0.0665478 -0.105989 -0.115853 -0.0478568 -0.0412987 -0.0494699 -0.0267267 -0.00319318 -0.0659765 0.0517984 0.0269582 -0.0885166 -0.0558603 -0.0633243 -0.021871 -0.135743 0.000203412 0.11178 0.100384 -0.0519055 -0.0974732 -0.111382 -0.0604655 -0.0384518
internal_weight=0 230963 224030 59644 132601 121711 119153 115283 91428.8 44317.4 51197 42382.4 37849.1 23863.2 35387.9 12782.3 70965.2 8447 7412.5 27333.8 29600.2 1793.51 49046.4 69171.7 8696.64 3870.74 18565 23706.3 22766 7999.16 6840.88 34666.8 10878 3627.49 14947.2 12373 10396.5 9150.22 5298.2 1264.28 68844.1 10889.5 10163.4 20673.1 4586.21 4382.06 2751.08 2395.9
internal_count=1275397 780430 769985 494967 390958 366004 359468 340584 379027 78217 354851 240536 68274 191139 63114 108706 262367 140116 102882 163712 131830 6832 138491 255535 57401 18884 156122 145864 137137 45831 29546 108126 78725 17848 42280 100972 64377 66977 35017 16067 254124 24954 23916 126743 57577 55590 32386 10312
is_linear=0
shrinkage=0.5


Tree=29
num_leaves=49
num_cat=0
split_feature=14 11 11 11 16 11 0 3 6 14 11 13 14 15 16 2 13 13 15 15 15 3 2 6 14 14 15 11 13 13 0 1 5 14 3 14 15 16 3 6 13 15 14 1 0 13 15 0
split_gain=1063.73 557.376 408.458 260.214 193.498 189.761 163.283 162.318 135.702 133.367 129.054 113.476 149.18 94.9739 93.936 88.1741 82.0923 79.0527 79.5352 69.0722 68.4599 66.5224 64.641 64.134 57.5384 55.7108 54.8693 53.3666 62.643 51.301 51.1863 50.5581 49.2986 47.6303 45.5799 44.3523 43.4276 43.4378 42.5265 51.1244 42.4802 42.1647 58.5088 48.0329 40.9824 40.7309 40.5903 40.2883
threshold=10.41734027862549 1.3001377582550051 1.3763592243194582 1.0350388884544375 0.011164844036102297 0.3178695440292359 0.65539327263832103 0.04819184914231301 0.02069618180394173 3.8882930278778081 0.90237736701965343 -0.29016585648059839 3.1941297054290776 5.2312119007110605 -0.95446875691413868 -0.06210078485310077 0.20908053219318393 -0.39245088398456568 5.2218008041381845 5.0717570781707773 5.2589197158813485 0.16386110335588458 -0.0082676401361823065 -0.018551293760538098 1.6911496520042422 17.794141769409183 5.2248475551605233 1.1723189353942873 -0.44475483894348139 -0.90587952733039845 0.42992584407329565 0.16562481224536899 0.0032980454852804546 6.651961326599122 0.1029924899339676 17.144672393798832 5.228835105895997 -1.1009741425514219 0.023105139844119552 -0.038314819335937493 0.25044073164463049 5.2666351795196542 2.535369992256165 0.11101743951439859 0.91933324933052074 -0.69129458069801319 5.2634766101837167 0.3098729550838471
decision_type=2 2 2 2 2 2 2 2 2 2 2 2 2 2 2 2 2 2 2 2 2 2 2 2 2 2 2 2 2 2 2 2 2 2 2 2 2 2 2 2 2 2 2 2 2 2 2 2
left_child=1 3 14 5 9 -1 7 11 31 15 25 12 20 27 -3 32 33 -16 -19 -10 38 -9 47 -14 -24 -2 -13 -6 -29 -17 -31 -8 45 -11 41 -12 37 -32 39 -7 -36 43 44 -21 -43 -5 -18 -22
right_child=10 2 -4 4 13 6 8 21 19 16 35 26 23 -15 17 29 46 18 -20 34 22 -23 24 -25 -26 -27 -28 28 -30 30 36 -33 -34 -35 40 -37 -38 -39 -40 -41 -42 42 -44 -45 -46 -47 -48 -49
leaf_value=-0.10409114236388994 -0.064897045297375999 -0.1377063568300749 0.22059212835106726 -0.1227867539641609 0.021800246172582107 0.12258219943025558 0.11289845518184422 -0.025986297400270707 0.016697441182819524 -0.051087131599369041 -0.18439239437256952 0.018528267349904311 0.051405915101879203 -0.01401686953958085 -0.093870663981437702 -0.037828250225643435 0.039948227359003045 0.029749774772348136 -0.10098732159427064 0.15898181412380225 -0.0010880917065234799 -0.18604991950363525 0.23911310843423098 -0.014447736804758516 0.099788329804440565 -0.21050448659808363 -0.023085619504414977 0.032511463631867028 0.10586478192713618 -0.01247324945667788 0.013512674259233349 0.024849208249743876 -0.0090409098770956129 -0.11161134698884403 0.092754987439036596 -0.29450645952698473 -0.0020833402483155261 0.073783902415659824 -0.0048284018861276881 0.049600934031047365 0.20460216114970337 0.25053364535954009 0.052508358311137503 0.050857013964964212 0.074320403625475831 -0.030894183505580427 -0.13369468703275314 0.11827985873220331
leaf_weight=2611.9790557133965 3459.0162301925011 5931.2961110325996 1154.5584954228252 2689.7509744241834 12350.900057323277 2842.9192243721336 1695.7292836690322 12550.915230648592 5832.08207083866 10650.721195508726 3957.0921608617064 22879.595447039232 5340.9567566011101 9595.8888029353693 7653.8519691494294 5169.8401479618624 2770.5214412319474 3470.8172359196469 1746.7418405311182 1083.6417714529671 1406.5649654865265 685.05634568538517 1390.031692635268 11992.569839187432 1630.6151995062828 817.17317834636196 12109.135291315615 5884.1793545498513 5811.2355245957151 10048.327411859296 5117.4118704088032 44247.985794282053 4563.5703434986062 4719.5651301417965 10135.48668634193 1224.0135321607813 6264.7592412810773 7268.210518207401 2835.0524327345192 15868.640728984028 936.27845293283463 974.78932184912264 1634.2492022179067 21349.34592590807 514.33642824180424 2218.6156672406942 381.27176922280341 1403.4932741448283
leaf_count=8849 37731 42511 5047 9263 46628 8102 6045 38752 25413 53608 63555 78923 15465 30468 39723 18453 17327 21979 7118 5905 2440 2086 3233 37624 3432 23484 30857 25471 27594 29190 17315 145000 17947 38254 50061 45594 16481 25288 8057 44173 3235 2687 5817 77534 1244 6015 1476 2943
internal_value=0 0.0128879 -0.0678309 0.0186544 -0.00251548 0.0296482 0.0315778 0.0169359 0.0469643 -0.019117 -0.157416 0.0254551 0.0421459 0.0279968 -0.0855786 -0.00392743 -0.0546305 -0.0615098 -0.0139337 0.06735 0.0651279 -0.0343219 0.113264 0.00581661 0.164126 -0.092882 0.00411172 0.0447834 0.0690081 0.00798679 0.0162584 0.0281123 -0.0465779 -0.0697101 0.0754008 -0.210555 0.031765 0.0489249 0.0520739 0.0607219 0.102276 0.0637345 0.118306 0.0561092 0.190097 -0.0813673 0.0187483 0.0583736
internal_weight=0 299413 19957.3 279456 95504.8 183951 181339 92935.5 88403.9 61862.6 9457.3 79699.6 44710.8 33642.2 18802.7 43340.5 18522.1 12871.4 5217.56 42460.2 27377.3 13236 5830.71 17333.5 3020.65 4276.19 34988.7 24046.3 11695.4 33868.5 28698.7 45943.7 9471.94 15370.3 36628.1 5181.11 18650.4 12385.6 21546.6 18711.6 11071.8 25556.4 3123.37 22433 1489.13 4908.37 3151.79 2810.06
internal_count=1275397 1105033 116378 988655 380778 607877 599028 276087 322941 250617 170364 235249 125469 130161 111331 139952 110665 68820 29097 171896 72380 40838 12048 53089 6665 61215 109780 99693 53065 106727 88274 151045 33225 91862 146483 109149 59084 42603 60332 52275 53296 93187 9748 83439 3931 15278 18803 5383
is_linear=0
shrinkage=0.5


Tree=30
num_leaves=49
num_cat=0
split_feature=2 6 11 16 14 11 2 4 3 14 2 4 0 2 3 16 9 16 9 9 16 7 9 4 9 6 3 9 0 11 2 16 16 16 7 6 3 4 14 9 14 6 4 2 6 4 2 6
split_gain=1081.64 532.86 530.095 285.083 266.023 261.958 229.908 233.364 215.46 193.416 179.132 224.497 163.804 158.033 152 146.02 140.341 134.953 136.223 134.398 128.388 121.776 117.493 114.802 113.18 104.993 102.744 102.69 102.482 103.011 101.344 96.1847 95.69 95.4247 90.0372 86.1619 85.1548 85.1464 83.2857 82.406 77.1919 76.7412 75.9034 122.73 74.5848 74.567 72.6911 72.2729
threshold=-0.018713367171585556 0.0029758544405922298 1.1862304806709292 -1.8604809045791624 12.530106544494631 1.1862304806709292 -0.26310312747955317 0.064086522907018675 -1.0000000180025095e-35 5.7393896579742441 0.17800278961658481 0.10637795552611352 0.23590569198131564 -0.25329650938510889 1.0000000180025095e-35 -1.2608538866043089 -0.0023181409342214461 -2.3271954059600826 -0.0015502552851103244 -0.0038005256792530413 -2.104543805122375 -0.044104686006903641 0.0025526309618726377 0.037958340719342239 -0.0033982314635068174 0.088199958205223097 0.016574009321630005 0.00062478962354362022 0.4114482998847962 1.3099997043609621 0.17800278961658481 -3.4269832372665401 -0.022864630445837971 -0.72321221232414235 0.072584718465805068 0.090160161256790175 0.037438988685607917 0.051130563020706184 1.3548020720481875 -0.0011248468072153626 2.0519478321075444 0.046449072659015662 0.033483019098639495 0.17800278961658481 0.0066099094692617663 0.068579252809286131 -0.063546489924192415 0.1973560452461243
decision_type=2 2 2 2 2 2 2 2 2 2 2 2 2 2 2 2 2 2 2 2 2 2 2 2 2 2 2 2 2 2 2 2 2 2 2 2 2 2 2 2 2 2 2 2 2 2 2 2
left_child=2 3 4 31 6 8 -1 12 40 26 11 14 -8 -4 -10 23 -16 -14 32 -17 37 -21 25 39 30 34 -5 47 -23 -30 -22 -2 -19 44 -20 42 -35 -7 -31 -15 -3 -6 -26 -44 -9 -33 -41 -18
right_child=1 5 13 9 41 20 7 33 10 -11 -12 -13 17 15 16 19 27 18 22 21 24 28 -24 -25 35 -27 -28 -29 29 38 -32 45 -34 36 -36 -37 -38 -39 -40 46 -42 -43 43 -45 -46 -47 -48 -49
leaf_value=0.093150033447315359 0.069924440296146514 -0.15896956228689405 0.20293858803281117 -0.19194831373004084 0.062654408533958206 0.07447851114941563 -0.11749253971365715 0.055663355334253213 0.17525184006217945 -0.062904116312193739 -0.10638761940808837 0.14127156900677409 0.049748493470123903 0.20437306900832386 0.066527051112331134 0.19002848793442656 -0.068296595796107348 0.066051241732054733 -0.082380005211452306 0.19864558513869943 0.20210642174371621 -0.067938314846145417 0.030162261430839419 0.23136542867821949 -0.053456004606091782 0.0012057778635150922 -0.11583616916167523 0.012950541593013228 0.0050665354905617974 -0.083176754984003731 -0.13300382030573082 -0.061376955866683465 -0.038514787615413618 -0.044600160653271173 0.16685416037156883 0.055291064843086962 0.1322983292472629 0.29321898923479767 0.12987807605818052 0.12037381424688394 -0.072176824907327658 0.18282459997109687 0.074541668099941019 -0.11840219079901898 0.24659741019522652 0.093515464220843503 0.018731476178810099 0.076333353282635324
leaf_weight=4996.5296771069989 2043.9515671692789 3379.1996426966507 2464.7147715985775 8307.5206924350932 4911.4600265808403 4035.8660706207156 4769.6639676874038 903.68637821590528 980.50316424388438 9550.8884298852645 5126.4998565628193 2403.0731982821599 5998.1560934158042 1395.1511093582958 3618.6194088677876 1420.1409333935007 15698.559385739965 5283.6610077577643 19131.95242294413 996.43836246524006 1188.6752527086064 2804.9933578367345 4153.5947004486807 1836.0750392191112 8674.4863436697051 5370.9630263084546 9646.0471537709236 6695.9869235141668 8027.2472012010403 522.53954744199291 275.79205521568656 9492.1808327361941 3726.7216745705809 1734.7972006113268 367.16270248312503 4302.2342625875026 1115.7055700607598 501.85336005315185 3574.4070623584557 3638.0947576854378 10813.517209881451 1833.6463571665809 3341.8109362032264 1091.6576463878155 1204.0431953929365 842.98587144166231 3431.5169041403569 910.02668876573443
leaf_count=25890 5769 30552 19174 115318 23464 16927 37427 3879 6426 61200 24121 13047 22659 7645 19613 7456 97005 27131 125688 4785 6161 18400 22911 8001 54666 23050 84210 44191 40870 2492 1155 33276 22074 12638 1980 19371 5571 3448 18196 17066 71949 18806 19483 4362 5738 3280 12552 4324
internal_value=0 -0.0456426 0.0266247 -0.0921254 0.00137444 -0.0202523 -0.00941454 -0.0189579 -0.040823 -0.12049 -0.0199529 -0.00531267 -0.0294662 0.0815335 -0.0179591 0.0706851 -0.0250203 -0.0199172 -0.030918 0.0426336 0.023329 0.0294474 -0.0475958 0.117864 0.0051445 -0.0606032 -0.151092 -0.0392591 0.0181084 0.0380609 0.138609 -0.0290583 0.0227475 0.0843558 -0.077653 -0.00606052 0.0244858 0.0988398 0.102569 0.0931615 -0.0928866 0.0954189 -0.0262379 0.0269042 0.165037 -0.048687 0.071118 -0.0603377
internal_weight=0 112922 95613.1 39883.6 65501.7 73038.4 58756.6 53760.1 49626 27504.5 35433.3 30306.8 48801.9 30111.3 27903.7 27646.6 26923.2 44032.2 38034.1 17345.8 23412.4 15925.6 29023.7 10300.8 18874.7 24870.1 17953.6 23304.6 14929.2 12124.2 1464.47 12379.1 9010.38 4958.23 19499.1 17410.2 2850.5 4537.72 4096.95 8464.76 14192.7 6745.11 13108 4433.47 2107.73 10335.2 7069.61 16608.6
internal_count=1275397 739854 535543 303053 378906 436801 336636 310746 311228 260728 208727 184606 282920 156637 171559 137463 165133 245493 222834 92199 125573 84743 173629 45264 105198 150718 199528 145520 79958 61558 7316 42325 49205 27826 127668 97882 18209 20375 20688 37263 102501 42270 78511 23845 9617 36556 29618 101329
is_linear=0
shrinkage=0.5


Tree=31
num_leaves=49
num_cat=0
split_feature=15 2 2 6 2 16 9 8 9 9 6 6 15 6 0 6 6 0 2 8 8 9 2 7 7 2 8 4 12 11 6 8 8 9 0 9 2 9 16 11 11 8 8 0 11 16 8 15
split_gain=531.793 416.651 323.207 283.91 270.486 242.067 214.24 203.916 186.569 184.462 157.674 148.345 145.901 129.524 126.027 118.911 114.518 108.952 107.834 105.431 101.888 100.487 96.1192 95.8737 95.6123 87.9804 81.3017 76.1797 68.2344 95.1272 63.9583 62.3202 62.0941 60.9379 60.5309 58.79 57.8723 56.7171 56.0872 54.9628 57.0124 53.4051 53.2142 51.4528 51.2321 50.9377 48.5191 46.8138
threshold=5.2530291080474862 1.0000000180025095e-35 -0.07264064252376555 0.098784822970628752 0.28860852122306829 -1.2435705661773679 -0.0035174489021301265 -0.017409510910511013 -0.001901785552036017 0.0045995733235031375 0.03751103766262532 -0.037012517452239983 5.1243350505828866 0.034261280670762069 0.8365391492843629 -0.070714622735977159 -0.070714622735977159 0.81440684199333202 0.11872297525405885 -0.081459458917379365 -0.029527684673666951 0.0034756656968966131 -0.15300346910953519 -0.051976928487420075 -0.065249837934970842 -1.0000000180025095e-35 -0.056560235098004334 0.05900086276233197 1.115588426589966 1.3176547288894656 -0.040841691195964806 0.078368589282035842 0.020576151087880138 0.0026265173219144349 0.59459450840950023 -0.0063972773496061555 -0.14946816116571424 -0.00064771744655445207 -1.0259085893630979 1.3385276198387148 0.82038539648056041 0.15039560198783877 0.021775508299469951 0.8790625035762788 1.1416780948638918 -0.47521393001079554 -0.020820530131459233 5.2296073436737069
decision_type=2 2 2 2 2 2 2 2 2 2 2 2 2 2 2 2 2 2 2 2 2 2 2 2 2 2 2 2 2 2 2 2 2 2 2 2 2 2 2 2 2 2 2 2 2 2 2 2
left_child=1 3 36 5 12 22 35 30 -9 15 11 -10 18 16 38 -8 -14 -15 31 -17 33 23 -1 -13 -21 26 -24 -6 -26 47 -4 -3 -19 -18 -28 -7 -2 -29 -5 40 -25 -36 -22 -12 -32 -16 -38 -30
right_child=2 4 7 14 27 6 9 8 10 -11 43 21 13 17 45 19 20 32 -20 24 42 -23 25 39 28 -27 34 37 29 -31 44 -33 -34 -35 41 -37 46 -39 -40 -41 -42 -43 -44 -45 -46 -47 -48 -49
leaf_value=-0.17315194387643618 -0.1972404308301533 0.045873133280571868 -0.20465208742933894 -0.18220005381629889 0.081130736975707621 -0.23969155819012278 -0.10332393115782457 -0.10746863260324889 -0.069581581864007799 -0.098542421887720694 -0.03301332359037016 -0.15254591122444289 -0.093608365655385023 0.016986603373335518 -0.23883089855712245 -0.10574119750430472 0.0033641052643130186 -0.027572573718597233 0.10350112650535732 -0.11627810892600735 0.051467223703254419 -0.09024902062134893 -0.11038129612615476 0.019920811848184405 0.0089163839989558295 -0.24706686598338132 0.0014651733032091626 0.52431197787244244 0.050047347015617145 -0.22603162340123262 -0.09851828508196446 -0.039733322870426482 -0.1131769511931324 -0.10785498299701353 -0.040562580056754755 -0.076436445264623357 -0.18925912102962297 0.2504693572939673 0.029538534671023749 -0.053647550659906687 0.07634042105143285 -0.1839423849180189 0.019919143495823181 -0.12724801471294767 -0.023288115125595761 -0.12018396053224308 -0.08134027672502854 0.0052549433388913444
leaf_weight=1367.2474129775073 2356.3045662541408 33906.470209962688 1012.2636233717203 392.80488632293418 455.88836991554126 670.80059781204909 1886.713794154115 4145.3216518703848 3811.1539774006233 3396.0672608269379 4323.7909768922254 593.25586164928973 1908.5340662319213 10292.951681828126 1634.2507647811435 1537.2503960956819 13172.282294065692 6086.4071295913309 8384.5062364609912 1151.6217958810739 36327.619051547721 1455.0977817475796 3029.9963395767845 6826.9385963757522 26848.618603875861 489.98345160204917 12013.090643525124 275.69183074031025 36829.562992844731 329.663768151775 6560.9878742992878 2261.14117886452 3267.5194640830159 1356.9318357054144 10761.179147044662 3217.6522416197695 1340.1382763865404 659.18277489440516 1511.3161236918531 1181.2904670280404 13168.498806828633 693.0090324645862 21250.920381970704 2194.6417474760674 3485.5041233631782 2096.9533751378767 4866.3247056768741 6961.4026654516347
leaf_count=28268 22331 128363 2334 4683 1873 7878 6748 14254 9545 23246 16003 1501 5819 38241 37046 5416 40711 31736 36018 5037 115352 4195 12067 21197 102229 4682 38404 1967 145407 1562 20412 11046 24763 4121 50639 18651 4713 4613 9138 2543 35890 8580 70120 15209 9008 26396 21424 24018
internal_value=0 0.0125906 -0.0406795 -0.00943895 0.0310279 -0.00388445 0.0097608 -0.0249317 -0.00740375 0.0154105 0.00494614 0.0217899 0.0288152 0.0176028 -0.118919 0.0205411 0.027185 -0.0184706 0.052375 0.023722 0.0303903 0.0368075 -0.0437616 0.0453266 0.0264898 -0.0371816 -0.0332724 0.250399 0.0288152 0.0409123 -0.0846345 0.0405064 -0.0575383 -0.00699531 -0.0232909 -0.104783 -0.13028 0.332233 -0.0139517 0.0509005 0.0571043 -0.0492964 0.0398328 -0.0648318 -0.0724728 -0.172335 -0.10475 0.0429384
internal_weight=0 256425 57321.5 116819 139606 111184 82829.4 48758.7 37700 78940.9 33554.7 27036.2 138215 93663.2 5635.33 75544.8 74016.3 19646.9 44552.1 73658.1 72107.8 23225.1 28354.5 21770 72120.9 26987.3 26497.3 1390.76 70969.2 44120.6 11058.8 36167.6 9353.93 14529.2 23467.3 3888.45 8562.77 934.875 1904.12 21176.7 19995.4 11454.2 57578.5 6518.43 10046.5 3731.2 6206.46 43791
internal_count=1275397 1074838 200559 560095 514743 482832 340192 152091 120337 313663 106083 74871 506290 330863 77263 290417 236123 94740 175427 283669 230304 65326 142640 61131 278253 114372 109690 8453 273216 170987 31754 139409 56499 44832 97623 26529 48468 6580 13821 59630 57087 59219 185472 31212 29420 63442 26137 169425
is_linear=0
shrinkage=0.5


Tree=32
num_leaves=49
num_cat=0
split_feature=15 16 16 15 16 15 16 3 2 13 2 16 14 4 2 9 3 10 4 9 3 6 16 11 4 6 4 3 10 3 9 12 11 15 13 11 12 10 2 3 2 6 11 12 6 9 16 14
split_gain=673.525 1952.17 314.304 281.976 254.66 235.85 208.142 197.005 163.919 144.574 182.916 157.615 136.334 133.532 132.641 126.44 125.645 102.486 100.279 100.242 99.5575 99.416 98.219 98.103 106.755 94.9265 93.5582 91.1925 106.304 90.0249 88.2826 86.9077 92.6005 85.1345 84.9895 82.6308 90.1876 83.3383 82.1744 81.9706 126.473 96.3526 80.3095 78.5688 78.4178 79.8987 76.5677 75.3107
threshold=5.1457657814025888 -1.1158547997474668 -0.44000466167926783 5.2791855335235605 -0.41575601696968073 5.0603187084198007 0.90561389923095714 -0.14764796942472455 -0.10599698126316069 -0.83299320936202992 -0.048868486657738679 0.37336523830890661 12.248938560485842 0.02510806638747454 0.10382395610213281 0.0022235002834349875 0.1029924899339676 -2.2491034269332881 0.19612582772970202 -0.0045554519165307275 -0.017392619512975212 0.027414275333285335 0.3157114982604981 1.1383641362190249 -0.046906381845474236 0.0013345545739866795 -0.062201527878642075 0.072959154844284071 6.3633384704589853 -0.015887109562754628 0.0033546179765835409 1.6723495721817019 0.64929351210594188 5.2860755920410165 -0.44475483894348139 1.3281145691871645 1.0947759151458742 3.1729606389999394 -0.019594175741076466 0.014021551702171566 -0.095094088464975343 -0.030726471915841099 0.51688918471336376 1.4630033373832705 -0.018551293760538098 0.0060047083534300336 -3.0004471540451045 8.6267180442810076
decision_type=2 2 2 2 2 2 2 2 2 2 2 2 2 2 2 2 2 2 2 2 2 2 2 2 2 2 2 2 2 2 2 2 2 2 2 2 2 2 2 2 2 2 2 2 2 2 2 2
left_child=1 20 5 6 33 -3 7 -2 21 13 25 16 15 14 30 23 17 -12 47 -19 46 -7 43 -13 26 -11 -25 28 -10 -27 -9 35 -33 -5 -24 37 -37 -21 -18 40 41 -4 -40 -6 -42 -46 -1 -15
right_child=3 2 39 4 22 8 -8 9 27 10 11 12 -14 18 -16 -17 38 19 -20 31 -22 -23 34 24 -26 29 -28 -29 -30 -31 -32 32 -34 -35 -36 36 -38 -39 42 -41 44 -43 -44 -45 45 -47 -48 -49
leaf_value=-0.10609686926648418 0.17324635649868542 -0.23706870756182347 0.49332618121031929 -0.012083600432498084 0.17101787663036094 0.21389185713826808 -0.17285455158033866 -0.0080635710634059006 -0.082749834746639772 0.068379361185407439 -0.23421289799042189 -0.15794100360768371 0.19377374317045565 -0.035480953953130896 0.074390502733544306 0.061550363294296924 -0.092870018623461809 0.16829791822077639 -0.30736612737955604 -0.0095283670744834899 0.010148300795733797 -0.15617243385859292 -0.0688977618577329 -0.024510918187673966 -0.07313238588656229 0.077966505809052983 0.49571349689651295 -0.23585669917534019 0.21777567215367399 -0.0015695543213281595 -0.13608140819132236 0.13268104834957631 -0.1024563902430821 0.10626811929492251 0.13070927864170429 0.066763885702619097 -0.14754624785620193 0.033762205256484039 -0.10633313818423412 -0.26833209816285569 -0.1041347131629812 -0.052363590575035729 0.12119077591282228 0.046886458424423252 -0.25752796379591847 0.24415451773202962 0.08477730527504676 -0.12919908199166677
leaf_weight=556.56986647984013 1727.2516035269946 2564.1578279179521 95.835798592772335 8353.9827006999403 6460.4244049303234 766.20146764232777 1654.5645317398012 26975.385800110642 5619.1874332064763 17680.716143694008 453.05306038912386 4019.7610826303717 475.54905509389937 13904.892242232338 4926.343194790883 1279.8643227918074 607.29165146127343 917.54639877192676 387.33675036719069 84078.695658186451 20216.07658303855 235.33641250082292 1123.0066733798012 174.73843369539827 2025.3341067829169 4689.859747054521 166.54828317882493 927.55056157824583 308.74463879037648 14680.328860111535 1417.4644856979139 2278.7601162730716 509.69713574135676 1855.2621519425884 1011.4299011286348 6799.8211246337742 526.87138946214691 12807.51952838595 421.32098894845694 5700.9045701259747 1341.7984471619129 485.87758193165064 4497.5528624984436 1603.9920860361308 3563.0201734954026 79.39959674468264 8577.4331873431802 2541.6540872912155
leaf_count=2038 3289 30062 1029 17196 7076 5318 20910 138102 37130 45006 2353 40522 2435 63066 15962 9399 2835 2036 5261 229143 104989 5621 3406 1292 16021 12709 1065 11964 1500 62198 15714 5476 1840 3085 2381 14596 1605 27764 2080 140800 21391 7207 17652 2172 66652 1224 22931 19894
internal_value=0 -0.0542926 -0.168049 0.00912326 0.0652634 -0.105357 0.00373222 0.0051203 -0.0622842 0.00372926 0.0111105 0.00176454 -0.0654327 -0.0196748 -0.00132067 -0.0816 0.00657293 0.00281774 -0.055971 0.00381961 0.0297525 0.126368 0.121145 -0.110372 -0.02933 0.0418805 0.228605 -0.0899324 -0.0669791 0.0176647 -0.0144768 0.00240296 0.0895001 0.00938305 0.0254713 6.68381e-05 0.0512663 -0.00380028 0.0801106 -0.225976 -0.182463 0.0373717 0.101583 0.146399 -0.208223 -0.246391 0.0730815 -0.0500016
internal_weight=0 51038.1 21688 233034 20408.1 10421.2 212626 210971 7857.02 209244 159091 122040 8141.8 50153.1 33319.2 7666.25 113898 108372 16833.9 107919 29350.1 1001.54 10198.9 6386.38 2366.62 37050.9 341.287 6855.48 5927.93 19370.2 28392.9 107001 2788.46 10209.2 2134.44 104213 7326.69 96886.2 5526.17 11266.8 5565.93 581.713 4918.87 8064.42 4984.22 3642.42 9134 16446.5
internal_count=1275397 459856 329898 815541 35316 91595 780225 759315 61533 756026 498027 378114 70734 257999 169778 68299 307380 284813 88221 282460 129958 10939 15035 58900 18378 119913 2357 50594 38630 74907 153816 280424 7316 20281 5787 273108 16201 256907 22567 238303 97503 8236 19732 9248 89267 67876 24969 82960
is_linear=0
shrinkage=0.5


Tree=33
num_leaves=49
num_cat=0
split_feature=14 11 11 0 14 16 9 2 11 14 2 11 13 3 16 2 3 15 16 14 6 13 3 14 6 2 5 13 15 2 13 13 15 13 15 11 13 3 9 3 9 15 3 16 2 0 16 16
split_gain=476.383 227.015 248.867 137.188 160.367 109.246 105.046 84.9582 77.2754 71.6861 69.5398 72.4232 68.221 75.5096 87.3155 63.4175 54.0643 54.7136 52.9708 50.8368 49.3947 48.8722 44.965 44.4293 43.6708 41.4249 41.0003 40.977 48.1334 46.6052 39.7042 37.8107 37.587 35.672 34.7382 35.168 37.7069 34.2072 33.9383 33.2698 33.1008 38.2503 32.1769 32.1477 32.0015 31.9231 31.8604 31.7662
threshold=11.736523628234865 1.3150206208229067 1.3699313998222353 0.64619591832160961 4.8475351333618173 0.42032743990421301 -0.0045554519165307275 -0.11342947557568549 0.79757702350616466 3.8518130779266362 -0.043975321575999253 0.84736987948417675 0.4968030601739884 0.010863150469958784 -1.0704801082611082 -0.02615870255976915 0.017897405661642555 5.259646177291871 -0.62105366587638844 1.5557473897933962 0.029510551132261757 -0.023949598893523213 0.12171122059226037 0.79557141661643993 0.069952219724655165 -0.048868486657738679 -0.029838513582944867 0.090013440698385253 5.2225394248962411 0.058842675760388381 -0.30956739187240595 0.62538510560989391 5.1929292678833017 0.19560264796018603 5.2729475498199472 0.99425438046455394 -0.42754244804382319 0.13633257895708087 -0.0030870244372636075 -0.013729104772210119 0.00056505110114812862 5.2343761920928964 -0.09376343339681624 -2.0733330249786373 -0.14946816116571424 0.97610110044479381 -1.6753014326095579 -1.1784296035766599
decision_type=2 2 2 2 2 2 2 2 2 2 2 2 2 2 2 2 2 2 2 2 2 2 2 2 2 2 2 2 2 2 2 2 2 2 2 2 2 2 2 2 2 2 2 2 2 2 2 2
left_child=1 3 9 4 6 10 -1 46 -2 32 11 16 13 14 20 44 -5 -18 33 39 25 23 34 -16 -7 -9 -13 -21 29 -29 -19 -10 47 -17 -15 36 -36 -26 -20 -12 -40 -42 -23 -30 -6 -28 -8 -3
right_child=8 2 -4 5 15 24 7 12 31 -11 19 26 -14 22 21 18 17 30 38 27 -22 42 -24 -25 37 -27 45 28 43 -31 -32 -33 -34 -35 35 -37 -38 -39 40 -41 41 -43 -44 -45 -46 -47 -48 -49
leaf_value=-0.11056838009645772 -0.061203302330758935 -0.09558103081222516 0.12393390876719231 -0.024549353501968803 -0.14435561602235772 0.040671005115781082 -0.14331021865356086 -0.04229761907976376 -0.19346451450480609 -0.13169541270518018 0.0044652184204151827 -0.063649063943949633 -0.016002000615075545 -0.0015629419112077442 0.10852923517732513 -0.064155071256995641 0.025969976301582612 0.15284692579330894 -0.097456636240454253 0.0092659852237283475 -0.061902020122132022 -0.11351223258117212 -0.10002223794437323 0.046227363948047856 0.060098963391254513 0.024142737311011315 -0.018666682978219495 0.071034397007135139 0.12013166028672299 -0.028664199313539793 -0.049400493776671418 0.0788235996796052 -0.082838843665025447 0.016145200878054228 0.19968164145727219 -0.016827243365542786 0.026555127575988585 0.13983646457335924 0.037073111281843436 0.056569486571420503 0.010816267343055111 -0.099931784850999766 0.017712884592315483 -0.015762490143470035 -0.055038131859071041 0.048698295282224018 -0.028615555250364803 0.0059478043077761051
leaf_weight=1798.1952314954251 2068.9064551041229 999.19458460528404 1764.4205464378465 4340.126153934747 1147.6674198913388 22016.980282287113 661.46667109802365 2839.0703143076971 3405.0168881146237 4012.143811815884 3828.7932294793427 4600.3621219592169 15124.632816454396 26132.978349128738 3190.3637458328158 6259.2164309797809 9772.5591486159246 1523.5524790745694 718.70801671594381 44071.550124812173 2585.3372824839316 493.33182295970619 1091.7355045657605 29082.347631916404 3720.8835327853449 13394.393836503848 13416.382344225189 9161.5510035054758 482.70875687757507 1335.884094635956 283.93757658172399 129.27576874243096 4518.6330623491667 1762.9183878516778 663.62912981584668 785.60661064647138 611.91868929937482 2142.921676739119 6263.9981765132397 15771.945660966448 2566.4195261737332 1114.9473168794066 8300.8922603297979 4327.6336847934872 8478.8780937825795 2020.0738246785477 7466.4887370951474 3321.2065725596622
leaf_count=4765 38873 6655 9204 13443 4704 83835 1911 6710 98754 41493 10357 22138 49694 79297 9134 27564 46530 6395 2925 184680 7206 1353 3277 83121 14871 35169 67898 38851 2211 5402 567 2505 19871 10390 1570 1961 1314 10232 28013 47394 12395 3367 26568 13125 34843 14990 20127 17745
internal_value=0 0.00877616 -0.0519928 0.0118906 0.000912893 0.0228431 0.00926628 0.0111884 -0.138353 -0.0761936 0.0160255 -0.00218903 0.015029 0.020298 0.0304728 -0.0327687 0.0229691 0.0408224 -0.0157472 0.0243243 0.00224092 0.0433974 -0.000491339 0.052405 0.0509283 0.0124903 -0.0222034 0.0170223 0.0393182 0.0582978 0.12079 -0.183344 -0.050932 -0.0464464 0.00334838 0.0658311 0.117105 0.0893431 0.00730177 0.0464177 0.0149315 -0.0226074 0.0102826 -0.00199971 -0.0657523 -0.00981607 -0.0380276 -0.0174341
internal_weight=0 299969 14615.6 285353 142535 142818 114222 112424 5603.2 12851.2 114937 35957 104296 89171.6 59885.7 28312.8 15920.2 11580 18686.2 78980.1 18818.8 41066.9 29285.9 32272.7 27880.8 16233.5 20036.8 59379.3 15307.8 10497.4 1807.49 3534.29 8839.03 8022.13 28194.1 2061.15 1275.55 5863.81 10664.1 19600.7 9945.37 3681.37 8794.22 4810.34 9626.55 15436.5 8127.96 4320.4
internal_count=1275397 1135265 94968 1040297 457378 582919 333177 328412 140132 85764 473981 171961 306374 256680 169261 124201 66935 53492 84654 302020 49085 120176 87419 92255 108938 41879 105026 244269 59589 44253 6962 101259 44271 37954 84142 4845 2884 25103 46700 57751 43775 15762 27921 15336 39547 82888 22038 24400
is_linear=0
shrinkage=0.5


Tree=34
num_leaves=49
num_cat=0
split_feature=13 10 1 8 9 8 13 0 6 8 13 9 5 1 2 1 13 2 6 8 13 13 3 0 8 2 1 2 0 8 1 13 8 3 0 6 13 8 2 3 3 13 8 13 8 2 8 3
split_gain=1041.43 671.388 504.331 413.826 296.743 209.432 272.539 236.929 207.303 211.792 169.664 166.646 144.198 156.193 139.385 138.795 138.396 132.433 110.229 105.274 237.144 185.213 101.32 92.1747 105.968 91.1116 90.7031 84.7366 84.6532 82.3556 81.0658 79.6229 77.5501 76.132 109.755 95.2575 72.1706 72.1149 67.2896 66.5119 65.2423 64.5497 80.6081 61.8804 82.1357 61.391 61.1713 60.1291
threshold=-0.072127379477024064 8.9176282882690447 0.50115862488746654 0.12717633694410327 -0.001901785552036017 0.039327630773186691 -0.90335288643836964 0.82310774922370922 0.23252727836370471 -0.081459458917379365 0.69348901510238659 0.00072953169001266371 0.10366827622056009 0.29944460093975073 0.13387636095285418 1.0000000180025095e-35 -0.87577849626541127 0.17218448221683505 0.10632392019033433 0.026177423074841503 -0.84021010994911183 -0.54538026452064503 0.014021551702171566 0.80519503355026256 0.037614895030856139 0.15750937163829806 0.28935876488685613 0.1620229780673981 0.89407396316528331 0.015572411939501764 0.72590965032577526 -0.80207666754722584 -0.11804120615124701 0.017235264182090763 0.78032246232032787 0.021151575259864334 -0.38332794606685633 0.20736087858676913 0.08773860335350038 0.10488036274909975 0.097639195621013655 -0.41882793605327601 0.19649057090282443 -0.75358784198760975 0.09985895082354547 -0.10370154306292532 0.016132538206875328 -0.052111063152551644
decision_type=2 2 2 2 2 2 2 2 2 2 2 2 2 2 2 2 2 2 2 2 2 2 2 2 2 2 2 2 2 2 2 2 2 2 2 2 2 2 2 2 2 2 2 2 2 2 2 2
left_child=1 2 3 4 14 6 7 30 9 36 12 15 13 32 26 -11 37 22 -12 33 -21 43 28 -15 -25 45 -1 39 -13 31 -4 -3 -2 34 -17 -36 -6 -5 -35 -7 -24 -18 -43 -22 -45 -8 -14 -47
right_child=10 29 5 16 8 27 25 -9 -10 11 18 17 46 23 -16 19 41 -19 -20 20 21 -23 40 24 -26 -27 -28 -29 -30 -31 -32 -33 -34 38 35 -37 -38 -39 -40 -41 -42 42 -44 44 -46 47 -48 -49
leaf_value=0.27982077037844061 0.20348570351032969 0.15990357672857136 0.17377614248785753 -0.013728401403283954 0.16167743001197077 0.20589246605454767 -0.029973342277530516 0.03745018878555547 0.10226933247693196 0.13179913180872813 -0.17694619338674478 -0.024830257105698757 -0.005615557097389679 -0.14720399065275833 -0.089423740040790581 -0.070431294644104137 0.23225246521786236 -0.12561975722891525 0.0030733569889801961 -0.093145486780275996 0.0037537253556996454 -0.04908365182828027 0.050859011655170983 -0.11639538376030807 0.045344764227193482 -0.097490936146842136 0.057347245800850079 -0.0016483533197915658 -0.19241479887069202 0.20852618605191917 0.45948358387358673 0.02159635561966369 -0.042286894451070173 -0.036662461713452922 -0.25319871394667365 -0.10866832872631244 -0.008518297557559066 0.10966050970662113 -0.099103917581739795 0.10190678575591783 -0.011983192361161256 0.04264155707757325 0.26160337478371748 0.084029703816125886 0.3370274175944637 -0.073426790429540895 0.25458226295703995 0.053448364396301316
leaf_weight=478.65259231021628 329.45067889336497 2579.4902683235705 3587.1684028888121 3096.2070998619311 1755.2422724403441 2873.4425622327253 6135.0139864403754 6513.1877328120172 2769.9077457515523 995.3934928830713 7050.0071575229522 9027.4032464602496 443.33615185320377 8371.3394764207769 1629.7758633017074 16602.700374070089 1706.9452024931088 2219.2077635368332 960.72937586531043 8313.8504157369025 2382.1199644543231 6115.242083191406 9965.1452925675549 2769.9887179553043 1589.8347501580138 2409.1973238426726 10983.663644095417 1076.0975553253666 822.89147273381241 3372.9779930720106 269.007165026851 1759.7290533334017 10541.254436800256 19680.032122469041 1642.5380298537202 3811.3974090300035 956.65856104972772 1910.6246811435558 5547.3739438734483 3380.4235195019282 7034.2253986280411 1581.2688863016665 575.69054494984448 4360.4241184336133 347.33780520409346 1074.5174547005445 451.78472159756348 6964.1718239800539
leaf_count=2354 1286 17115 17391 18833 7703 14803 28881 35463 14611 4426 79570 60683 3843 129548 8016 107732 10848 10356 5159 33853 10454 32362 53538 37258 10320 13940 58894 4900 5048 28261 1254 6165 78668 94715 12408 17403 4485 18982 29514 20999 31651 6149 2917 19236 1901 10626 2648 48227
internal_value=0 0.00567469 -0.00124304 -0.0158435 -0.0237126 0.0525364 0.0321288 0.0957112 -0.032618 -0.036302 -0.0920771 -0.0400872 -0.071378 -0.078863 0.0472254 -0.0533358 0.0882712 -0.0082575 -0.155296 -0.0560234 -0.0269919 0.014624 0.00142854 -0.116464 -0.0573044 -0.00760279 0.0667047 0.127492 -0.0388991 0.149772 0.193951 0.103948 -0.0347744 -0.0692242 -0.09071 -0.152326 0.101473 0.0332699 -0.0504162 0.14979 0.0248267 0.159385 0.101408 0.0696435 0.10287 0.00764661 0.125291 0.03642
internal_weight=0 168306 160594 126312 117441 34282.2 26952.3 10369.4 104349 101579 32507.7 98867.3 24497 23601.9 13092.1 69798.4 8870.74 29068.9 8010.74 68803 21519 13205.1 26849.7 12731.2 4359.82 16582.9 11462.3 7329.96 9850.29 7712.2 3856.18 4339.22 10870.7 47284 22056.6 5453.94 2711.9 5006.83 25227.4 6253.87 16999.4 3863.9 2156.96 7089.88 4707.76 14173.7 895.121 8038.69
internal_count=1275397 927097 875556 679072 621343 196484 155782 54108 552079 537468 348300 525280 263571 257080 69264 364004 57729 161276 84729 359578 97806 63953 150920 177126 47578 101674 61248 40702 65731 51541 18645 23280 79954 261772 137543 29811 12188 37815 124229 35802 85189 19914 9066 31591 21137 87734 6491 58853
is_linear=0
shrinkage=0.5


Tree=35
num_leaves=49
num_cat=0
split_feature=10 6 3 6 8 6 8 14 6 15 16 8 16 15 14 11 15 2 16 3 10 10 12 2 15 2 7 11 12 12 4 16 15 3 14 16 16 8 6 3 7 16 2 15 8 8 15 7
split_gain=323.513 243.998 266.247 259.243 157.08 137.978 122.082 107.227 103.442 101.709 157.188 97.6593 96.7924 85.9582 82.5368 79.0014 76.3509 73.2092 71.32 69.6979 66.5687 65.8945 65.3145 62.5778 61.8445 58.0047 56.7667 56.1475 153.313 143.235 55.0146 51.0861 63.1305 53.7672 50.3666 50.3389 49.6015 47.6204 55.5593 50.4053 47.1292 46.6724 54.1962 44.8703 42.5048 42.3397 41.9715 41.9148
threshold=6.923370599746705 0.034877773374319083 0.069419685751199736 -0.040841691195964806 -0.012436012737452982 -0.0993044078350067 0.11573711037635805 9.4031214714050311 0.15059489011764529 5.1566998958587655 -1.4907587766647337 -0.05142810940742492 -2.104543805122375 5.1781229972839364 5.4064877033233651 1.3699313998222353 5.2209904193878183 -0.022351163439452645 -1.6753014326095579 0.16386110335588458 2.1453866958618169 -2.7088938951492305 1.7079936861991885 -0.084896229207515703 5.1947190761566171 0.14879733324050906 -0.051976928487420075 0.41512539982795721 1.5120192766189577 1.2437190413475039 0.060221374034881599 -2.8308373689651485 5.2397265434265146 -0.076928414404392229 3.107222437858582 -0.25315344333648676 0.69705256819725048 0.0068703715223819026 0.013076898176223041 -0.029994621872901913 -0.022890062071382996 0.37336523830890661 -0.12425104156136511 5.1086890697479257 0.2355928644537926 -0.04056409373879432 5.2035303115844735 0.0055587182287126788
decision_type=2 2 2 2 2 2 2 2 2 2 2 2 2 2 2 2 2 2 2 2 2 2 2 2 2 2 2 2 2 2 2 2 2 2 2 2 2 2 2 2 2 2 2 2 2 2 2 2
left_child=1 3 12 5 7 -1 15 9 14 10 -5 18 -3 -14 19 21 40 -2 -11 -4 30 -6 26 -18 -20 -16 -23 28 29 -28 34 32 -29 -33 35 -15 46 39 43 -35 -7 42 -13 -39 -8 -25 -19 -40
right_child=17 2 8 4 6 16 44 -9 -10 11 -12 41 13 20 25 -17 23 36 24 -21 -22 22 -24 45 -26 -27 27 31 -30 -31 -32 33 -34 37 -36 -37 -38 38 47 -41 -42 -43 -44 -45 -46 -47 -48 -49
leaf_value=-0.17782552642250996 -0.15210925247718912 -0.086845087703130874 -0.064007176514239927 -0.061564955267586444 -0.17146796626511998 -0.095769281006270399 -0.019992512776538084 0.060446595024308762 -0.18904052510043345 0.017611360731402115 0.036677173825444512 -0.12080501321361024 0.026758268944008835 -0.060178315569565551 -0.035716062284516771 -0.12984893213445795 -0.18844276592236245 -0.03340772597257545 -0.019513951366320465 -0.16048691124590411 -0.065346167428218097 -0.035144789653135708 -0.13459148287708231 -0.17448026204482164 -0.11996178942715603 0.10284363907319048 -0.074829047336606114 -0.071157739439652049 -0.080512150461211227 0.16700169463276687 -0.098535803374747682 -0.0067096039479437762 0.074719574984816489 0.015221403729106544 0.035667584289461561 0.018554552393577426 0.11553969516866057 0.068510354251005809 0.02663951210571016 0.059185469721147459 0.0055335659310080994 0.030543294424082507 -0.013125805824089596 0.030968183367960804 -0.15655112159571347 -0.037439160403291837 -0.1170481540332587 -0.021079481231171777
leaf_weight=1604.353792342823 3026.9981984286569 3181.287820721278 7547.393146596849 5047.4243588605896 391.78116124821827 1259.2852569408715 7853.8279341249727 6554.2710065473802 1821.9397696715314 1938.8670291504823 20993.901453814004 1232.1930409697816 20715.977707316633 4095.6912064934149 3738.0287689550314 748.45063197193667 898.37607018928975 3578.2065691195894 2199.7505363663658 2506.4614723431878 5558.7978973616846 2880.1743991984986 573.66007655696012 615.4396322928369 5151.3003570106812 944.89906680164859 730.47038839478046 2406.7767166616395 1112.2249983451329 3687.1102624707855 1364.4385221181437 7153.1039276579395 1068.2956237317994 8049.8148818053305 7500.6037346548401 4010.4856085088104 384.98253288026899 9991.9555348027498 10982.632137069479 35058.111903561279 12856.418152035214 6018.9147994155064 22900.865526815411 39797.308288058732 615.31763537065126 6966.5263758669607 2612.1218987514731 7910.370629703626
leaf_count=5317 42823 33508 43568 17604 2000 4516 36845 23474 33834 7816 79088 6991 88932 17200 43663 3436 3375 21661 7315 32957 20371 10185 3584 1701 15133 6384 2974 11711 4930 12262 6448 22409 5315 24399 27767 16223 1768 37970 39668 120447 45545 21347 67237 124500 7265 19638 14332 27961
internal_value=0 0.00555539 -0.0221053 0.0129011 0.0184731 -0.0361309 0.028177 -0.00051504 -0.0765375 -0.00662521 0.0176147 -0.0226422 -0.00267958 0.00350216 -0.0625827 0.0318977 -0.0260408 -0.0876702 -0.0674703 -0.0881232 -0.0178595 0.032821 0.0334352 -0.063539 -0.0899782 -0.0076354 0.0341768 0.0357415 0.0850793 0.126893 -0.00227319 0.033508 -0.0261602 0.0352557 0.0061164 -0.0211665 -0.0579106 0.0379455 0.0297515 0.0509879 -0.00347455 -0.00881218 -0.0186492 0.0385136 -0.0299904 -0.0486505 -0.0687953 0.00663338
internal_weight=0 300235 62986 237249 213049 24200.4 141011 72037.5 16558.7 65483.2 26041.3 39441.9 46427.3 43246 14736.8 132542 22596 9602.31 9289.92 10053.9 22530 131794 131402 8480.34 7351.05 4682.93 130828 127948 5529.81 4417.58 16971.2 122418 3475.07 118943 15606.8 8106.18 6575.31 111790 68682.3 43107.9 14115.7 30152 24133.1 49789.3 8469.15 7581.97 6190.33 18893
internal_count=1275397 1194813 370855 823958 743866 80092 497861 246005 160406 222531 96692 125839 210449 176941 126572 453751 74775 80584 30264 76525 88009 450315 448315 24714 22448 50047 444731 434546 20166 15236 67638 414380 17026 397354 61190 33423 37761 374945 230099 144846 50061 95575 74228 162470 44110 21339 35993 67629
is_linear=0
shrinkage=0.5


Tree=36
num_leaves=49
num_cat=0
split_feature=15 16 16 7 6 0 15 16 1 6 3 6 16 1 16 16 6 15 15 1 7 16 2 1 15 13 9 11 13 7 6 16 4 16 9 9 15 7 9 13 2 2 11 6 9 0 2 16
split_gain=336.927 762.01 259.437 207.833 194.043 134.061 129.291 125.26 156.951 141.535 141.577 131.453 122.743 129.974 360.431 270.428 215.147 177.141 133.491 201.388 132.288 127.279 116.867 143.755 114.776 106.132 105.319 103.296 115.185 101.839 113.197 102.906 97.4415 96.8428 96.6277 122.306 94.77 93.8279 93.391 110.567 92.4928 96.0177 112.968 113.346 89.3425 109.859 88.5443 87.2525
threshold=5.0976312160491952 -0.47521393001079554 -1.6322681307792661 0.012720659840852024 -0.051144946366548531 0.5897406041622163 5.0548608303070077 -2.1330909729003902 0.27495181560516363 0.0049381605349481114 0.14491192251443866 -0.023616158403456208 0.91940158605575573 0.39095182716846472 -1.8125207424163816 -0.36858433485031122 0.0052747929003089675 5.2312119007110605 5.2681858539581308 0.58179235458374035 -0.028948253951966759 0.34969441592693334 0.050520524382591254 0.31917928159236914 5.1411340236663827 -0.84021010994911183 0.0021665209205821161 0.77478027343750011 -0.53749442100524891 -0.032046044245362275 0.094320893287658705 0.20084875822067264 -0.018475573509931561 -2.2282930612564082 0.00045383333053905522 -0.00051554400124587108 5.2737927436828622 -0.0068619847297668448 -0.0024283269885927434 -0.92488491535186756 0.17800278961658481 -0.14946816116571424 0.7279874086380006 0.04817203804850579 -0.00070048810448497523 0.29005569219589239 -0.06210078485310077 -0.7494395077228545
decision_type=2 2 2 2 2 2 2 2 2 2 2 2 2 2 2 2 2 2 2 2 2 2 2 2 2 2 2 2 2 2 2 2 2 2 2 2 2 2 2 2 2 2 2 2 2 2 2 2
left_child=1 2 -1 12 -5 22 -7 8 -6 11 -11 -9 13 15 33 -2 37 -17 19 29 21 -19 46 -24 -13 -26 -3 28 32 31 40 -18 -28 -15 35 -22 -12 44 -39 -40 41 42 -31 -44 45 -16 -4 -20
right_child=3 26 5 4 7 6 -8 9 -10 10 36 24 -14 14 16 17 18 20 47 -21 34 -23 23 -25 25 -27 27 -29 -30 30 -32 -33 -34 -35 -36 -37 -38 38 39 -41 -42 -43 43 -45 -46 -47 -48 -49
leaf_value=0.042281243904485157 0.012175056632236718 -0.26791923083148084 0.070270365959628073 0.051132768183542607 -0.067302694248745035 -0.22458111895356203 -0.056412863703628073 -0.0080259323552276784 -0.29972917651136827 0.0047082498233938889 -0.17902520706494121 -0.2904147098175115 -0.16112344238128859 -0.46007465151837229 0.085032804882836793 -0.12164479230573869 -0.18792897010956799 0.10878046388189004 -0.079173660895273487 -0.16816622183498298 -0.019204254631340185 -0.15595196675060427 -0.13701100605620303 0.23412377590086736 -0.1983294962259291 -0.057652779244418258 -0.031296205286559936 -0.18277796459654738 -0.13432608395962956 -0.14054567437951643 -0.27232695014206532 0.052706525200479297 0.90133720571090847 -0.14805926614229023 0.022414300938736569 -0.17169431533496848 0.069038186460365164 0.13864869023293874 0.16918144270322857 0.04929425146159605 0.15849063019684084 -0.0080602004950191715 0.24756333919936621 -0.1876125486951796 0.057011774603320881 -0.065747413280093772 -0.11029964329073644 0.080351421092338907
leaf_weight=9931.045154974563 100985.08527841163 4068.5396337413695 927.6251138956286 8028.1051681993995 5503.0184021699242 2136.5488379058661 2480.3072940187994 7090.8698660256341 838.39585920644458 30491.77831821423 1766.9050188636174 713.51285674143583 1024.9757472664351 326.46513335546479 1694.0663425149396 6349.2155804653885 1362.1341051864438 2812.2309518926777 987.68703807378188 2060.5404525039485 2768.7665300182998 539.15467955544591 375.60473084123805 840.34006230300292 1626.8214077961165 7747.7623451740947 42.969811914605089 605.47814755141735 120.54704764450435 325.01737578958273 348.11447255371604 654.40165984327905 74.028763110400178 1082.3349727715831 2828.6259300522506 2518.1232475424185 488.31522463262081 4775.3478286864702 2139.4148869730998 19396.856059286511 1055.0587023519911 13696.399744241149 1102.8432260483969 171.01089942804538 8943.2021706695668 4192.1679760732222 2499.3845150123816 6321.2614335948601
leaf_count=44647 262012 120518 4559 21905 33386 26985 26318 23243 11803 153058 46158 6596 15761 4637 5555 59971 8846 5304 2720 25572 7423 2934 1949 4480 6240 24958 1646 18097 4015 2977 5842 6880 1759 6586 7131 7514 3103 15918 6799 64595 5505 70921 6172 2621 34441 18883 15483 10971
internal_value=0 -0.0588292 -0.0138209 0.00301841 -0.0215585 -0.074042 -0.134376 -0.0319395 -0.098153 -0.0235175 -0.00421859 -0.0602741 0.0113177 0.0122543 0.0292398 0.00215098 0.0343426 -0.0546368 0.000587226 -0.0198413 -0.0174836 0.0660086 -0.013923 0.119051 -0.096945 -0.082137 -0.234549 -0.0727795 0.205089 -0.00347568 0.00931634 -0.109603 0.557211 -0.220993 -0.052028 -0.0919479 -0.125084 0.0573726 0.0753082 0.0612344 0.0153597 0.00544418 0.121372 0.188649 0.0255131 -0.0222607 -0.0612707 0.0587179
internal_weight=0 24102.4 19190.9 254756 64295.5 9259.81 4616.86 56267.4 6341.41 49926 32747 17179 190461 189436 70634.3 118801 69225.5 17816.1 28084.5 20775.5 11466.9 3351.39 4642.95 1215.94 10088.1 9374.58 4911.56 843.024 237.546 18715 16698.4 2016.54 116.999 1408.8 8115.52 5286.89 2255.22 41141.1 26311.6 21536.3 16350.3 15295.3 1598.87 1273.85 14829.4 5886.23 3427.01 7308.95
internal_count=1275397 270456 124421 1004941 330450 79774 53303 308545 45189 263356 202319 61037 674491 658730 306441 352289 295218 90277 149027 135336 30306 8238 26471 6429 37794 31198 146035 25517 7420 109764 94038 15726 3405 11223 22068 14937 49261 146191 87312 71394 88196 82691 11770 8793 58879 24438 20042 13691
is_linear=0
shrinkage=0.5


Tree=37
num_leaves=49
num_cat=0
split_feature=10 12 14 10 10 12 11 11 12 12 12 11 12 11 12 11 11 12 16 11 11 12 11 16 12 12 11 12 11 11 12 12 12 12 12 11 12 11 12 12 11 11 11 12 11 12 11 12
split_gain=387.982 301.539 264.993 312.066 171.145 156.804 316.766 253.06 1588.05 846.34 425.005 781.887 372.148 425.038 215.371 516.308 187.067 565.033 163.385 155.325 151.481 259.706 251.974 175.97 143.54 142.071 269.16 193.225 130.893 127.646 748.569 1008.58 336.665 328.878 477.839 865.604 499.139 446.544 1489.96 437.795 1277.7 417.334 342.904 293.278 283.896 293.231 263.46 225.713
threshold=-2.2491034269332881 1.7221525311470034 7.707777976989747 1.2188055515289309 7.5945768356323251 0.89345109462738048 0.8939255177974702 0.99840059876441967 1.0013062357902529 1.5339242815971377 1.1854779720306399 0.73279112577438366 1.2848157286643984 1.2450675368309023 0.7421814799308778 0.59084966778755199 1.1154012084007265 1.4076473116874697 -1.0413818955421446 0.86035954952240001 0.92345461249351513 0.91041818261146557 0.73737114667892467 -2.0166803598403926 0.6849467158317567 1.4510183334350588 1.0581535100936892 1.4748123884201052 1.3540780544281008 0.45305432379245764 1.5005929470062258 1.6672401428222658 1.6022533774375918 1.5438990592956545 1.4299840331077578 0.90664669871330272 1.5062809586524966 0.59615468978881847 1.6320985555648806 1.6540691852569582 0.77478027343750011 0.96099558472633373 0.76110395789146434 1.4569128751754763 0.83391478657722484 1.5005929470062258 0.62279373407363903 1.2583341002464297
decision_type=2 2 2 2 2 2 2 2 2 2 2 2 2 2 2 2 2 2 2 2 2 2 2 2 2 2 2 2 2 2 2 2 2 2 2 2 2 2 2 2 2 2 2 2 2 2 2 2
left_child=-1 2 4 -4 5 6 14 8 20 12 11 -10 18 16 15 -2 25 -18 -9 -5 21 22 -7 -23 -8 -14 -27 -28 -26 30 47 32 -32 34 42 43 -37 38 -35 41 -41 -39 -31 -36 46 -46 -45 -12
right_child=1 -3 3 19 -6 7 24 9 10 -11 29 -13 13 -15 -16 -17 17 -19 -20 -21 -22 23 -24 -25 28 26 27 -29 -30 33 31 -33 -34 37 35 36 -38 39 -40 40 -42 -43 -44 44 45 -47 -48 -49
leaf_value=0.19109087623141274 0.53740781200089416 0.29247668169115704 0.014659493914246214 -0.040224836962300066 -0.20741295314100655 -0.082948614328274065 -0.081951884563590122 -0.071600463650655061 0.22557556174035145 0.60972843422180389 0.071113256930544586 0.0019895839446594996 0.021989492035870445 0.53615571018593899 -0.05900928014588467 0.0094057055281268689 0.048729004606397661 0.52307063808482479 -0.020914304523523348 -0.15616460850246469 0.14517851239488358 0.77966139785091171 0.47713908536578303 0.36136909194735078 0.086049137538075623 -0.19774568936336898 -0.094490820336322973 0.45165077823801331 0.41984604135399861 -0.05043157573039863 0.12430483869935545 -0.21223412707744141 0.41662771073457316 0.33211451914430129 0.025928236511338694 0.05330793661804073 -0.25928597563109618 -0.10387274284807364 -0.068814939168378178 -0.038452342481856257 0.64638370375926202 0.31341749515257683 0.039218719054251588 0.13151414658796454 0.27955571666881562 -0.054386000922621081 0.32159938384633274 -0.14799166430883268
leaf_weight=2779.2086963225156 529.91742212604731 898.68366344459355 9919.6826052775141 5136.8120929263532 928.74627312016673 625.31034840364009 1271.4245767211542 21899.921238903888 5972.2275789538398 536.20806719735265 1331.4476802321151 11334.498033965938 10244.861841669306 423.87785029783845 9737.236078094691 3636.3018842460588 6075.5035797846504 699.74651228357106 58202.680463742232 6643.8499252048787 1550.0805000606924 279.00931308884174 293.97887602075934 2807.8093490153551 18118.582032778068 2014.6367925135419 327.992835059762 316.12110139615834 298.45681498153135 20741.6307301661 2803.3084665313363 1864.3055513901636 1524.9398180954158 3332.1375984270126 3305.1093653570861 2917.1906301062554 2267.2435359656811 23653.56557295518 7598.9124198528007 4483.8090496221557 801.84633100032806 613.22570977453142 21953.385100095998 3015.0705799497664 1011.1655942732468 1870.0528662241995 4661.6273748641834 9814.4512053132057
leaf_count=9717 1755 5261 50244 72513 12754 2120 3687 110714 20414 1971 4376 35895 33193 1872 29354 11002 21392 2834 232961 151895 4952 1035 1137 10973 63074 5798 1000 1217 1691 66452 8984 5458 5107 11097 10221 8926 6422 69087 22595 13368 2853 1895 69730 9643 3276 5593 15542 32347
internal_value=0 0.00344032 0.00257007 -0.0506386 0.00673008 0.00745125 0.0394728 0.00302552 0.0165927 -0.0161506 0.00595052 0.0791824 -0.0195108 0.0413009 -0.0182758 0.0767971 0.0305897 0.0978627 -0.0347788 -0.105661 0.278613 0.330069 0.095942 0.39958 0.0802776 -0.00469917 -0.107695 0.173057 0.0915081 -0.00464605 -0.0443148 0.0950111 0.227485 0.0020776 0.0250464 0.0909004 -0.0833221 -0.0329401 0.0533748 -0.0648845 0.0654469 -0.0932947 -0.00432267 0.156093 0.196786 0.0626939 0.247034 -0.121769
internal_weight=0 300289 299390 21700.3 277690 276761 33591.9 243169 142427 100742 136871 17306.7 100205 20102.7 13903.5 4166.22 19678.9 6775.25 80102.6 11780.7 5556.19 4006.11 919.289 3086.82 19688.5 12903.6 2658.75 644.114 18417 119564 17338.5 6192.55 4328.25 102226 61742.5 19047.5 5184.43 40483.5 10931.1 29552.4 5285.66 24266.8 42695 13863 10557.9 2881.22 7676.7 11145.9
internal_count=1275397 1265680 1260419 274652 985767 973013 110563 862450 449498 412952 429281 56309 410981 67306 42111 12757 65434 24226 343675 224408 20217 15265 3257 12008 68452 41208 8015 2217 64765 372972 56272 19549 14091 316700 195805 59623 15348 120895 33692 87203 16221 70982 136182 44275 34054 8869 25185 36723
is_linear=0
shrinkage=0.5


Tree=38
num_leaves=49
num_cat=0
split_feature=7 1 16 1 7 6 1 16 13 16 1 1 13 1 16 15 16 13 6 7 6 16 7 1 6 16 7 9 7 16 1 7 1 15 13 5 1 7 7 16 13 7 1 15 6 6 13 1
split_gain=546.867 440.518 517.292 501.219 411.699 405.685 285.022 294.208 272.342 190.512 244.617 204.14 164.779 162.331 333.122 171.343 180.66 160.554 157.785 134.262 132.297 127.805 142.128 138.414 123.945 116.593 115.844 110.655 110.019 106.188 125.815 100.218 94.7311 89.3857 87.731 89.7819 84.2451 83.7862 85.3143 79.6259 76.7437 75.5877 75.1844 73.2392 73.3002 72.4265 69.7217 68.2057
threshold=-0.047616004943847649 0.6444109082221986 -1.6753014326095579 0.3577698171138764 0.015653160400688652 0.090160161256790175 0.42778049409389501 -0.24150291085243222 0.15404919534921649 -2.8308373689651485 0.2691579014062882 0.21422924846410754 -0.78520330786705006 0.44299338757991796 -0.68474996089935292 5.2658150196075448 0.42032743990421301 -0.61295711994171131 0.2711577713489533 0.06934297084808351 0.010100627318024637 -2.2599641084671016 0.0080012283287942427 0.4709393978118897 0.027414275333285335 -0.080280274152755723 -0.020973357371985909 -0.0017859708168543873 -0.01426613889634609 -0.53601583838462818 0.28760007023811346 -0.092642463743686662 0.55200284719467174 5.1752619743347177 -0.73378732800483693 0.053803723305463798 0.4248241931200028 0.012111115735024216 -0.01834126096218824 -3.6197788715362544 -0.76746317744255055 -0.024516213685274121 0.30116650462150579 5.1399762630462655 -0.066014245152473436 0.16708125919103625 -0.14025596529245374 0.36229228973388677
decision_type=2 2 2 2 2 2 2 2 2 2 2 2 2 2 2 2 2 2 2 2 2 2 2 2 2 2 2 2 2 2 2 2 2 2 2 2 2 2 2 2 2 2 2 2 2 2 2 2
left_child=17 2 3 9 5 8 12 -8 13 10 39 -11 18 27 24 16 41 31 29 46 37 -5 23 26 28 -3 -23 47 -15 30 -6 -1 -30 -10 45 -36 -7 38 -13 -2 -18 -16 -22 44 -29 -9 -14 -4
right_child=1 25 4 21 6 36 7 34 33 11 -12 20 19 14 15 -17 40 -19 -20 -21 42 22 -24 -25 -26 -27 -28 43 32 -31 -32 -33 -34 -35 35 -37 -38 -39 -40 -41 -42 -43 -44 -45 -46 -47 -48 -49
leaf_value=0.33897917900761637 0.097046617678081051 0.20010999841248786 0.097383168215980143 0.27795612042912426 -0.12822152332847347 0.026563915629065096 0.1514764285656981 -0.056955169919118927 -0.098767687182910499 -0.068551042537405571 0.26095851548307269 0.094497684649639299 0.016205448468567564 0.19446913461173504 0.088194268137277543 -0.17400416168417293 -0.17403054756108893 0.0048720905403859486 0.088682354889988366 0.12201852741721649 0.028099633496837882 0.34606687381775553 0.24082761870906971 0.28650606889850921 0.18845794661931267 0.064670225256243719 -0.014806052538777831 0.24070706303537651 -0.029799183408163468 -0.13958504550703899 0.011477098708477169 0.13701316136559713 0.14101566423709258 -0.20015603324070561 0.017709269145652649 0.18709856322202609 0.1519201205118744 0.078834752027966651 -0.067655080248052141 0.011241051667177345 -0.064172703048194724 -0.024956229365181229 0.12857697136616125 -0.10580840242513467 -0.05961356156342968 0.087924241985589249 -0.066356831138802017 -0.042640925538792326
leaf_weight=698.12310955114663 3494.8392602987587 2170.9591073957272 1186.6511389687657 1551.5490298746154 2666.748273125384 5000.3732843594626 5499.6866835595574 4877.0120220254175 4364.6399833536707 12223.286498353351 1245.1792516647838 919.01459131808951 8001.9918331124354 863.64642144646496 1671.4776336115319 2856.0214644512162 2841.4014046355151 2293.9953282396309 1460.5620770510286 2296.3031066949479 6013.463278291747 241.08895991416648 1527.1843558931723 556.0728562916629 1520.454185036011 6003.7290177063551 2714.6049158279784 206.10902337403968 4333.3518103733659 5121.6961027691141 4056.8286308953539 5384.0800597420894 997.58337915455922 4395.8822535324143 2797.3994142485317 1089.4706343277358 1837.5255422960036 1562.5560398213565 6733.1078498726711 12015.324805568904 3659.8593807194848 12496.711702011293 2708.5822206893936 21502.4019206292 9346.9216195438057 1044.8146850308403 3753.5572692637797 3243.6331428545527
leaf_count=3429 13903 15939 7121 13202 11688 23347 34570 24264 85105 52234 7815 4296 54432 4629 10448 14111 16080 20657 8844 13611 29021 1421 11364 3907 8990 33650 11755 1821 19456 25303 19913 26324 5322 71990 29589 8093 9968 7160 27385 43681 38117 81210 15158 161417 67243 5812 51476 19126
internal_value=0 -0.0127624 -0.017963 0.0231708 -0.0355755 -0.0562342 0.00427424 0.0589137 -0.0668013 0.0050206 0.0477751 -0.0187158 -0.0262828 -0.0559057 -0.0295948 -0.0591724 -0.0432736 0.117819 -0.0661636 0.0114471 0.0152193 0.152279 0.113435 0.0578394 0.0605276 0.10072 0.0145675 -0.0790535 0.0290211 -0.0853047 -0.0438675 0.160329 0.00209225 -0.149717 0.00695307 0.0653528 0.0603409 -0.0265195 -0.0481055 0.0306125 -0.112283 -0.0115668 0.0593708 -0.0895998 -0.0530572 -0.0312985 -0.0101176 -0.00500914
internal_weight=0 186671 178497 53505.9 124991 82324.6 42666.1 15308.4 75486.7 46915.4 16755.3 30160 27357.7 66726.2 31240.5 23525.5 20669.5 8376.2 13305.8 14051.9 17936.7 6590.5 5038.95 3511.77 7715.04 8174.69 2955.69 35485.7 6194.58 11845.3 6723.58 6082.2 5330.94 8760.52 9808.7 3886.87 6837.9 9214.68 7652.12 15510.2 6501.26 14168.2 8722.05 31055.4 9553.03 5921.83 11755.5 4430.28
internal_count=1275397 1224987 1175398 242302 933096 645501 287595 102328 612186 200653 65399 135254 185267 455091 198363 159966 145855 50410 65748 119519 83020 41649 28447 17083 38397 49589 13176 256728 29407 56904 31601 29753 24778 157095 67758 37682 33315 38841 31681 57584 54197 91658 44179 230481 69064 30076 105908 26247
is_linear=0
shrinkage=0.5


Tree=39
num_leaves=49
num_cat=0
split_feature=1 15 16 9 16 1 1 2 1 16 15 16 6 2 1 15 13 15 6 0 13 16 6 16 13 6 16 11 13 6 5 9 12 11 11 11 12 12 12 12 11 12 11 12 6 1 2 6
split_gain=303.555 224.065 221.968 182.434 184.64 186.365 127.229 128.093 106.657 105.997 103.692 135.909 103.536 93.8613 106.347 86.2475 83.3845 172.392 83.6856 79.8115 72.1995 72.0131 69.2273 67.8901 65.9422 79.0751 76.2131 66.0836 60.2683 58.6839 58.15 57.3767 54.6203 115.395 95.0474 124.501 175.874 175.328 81.8036 89.4728 80.8893 65.6083 202.092 71.5287 56.9347 53.3895 51.8716 51.6085
threshold=0.4835286438465119 5.1999523639678964 -0.69761237502098072 -0.0035174489021301265 -0.52397817373275746 0.32072609663009649 1.0000000180025095e-35 -0.0074192644096910945 0.11841195449233057 0.69705256819725048 5.2746751308441171 0.18856125324964526 0.049046710133552558 0.26364235579967504 0.70741549134254467 5.2674002647399911 -0.79368308186531056 5.2359015941619882 0.2074261158704758 0.82855328917503368 0.81848010420799266 -2.0733330249786373 0.040296478196978576 -1.5298316478729246 -0.63247376680374134 -0.04381133243441581 -0.14859769493341443 0.96948251128196727 -0.79794466495513905 0.019431534223258499 0.051726715639233596 -0.00096878971089608956 1.5534957647323611 0.45305432379245764 0.92777407169342052 0.67451560497283947 1.6540691852569582 1.6320985555648806 1.2877597212791445 1.4748123884201052 0.59615468978881847 1.4452854394912722 0.83847695589065563 1.4689791202545168 -0.03169522434473037 0.56108045578002941 0.095436472445726409 0.031266568228602416
decision_type=2 2 2 2 2 2 2 2 2 2 2 2 2 2 2 2 2 2 2 2 2 2 2 2 2 2 2 2 2 2 2 2 2 2 2 2 2 2 2 2 2 2 2 2 2 2 2 2
left_child=3 2 28 46 5 6 -5 21 -6 15 16 -12 -7 14 24 -3 17 19 20 -10 22 -8 32 -14 25 -4 29 -26 -2 -27 -24 -9 33 38 35 37 -37 40 -18 -40 -34 44 -43 -44 -35 -17 -1 -33
right_child=1 9 13 4 8 12 7 31 10 -11 11 -13 23 -15 -16 45 18 -19 -20 -21 -22 -23 30 -25 27 26 -28 -29 -30 -31 -32 47 34 41 -36 36 -38 -39 39 -41 -42 42 43 -45 -46 -47 -48 -49
leaf_value=-0.13481623763048825 -0.22443615294151512 -0.067142753109242115 -0.1457984624539912 -0.21170489577294266 -0.17734940358144891 -0.017794072809185282 -0.046285143032233668 -0.017413945493446208 0.067068694796868861 -0.0028944410458065246 -0.088818385407942804 0.061103842848013859 -0.256937349681642 0.15137649356382493 -0.16119482849813266 -0.10605464631322228 -0.0098053655384546402 -0.016421796329515851 -0.22781930975687825 0.15314889657381098 0.081473089742152421 0.0060574280940687616 0.002553622936774367 -0.073351874715365362 0.020546568562740293 0.034005224321833491 0.077256292329989651 -0.03606378975590168 -0.080585796531433301 -0.139514877606151 -0.096466498000005507 0.047493065915599285 -0.21408727487924525 -0.013705047832437294 -0.19956666353874772 0.19350800558748221 -0.10630912867926762 0.099108459763507101 0.21484230486137165 -0.053110186219582946 0.026165344332064737 -0.16366965056907157 -0.13324294849152482 0.099007726824887385 0.031364601077626453 -0.22365150921952506 0.030174507524903211 0.0070421125545947691
leaf_weight=2778.7964614424855 1110.3796395135578 14374.040271690115 530.52037306549028 620.19563230406493 638.71182033512741 49315.082343631191 9296.1966901232954 5297.400497995317 9252.8971286879387 4891.3347736101132 4123.6858879397623 2381.5667862780392 583.13284278835636 1086.8335359366611 966.69603786384687 2722.4838087623939 890.88611011579633 5046.4963713071775 325.76330406125635 3824.0259419423528 5406.9922392824665 22370.85908368649 14291.841385996435 3825.0977852263022 9954.537036312744 1272.9416116271168 7017.3832495803945 10678.704906519502 2170.9565319838002 785.35405775625259 1652.3011341392994 32533.710340235848 888.04940402507782 8535.368857037276 316.19838770106435 3072.9257488660514 578.73668895661831 2450.9664161354303 1825.4820595905185 371.76389550603926 572.23029916360974 1878.4108116999269 400.31076823920012 1872.2538329809904 38772.212858862244 1523.7329173141625 568.805851648096 10447.980305592529
leaf_count=16621 22939 75055 2401 11423 2672 169932 62414 18909 36874 20216 10682 7309 15764 4891 10826 10322 3214 22042 2081 29501 19295 86367 53014 32191 38375 7919 44408 41229 9009 9861 6941 98829 3887 27238 1198 10535 2144 8493 5957 1537 2035 7684 1590 6771 127542 7805 2841 54614
internal_value=0 -0.0306283 -0.00558096 0.00926604 0.0108608 -0.00155705 0.0136491 0.0154062 0.0261125 -0.0685032 0.0273139 -0.0338542 -0.0243702 0.00699568 0.00194654 -0.0857099 0.0312116 0.0619913 0.0245722 0.0922888 0.0255623 -0.00929347 0.0216975 -0.0978032 0.00718354 0.0414098 0.052423 -0.00872814 -0.12947 -0.0319951 -0.00768194 0.0316174 0.0292093 0.0235733 0.0681553 0.0794395 0.145838 0.0172983 0.117464 0.169275 -0.119645 0.0179268 -0.042295 0.0578364 0.0232223 -0.148414 -0.106632 0.0376723
internal_weight=0 59085.9 35574.3 247007 243660 134290 80566.3 79946.1 109370 23511.6 108731 6505.25 53723.3 32293 31206.1 18620.3 102226 18123.4 84102.7 13076.9 83776.9 31667.1 78369.9 4408.23 30239.4 9606.2 9075.68 20633.2 3281.34 2058.3 15944.1 48279.1 62425.8 54546.7 7879.11 7562.91 3651.66 3911.25 3088.13 2197.25 1460.28 51458.6 4150.98 2272.56 47307.6 4246.22 3347.6 42981.7
internal_count=1275397 305256 191858 970141 950679 550443 332556 321133 400236 113398 397564 17991 217887 159910 155019 93182 379573 88417 291156 66375 289075 148781 269780 47955 144193 64589 62188 79604 31948 17780 59955 172352 209825 181533 28292 27094 12679 14415 10708 7494 5922 170825 16045 8361 154780 18127 19462 153443
is_linear=0
shrinkage=0.5


Tree=40
num_leaves=49
num_cat=0
split_feature=15 1 5 10 3 13 3 3 2 2 1 14 2 3 14 2 10 11 3 2 3 15 1 11 15 10 9 1 1 1 14 2 2 14 15 0 3 10 13 1 1 1 15 10 14 15 10 11
split_gain=281.913 475.997 153.024 134.649 112.932 111.587 109.766 103.356 102.248 100.753 95.328 125.89 88.2879 106.061 84.7414 101.466 78.2029 112.12 102.28 74.6837 74.5402 74.0754 72.7713 71.9114 80.0418 71.7552 71.4468 87.5861 76.349 146.313 72.5043 70.8489 73.4474 69.278 84.0745 69.2554 94.4776 84.264 111.146 231.767 77.9746 68.6242 66.9627 65.5072 259.796 87.4579 98.0664 65.5362
threshold=5.1712324619293222 0.51390758156776439 -0.020685596391558644 -0.66649436950683583 0.35525751113891607 0.41660419106483465 -0.039815487340092652 -0.14764796942472455 0.058842675760388381 -0.022351163439452645 0.19065749645233157 0.82434359192848217 0.21852122992277148 0.23260010033845904 3.4418380260467534 0.13739392161369327 0.25461842119693762 1.1542854905128481 -0.001983085996471345 -0.07584132999181746 -0.11812892556190489 5.1255469322204599 0.2691579014062882 1.1862304806709292 5.0933895111083993 14.308311939239504 0.0053382408805191526 0.44299338757991796 0.4835286438465119 0.44943815469741827 8.7404565811157244 -0.0051381350494921199 0.0027949979994446044 5.1996951103210458 5.0476715564727792 0.71510490775108349 -0.0059882646892219773 5.5365025997161874 -0.9007248282432555 0.33422140777111059 0.3534857332706452 0.34028477966785436 5.1152832508087167 1.5719954371452334 6.651961326599122 5.2374451160430917 0.016651051118969921 1.3001377582550051
decision_type=2 2 2 2 2 2 2 2 2 2 2 2 2 2 2 2 2 2 2 2 2 2 2 2 2 2 2 2 2 2 2 2 2 2 2 2 2 2 2 2 2 2 2 2 2 2 2 2
left_child=1 3 6 23 7 10 -2 -4 19 -9 11 -5 43 -14 -8 16 17 18 -16 -7 -12 -3 -20 -1 -25 -18 27 30 29 -28 -22 33 -33 34 -13 36 40 38 39 -37 -32 -39 -26 44 -11 -46 -47 -45
right_child=2 21 4 5 -6 8 14 9 -10 12 20 31 13 -15 15 -17 25 -19 22 -21 26 -23 -24 24 42 -27 28 -29 -30 -31 35 32 -34 -35 -36 37 -38 41 -40 -41 -42 -43 -44 47 45 46 -48 -49
leaf_value=-0.15090017390548768 0.07833433396244549 -0.2480247373697132 0.11621392118789665 0.29004117007766528 -0.24926041921317729 0.2026055178209539 0.035591598502488629 0.011090075434090378 0.14576525586406558 -0.017770013169286902 0.15421193462570165 0.36482797284680241 0.036265890179690632 0.34737275030902587 0.1170653810488852 0.095941270375759488 0.0015794478793679646 -0.21871130863800431 -0.32152913039086523 -0.1023463079959077 -0.024091401311117453 -0.12193595283595988 -0.04609420878059331 -0.1905113573402018 0.33515348160735514 -0.22177277185631303 -0.005582589310514384 -0.085697645341427819 -0.18539834582977072 0.63366472274343466 -0.0033940478947418035 -0.15716380226783105 0.015135766797280707 -0.014801361563676691 0.091866711280294264 0.84711811531238357 -0.087030112538581422 -0.18192480967289126 0.10862027589744709 -0.1249825047539662 0.20196600447449306 0.13019613459450297 0.0017193627959417978 -0.0099313577872892685 -0.20689319218702024 -0.25788453827785035 -0.036306348410107096 0.053951264378909423
leaf_weight=2984.0864094626158 8159.2684382192092 2453.0590876272763 1743.0975816072896 483.97661294462159 472.91389875393361 205.53398767765611 26518.866419733735 53277.806431533361 482.17062533693388 50769.131750623812 622.68434267491102 340.29346414399333 1683.2001666288124 327.56841828138568 833.91529462207109 2263.9902121272171 18963.523905305134 1070.9231549827382 298.89579440117814 6193.2378397082211 28872.421133839991 2267.5609140549786 1232.919144280022 427.04916297423188 189.42439919454046 365.48978214839008 193.00994893873576 4779.4338582055061 110.25070676009636 163.47158802719787 1297.5426874896511 760.41818252112716 3278.3342815430369 1160.7154728523456 1697.9532670624321 155.70159528357908 1860.5832334468141 390.05025075352751 1402.569359523477 99.02018917305395 713.02878211042844 318.04277435177937 734.33734150149394 29379.657718750881 2287.7463114485145 618.35993618960492 2622.8637869122904 4648.7516922217328
leaf_count=36285 20136 81168 3180 1589 13057 1545 79429 193867 4583 166105 2216 1308 7442 2960 2918 7114 62129 4383 1467 62612 187902 38359 6206 4692 1427 2990 2019 66163 1762 1482 4436 6088 14782 6944 6385 2338 9100 6344 13355 2534 2860 6072 4840 85541 12477 2387 6789 12674
internal_value=0 -0.034741 0.0030722 -0.0226861 -0.00555351 -0.0160549 0.0244368 -0.00476631 -0.0756593 -0.00621873 -0.0076215 0.0433174 -0.0162112 0.0873434 0.0158947 -0.00495479 -0.0150144 -0.0845064 -0.0234763 -0.0924427 -0.0172332 -0.187602 -0.100339 -0.10757 -0.0114384 -0.00262928 -0.0198948 -0.0221835 0.174269 0.287111 -0.0135208 0.0267124 -0.017212 0.0823121 0.13784 0.035332 -0.00573623 0.102729 0.164446 0.468259 0.0692504 -0.0410434 0.0709217 -0.0185229 -0.0289915 -0.13192 -0.0787997 -0.00118809
internal_weight=0 64636 207539 59915.3 147831 55580.4 59707.8 147358 6880.94 145615 48699.5 7721.69 92337.3 2010.77 51548.5 25029.7 22765.7 3436.65 2365.73 6398.77 40977.8 4720.62 1531.81 4334.9 1350.81 19329 40355.1 39888.4 466.732 356.482 35109 7237.71 4038.75 3198.96 2038.25 6236.54 3871.15 2365.38 1657.29 254.722 2010.57 708.093 923.762 90326.5 56298.1 5528.97 3241.22 34028.4
internal_count=1274441 581190 693251 461663 506479 414419 186772 493422 68740 490242 345679 37096 296375 10402 166636 87207 80093 14974 10591 64157 308583 119527 7673 47244 10959 65119 306367 301104 5263 3501 234941 35507 20870 14637 7693 47039 16396 30643 18227 4872 7296 12416 6267 285973 187758 21653 9176 98215
is_linear=0
shrinkage=0.5


Tree=41
num_leaves=49
num_cat=0
split_feature=14 12 11 12 11 12 12 12 11 12 11 12 11 11 11 12 12 16 15 12 11 12 11 12 12 12 11 12 12 11 12 11 11 12 11 11 11 11 11 12 12 11 11 11 13 12 11 12
split_gain=143.076 124.272 117.853 112.769 234.912 960.364 683.909 280.961 502.652 167.913 287.914 146.611 337.262 183.729 135.193 335.586 256.423 124.865 144.333 113.782 463.64 355.093 429.584 1053.92 490.84 332.418 812.066 295.633 270.804 222.086 217.236 2064.71 446.285 1026.26 214.107 211.041 196.6 194.917 176.64 158.633 157.074 156.215 147.699 146.385 127.176 112.588 672.995 112.396
threshold=17.794141769409183 1.7221525311470034 0.56260782480239879 0.89035913348197948 0.98605716228485119 0.9838276505470277 1.5486806035041811 1.1448009610176089 0.7660026252269746 1.3314683437347414 1.213497579097748 0.91330727934837352 0.63318336009979259 0.87317955493927013 1.0505791306495669 1.4942753314971926 1.4689791202545168 -0.62105366587638844 5.2389767169952401 1.4569128751754763 0.68868401646614086 1.5287927985191347 0.64398419857025158 1.6627985239028933 1.6838986873626711 1.6107866168022158 0.48614172637462622 1.3998930454254153 1.3704446554183962 0.94861528277397167 1.6236342787742617 0.84736987948417675 0.77049061655998241 1.5719467997550967 0.70894762873649608 0.38869348168373113 0.55113649368286144 0.52283018827438366 0.36836244165897375 1.6364470124244692 1.2176640629768374 0.84736987948417675 0.69914439320564281 0.47278894484043127 -0.58078381419181813 1.6066098809242251 0.87317955493927013 1.6540691852569582
decision_type=2 2 2 2 2 2 2 2 2 2 2 2 2 2 2 2 2 2 2 2 2 2 2 2 2 2 2 2 2 2 2 2 2 2 2 2 2 2 2 2 2 2 2 2 2 2 2 2
left_child=1 3 -3 -1 5 11 9 8 -7 17 14 12 -5 -13 16 -16 -11 -6 -19 20 27 29 23 25 30 38 47 40 -22 37 32 -32 33 -24 -26 -25 39 -21 -23 -28 -9 42 -39 -37 -41 -34 -47 -27
right_child=-2 2 -4 4 6 7 -8 19 -10 10 -12 13 -14 -15 15 -17 -18 18 -20 21 28 22 24 35 34 26 36 -29 -30 -31 31 -33 45 -35 -36 43 -38 41 -40 44 -42 -43 -44 -45 -46 46 -48 -49
leaf_value=0.032317389741855294 -0.17390304591949346 0.033614891374982254 0.41322313431268087 -0.16059439121790794 -0.047622061786291067 0.19888615049991915 0.59721601383102729 0.061691760938739758 -0.00063440888898783152 0.037162921003028065 0.4996616072062125 0.40151508277754255 0.31067960763016234 0.1552250947908298 0.044489030930825117 0.58410945388533053 -0.16630439761116697 0.0042730343582618119 -0.052885904597455111 0.0044369937045651451 -0.0018655065928749324 0.016375522424042055 0.32904470459311219 0.2736211524070889 0.10831755792813488 0.42118578274515306 0.34737499225354057 -0.14664543418924486 0.097385532054335436 -0.098238537017788036 -0.068144176218194477 0.80809812147122817 -0.15397580421433962 -0.095795653976737172 0.56400808593170404 -0.21781186820400206 -0.089113108731941518 0.11825966311029713 0.24895816608218443 0.1667964708467165 -0.049757333484268293 0.063299241951433854 0.28206826260040768 -0.068122534037078991 -0.11953449980896404 -0.16135983753830313 0.66459236107410091 0.14009279008551748
leaf_weight=35168.59803427814 1104.4677007888677 475.96134026395157 361.94432306289673 655.70105265965685 38346.039533494622 5175.2274712395156 452.95850624889135 3787.7524644564837 8078.0846478500171 4653.1831776914187 319.48091050982475 1843.0165956867859 896.28172088239808 1302.4143800199963 7862.7398808491416 298.3267840440385 2317.9597889900906 42088.399318500189 14966.372785940068 3288.4225238597719 24734.918046805891 966.03955382225104 1936.1330277938396 361.38226331910118 667.57076583872549 1394.0372457543854 492.59430200443603 7337.8192998819286 9510.9778980107512 1444.8428009678028 7028.9637817804469 742.34449919743929 11708.034164487966 5338.0203353258548 423.21819922607392 2424.7622261994984 4131.4072720439872 2815.0880976701155 5441.8522388427518 764.00397018180229 19006.516310057021 3463.4890208803117 2724.2709054820007 5053.091425425373 784.43173065129668 1402.6018029191764 298.16610828181729 487.07661379990168
leaf_count=128935 65684 2665 2683 2363 226847 19798 1923 13427 29133 16092 1594 8512 3564 4552 29521 1405 7531 205089 52737 11252 91420 3147 6788 1318 2315 5204 1762 24975 32336 4666 23736 2732 38443 17394 1856 8483 13615 9850 19841 3011 76657 11745 10170 17857 2356 4744 1098 1615
internal_value=0 0.0062981 0.198485 0.00574871 0.00214202 0.0152009 -0.015207 0.00789975 0.0772469 -0.0177193 0.0306181 0.237639 0.111273 0.299776 0.0206499 0.0643452 -0.030434 -0.0255538 -0.0107126 0.000823331 -0.0141047 0.015485 -0.0034438 0.0489311 -0.0429938 0.128972 0.0612536 -0.0593445 0.0256865 0.0869614 -0.0556304 0.0155866 -0.0824127 0.0172434 0.285935 -0.098658 -0.0263347 0.108779 0.213981 0.100477 -0.0312139 0.146831 0.198948 -0.11675 0.021436 -0.13651 -0.0159607 0.348781
internal_weight=0 295223 837.906 294385 259216 147911 111305 143213 13253.3 110853 15451.7 4697.41 1551.98 3145.43 15132.2 8161.07 6971.14 95400.8 57054.8 129960 64378 65581.8 51845.7 22300.7 29545.1 14461.4 8053.55 30132.1 34245.9 13736.1 28454.3 7771.31 20683 7274.15 1090.79 7839.24 6172.44 12291.3 6407.89 2041.03 22794.3 9002.85 5539.36 7477.85 1548.44 13408.8 1700.77 1881.11
internal_count=1274441 1208757 5348 1203409 1074474 531735 542739 512744 48931 540816 56143 18991 5927 13064 54549 30926 23623 484673 257826 463813 238815 224998 177315 78209 99106 50551 27563 115059 123756 47683 94935 26468 68467 24182 4171 27658 20744 43017 22988 7129 90084 31765 20020 26340 5367 44285 5842 6819
is_linear=0
shrinkage=0.5


Tree=42
num_leaves=49
num_cat=0
split_feature=13 15 4 11 16 15 0 0 12 4 16 1 15 1 16 0 13 16 4 3 1 0 4 13 6 9 1 0 6 3 16 3 9 10 6 6 13 13 6 6 16 16 3 11 13 13 1 13
split_gain=258.017 381.634 243.813 178.081 169.114 146.971 146.282 143.798 132.986 127.53 114.754 163.39 111.604 102.39 101.492 92.7427 90.9493 103.761 86.6205 79.4226 90.3097 76.2232 75.8343 72.0039 70.3163 67.2566 65.55 61.9988 83.9875 75.6661 61.8939 62.7654 58.2463 58.0261 57.3146 57.259 56.7338 54.5261 54.2838 53.3447 54.1619 52.4246 52.2615 51.5561 51.5349 51.2317 51.2166 50.7612
threshold=-0.17463648319244382 5.1305887699127206 0.030082490295171741 1.3099997043609621 -3.6197788715362544 5.2589197158813485 0.84734183549880993 0.34903253614902502 1.1625031828880312 0.1026463992893696 -0.91181012988090504 0.3577698171138764 5.2689416408538827 0.23193295300006869 0.5742241144180299 0.94268730282783519 -0.76746317744255055 0.20084875822067264 -0.075926095247268663 0.09088407084345819 0.44785432517528539 0.38020817935466772 -0.039131376892328255 -0.51526269316673268 -0.039496997371315949 -0.00081085518468171347 0.58553346991539013 0.90408518910408031 0.11819915845990182 0.16386110335588458 -2.7306184768676753 -0.043114965781569474 -1.3178634162613888e-05 10.106666564941408 0.011191181838512422 0.047274596989154823 -0.9416724145412444 0.6096518635749818 0.051742406561970718 0.0062595214694738397 -1.5097384452819822 -0.091498158872127519 0.017897405661642555 1.2653297781944277 0.72777825593948375 0.6096518635749818 0.52589416503906261 -0.79368308186531056
decision_type=2 2 2 2 2 2 2 2 2 2 2 2 2 2 2 2 2 2 2 2 2 2 2 2 2 2 2 2 2 2 2 2 2 2 2 2 2 2 2 2 2 2 2 2 2 2 2 2
left_child=2 13 3 7 -3 18 9 30 -5 21 11 25 16 34 47 -15 17 27 -6 20 39 24 23 -18 -4 -9 -23 -12 29 -29 31 -1 -27 43 -2 46 41 38 -20 -13 -41 -11 -17 -34 -7 -44 -24 -8
right_child=1 4 6 8 5 44 14 10 -10 36 12 19 -14 15 -16 42 22 -19 37 -21 -22 26 35 -25 -26 32 -28 28 -30 -31 -32 -33 33 -35 -36 -37 -38 -39 -40 40 -42 -43 45 -45 -46 -47 -48 -49
leaf_value=0.19539821299948038 0.19366139516577044 0.10838265313569731 0.13553032363862752 0.057261942627038501 0.059394484913104839 -0.15023406703759457 -0.00012763010005463637 0.045769646980955349 -0.3409687787601749 0.26868634709103428 0.015649081279304686 -0.0021164094885282409 -0.10068568528365536 -0.017790250182019917 -0.093395859580619967 -0.097171063388397774 0.021108733873137112 -0.082505234943624647 -0.0740947551652167 0.021371836575081096 0.21593910265275082 0.054216601079713926 -0.057564126507245406 0.14855648028329432 -0.028147618832810289 -0.047936588198147244 0.17360146080397457 -0.17357727188501501 0.032033604736281494 -0.032883332757053733 -0.073595921472110096 -0.02290972292099222 -0.012459893904208538 0.16850632996184817 0.046068755194341601 0.039324740778164329 0.090588428305207025 -0.13168831982467516 0.051907955100644873 0.21913378401133787 0.057217998741145457 0.080652894021790558 0.24795240631354196 0.094455844805629866 -0.29463898806458139 0.032074589913513842 0.033066970615192579 0.057310901162829386
leaf_weight=404.44253780134022 1275.6880721668713 1111.100089835003 763.02320912061259 11667.916990718571 1167.2980190649396 3023.2944612926804 12584.157321580453 5206.9098054014612 212.16505834390409 1217.6832929521333 8552.2148412399692 1530.1364288667683 4311.9535959688947 7250.7987618395127 2332.7425312744454 223.31189752323553 3395.1351080322638 8013.6750562542584 11168.20429026091 4765.5246677554678 1470.6498542372137 13811.344862814294 6012.7073311788263 1653.1396296173334 4637.9647443853319 9302.8367140060291 1258.8866185175721 1684.0131613675039 2010.3445372385904 2234.4334908816963 12608.934729527798 1740.3713000435382 13390.106108082458 506.6965875888709 1381.6306344775949 3946.7682337420993 2269.192791998852 4052.046503562131 920.155905444175 839.81743376422673 1372.5725396720227 546.74158542603254 720.93423811485991 1229.8653848287649 791.65635229763575 453.60317759681493 2095.9735728360247 5527.875264495844
leaf_count=1234 8662 3353 5574 61888 12949 32546 66877 25723 1741 5905 44147 7193 20788 110402 11858 3297 20276 45210 134126 38179 6930 72398 61115 13401 29152 39525 6740 7588 12339 14445 99285 4528 60598 5056 9022 21622 10188 54217 7760 4203 5953 2437 6218 5899 6635 3650 14520 27089
internal_value=0 -0.0434326 0.00492954 -0.00772963 -0.0814706 -0.0914857 0.0359643 -0.0147232 0.0500798 0.0620188 -0.00667799 0.0128254 -0.0242848 0.0313276 0.00470986 0.0048879 -0.0159504 -0.0368498 -0.071849 0.0681644 0.110831 0.0459671 0.0115075 0.0629638 -0.00491069 -0.00579231 0.0642334 -0.0115459 -0.0508547 -0.0935052 -0.0602322 0.018095 -0.0168041 0.00231105 0.117157 -0.010002 0.143328 -0.0813748 -0.0644587 0.0693475 0.118978 0.210782 0.122808 -0.00342586 -0.180401 0.165105 -0.0340745 0.0173775
internal_weight=0 33539.7 155109 110159 22233.8 21122.7 44949.6 98279.2 11880.1 24504.8 83525.5 39615.1 43910.4 11306 20444.8 8648.65 39598.4 22494.7 17307.7 9978.7 5213.18 20471.2 17103.7 5048.27 5400.99 29636.4 15070.2 14481 5928.79 3918.45 14753.7 2144.81 24429.5 15126.7 2657.32 12055.4 4033.62 16140.4 12088.4 3742.53 2212.39 1764.42 1397.85 14620 3814.95 1174.54 8108.68 18112
internal_count=1274441 392837 881604 643386 251586 248233 238218 579757 63629 132394 474710 199259 275451 141251 105824 123567 254663 123729 209052 62458 24279 113864 130934 33677 34726 136801 79138 78519 34372 22033 105047 5762 111078 71553 17684 97257 18530 196103 141886 17349 10156 8342 13165 66497 39181 9868 75635 93966
is_linear=0
shrinkage=0.5


Tree=43
num_leaves=49
num_cat=0
split_feature=7 9 2 9 8 3 13 14 8 7 7 11 16 9 0 3 3 2 9 9 16 16 14 15 15 13 14 9 7 15 13 13 5 3 8 11 13 15 9 0 13 16 5 8 3 0 15 3
split_gain=250.074 145.198 142.923 165.567 146.077 125.841 128.268 110.843 109.943 88.9104 75.4738 70.1858 60.2949 59.6055 50.7584 58.1816 57.8948 50.6859 48.3061 64.8582 47.4223 45.2867 67.142 57.7978 44.3637 43.8871 51.2897 41.2515 41.1428 49.2218 100.549 47.0545 62.5747 38.5425 38.1698 40.8974 36.967 37.0783 36.5898 35.2518 40.2541 56.5002 34.919 34.6163 36.5535 34.5548 34.1697 33.7966
threshold=-0.032046044245362275 0.0056382673792541036 0.11872297525405885 -0.0045554519165307275 -0.068317797034978853 0.26942016184329992 0.88886263966560375 8.4088840484619158 0.2355928644537926 0.018134309910237793 -0.07830417156219481 1.2880068421363833 -2.7817513942718501 0.0019990282598882918 0.44773569703102117 0.029348261654376987 -0.05076340772211551 -0.14269985258579251 -0.00092803887673653651 0.0018469484639354052 -0.99649086594581593 -2.3972632884979244 5.0499207973480233 5.192005157470704 5.2374451160430917 0.14060687273740771 8.2972831726074237 -0.0071501992642879477 -0.0073563228361308566 5.2335526943206796 -0.82917919754981984 -0.54538026452064503 0.02264302130788565 0.027232973836362365 -0.046083649620413773 0.92345461249351513 -0.22888867557048795 5.1982109546661386 0.0094279032200574892 0.81135144829750072 -0.71836698055267323 0.20084875822067264 0.045284211635589607 0.036669895052909858 0.044654816389083869 0.3030246794223786 5.2801787853240976 -0.0066963401623070231
decision_type=2 2 2 2 2 2 2 2 2 2 2 2 2 2 2 2 2 2 2 2 2 2 2 2 2 2 2 2 2 2 2 2 2 2 2 2 2 2 2 2 2 2 2 2 2 2 2 2
left_child=10 2 3 27 21 6 8 -8 9 12 -1 14 25 17 16 -16 -11 -12 46 28 -4 22 -5 -24 43 -6 -27 -2 -20 30 -30 -31 34 -13 -33 -36 37 -19 -3 -17 41 -41 -42 44 -22 47 -14 -26
right_child=1 38 20 4 5 -7 7 -9 -10 11 13 33 18 -15 15 39 -18 36 19 -21 24 -23 23 -25 45 26 -28 -29 29 31 -32 32 -34 -35 35 -37 -38 -39 -40 40 42 -43 -44 -45 -46 -47 -48 -49
leaf_value=-0.14247014901386307 -0.18770136385623507 -0.051277436645973035 0.0041875060882236841 -0.055021703922692962 -0.06349532508305232 -0.20161157436064539 0.060094309136328225 0.33727428015517175 -0.21894881954013887 -0.042606509637273721 -0.15339422836271951 -0.02821180122813579 0.0033112888595460362 -0.10656077100551241 0.0034981742397345323 -0.0089995185146897576 0.036849013195809507 -0.015512219127948037 0.012803153960854232 -0.0050307997118858149 0.047947295360120171 -0.064027848059428266 0.066505970135351561 0.47114651488077691 -0.013739661264078731 -0.0073706129324052306 0.21873592944383488 -0.067722179894641021 0.097274879526687785 0.022254842676679654 0.016122213153663613 -0.030362159665697431 0.012679093738486276 -0.10574738773958847 0.063146481178948166 0.1355828999487419 -0.0014270983724337858 -0.072250464666627462 -0.14880172466364983 -0.059674603900298516 -0.067253748748676567 0.10503513650361238 -0.16964414532582026 0.014207167179593801 0.10184083098248348 -0.0052265285566824886 -0.08104559417583726 0.18357718835574605
leaf_weight=1811.7151825028704 943.55196831759531 4315.6920442569535 6070.1526336743264 618.96417287550867 4248.698935279157 707.40416113485117 6907.4842479042709 380.71391032636166 534.6849838946946 2852.3374333479442 780.63836742704734 4273.0861512778793 42272.793429412763 2727.0153014750686 17315.780424982077 4942.0542558826273 11581.135500195902 6003.0391854515765 37888.665231061634 20701.020760243176 5627.7524184621871 9050.4419390200637 258.63687911466695 136.23016132263001 359.6419911282137 1582.4813180109486 296.254095826298 3094.4693626526278 4250.4255840419792 6813.0281130647054 37711.483911961317 549.45990638248622 3030.2054498810321 2589.4755608281121 3408.442779191304 4669.1497559137642 10065.903091714717 5583.458299444057 1250.2140739253955 1885.5951020262437 3478.0909555973485 717.13459700439125 1110.3408635507803 2532.6233284838963 7284.1920611823443 4160.944626577897 1234.3880862682126 529.12347662821412
leaf_count=9874 12322 26899 32088 3882 31613 22305 21948 1598 17716 10132 8543 16294 161565 13139 76800 21869 38315 27964 128046 79873 20275 34762 2400 1434 1053 5804 1155 23681 23984 26995 124801 1302 7319 17559 9570 11285 31197 24396 13431 38241 15543 8062 5601 11043 30602 14841 3734 1586
internal_value=0 0.00662127 0.00827944 0.00445601 0.00616157 0.00876648 0.00942453 0.0746862 0.00725929 0.00781384 -0.0438345 -0.0105303 0.0133362 -0.0367067 -0.00316418 -0.0150789 0.0211105 -0.0281885 0.015174 0.0203858 0.0430952 -0.0527788 0.0471127 0.208209 0.054594 -0.035325 0.0281151 -0.0959207 0.0257422 0.0338459 0.0243564 0.0553752 0.0746858 -0.0575526 0.0964034 0.105091 -0.0236444 -0.042901 -0.073296 -0.0416304 -0.0639817 -0.0140769 -0.0921714 0.0679036 0.0783952 0.0137824 0.000904611 0.103245
internal_weight=0 274164 268599 242034 237996 227932 227224 7288.2 219936 219402 26971.8 50745 168656 25160.1 43882.5 29449 14433.5 22433 162529 119022 26564.4 10064.3 1013.83 394.867 20494.3 6127.43 1878.74 4038.02 98320.9 60432.2 41961.9 18470.3 11657.3 6862.56 8627.05 8077.59 21652.4 11586.5 5565.91 12133.2 7191.16 2602.73 4588.43 15444.6 12911.9 5049.71 43507.2 888.765
internal_count=1274441 1159328 1118998 1007510 971507 929029 906724 23546 883178 865462 115113 248416 617046 105239 214563 166116 48447 92100 578474 413175 111488 42478 7716 3834 79400 38572 6959 36003 333302 205256 148785 56471 29476 33853 22157 20855 83557 52360 40330 89316 67447 46303 21144 61920 50877 17480 165299 2639
is_linear=0
shrinkage=0.5


Tree=44
num_leaves=49
num_cat=0
split_feature=6 15 16 8 16 15 1 1 8 8 8 16 8 6 15 8 3 15 6 8 7 16 16 4 8 1 14 8 6 4 4 4 5 1 8 15 4 3 7 6 4 2 12 1 16 15 16 16
split_gain=230.62 144.577 138.957 124.004 114.92 375.96 294.082 241.462 239.417 180.282 177.888 173.509 147.217 136.768 135.104 134.361 134.116 126.711 108.94 102.271 115.942 100.381 98.335 119.674 98.2551 102.807 97.8965 109.022 96.8245 95.316 216.195 94.1933 87.1869 84.3438 87.7515 84.2806 79.8134 79.2052 78.8676 86.8451 76.1734 147.103 82.2991 74.9151 130.095 90.0908 116.455 90.6549
threshold=0.12494546547532083 5.2729475498199472 -0.46313686668872828 0.25370097160339361 0.022684977389872078 5.2201826572418222 0.57790309190750133 0.48544414341449743 -0.095082201063632951 0.018854009918868545 -0.019338054582476612 -0.82911989092826832 0.055681778118014343 0.026342144235968593 5.1255469322204599 -0.022425841540098187 0.04819184914231301 5.1732852458953866 -0.015277790371328591 0.055681778118014343 -0.0099589456804096681 -0.033407799899578088 0.5742241144180299 0.021623115986585621 0.10896757245063783 0.45267897844314581 1.3548020720481875 -0.0073032961226999751 -0.011374009307473896 0.015600155107676985 0.032076617702841766 -0.054941194131970399 -0.01100628264248371 0.45430219173431402 -0.024667494930326935 5.2860755920410165 0.055490549653768546 -0.0074226984288543454 -0.005921335192397236 -0.062118034809827798 0.026885282248258594 -0.00068405023193918158 1.165350139141083 0.19065749645233157 -3.3444787263870235 5.2448542118072519 -3.3444787263870235 -1.5097384452819822
decision_type=2 2 2 2 2 2 2 2 2 2 2 2 2 2 2 2 2 2 2 2 2 2 2 2 2 2 2 2 2 2 2 2 2 2 2 2 2 2 2 2 2 2 2 2 2 2 2 2
left_child=3 24 -3 4 6 8 26 9 -6 10 -7 -8 14 17 -10 18 31 -13 22 20 -19 -4 -16 -24 25 37 -1 -28 -22 -14 -31 -11 36 -20 -35 43 -12 40 -33 -40 41 42 -2 45 -45 47 -47 -29
right_child=1 2 21 -5 5 7 11 -9 12 16 32 13 29 -15 15 -17 -18 19 33 -21 28 -23 23 -25 -26 -27 27 35 -30 30 -32 38 -34 34 -36 -37 -38 -39 39 -41 -42 -43 -44 44 -46 46 -48 -49
leaf_value=0.031185536515681244 0.042948359079137875 -0.1985697725160098 0.39741492899053482 -0.25123052991212136 0.70102734143581258 0.023161856797070921 -0.39031442125356308 0.062711996373393294 -0.22158692514029549 0.29962621945339896 -0.074499964967684351 -0.29753168462432134 -0.051038515917762491 -0.35101009818647283 0.044992212981133539 -0.12820083216289366 -0.10612942499316572 -0.23686634010487373 -0.18291887536482518 -0.25768740432515808 -0.1471514160915624 -0.00068573226169674109 0.13943080275721509 0.87178141682878374 -0.39642572948096333 -0.37192582053008366 0.016783267261047417 0.073295946444333529 0.12512218816571058 0.74858609806806831 0.01341804045363373 0.14244480158517747 -0.15358327849733319 -0.0080152026910502577 0.54611863726360788 0.11329270444941468 0.17268941118239908 -0.14397901753215467 0.24829304254830184 -0.049757445783643592 -0.23503297930981978 -0.086602855588332681 0.55718960239537207 -0.29873748760021146 -0.01384891155798971 -0.21344208863519276 -0.0010721642606485674 -0.038445921967124277
leaf_weight=33668.183949737169 133.17562415217981 318.94949157361407 326.56530037056655 493.58209082414396 92.443624481442384 3709.9347023107111 544.7819981307257 11601.109547038097 2498.0881883869879 467.1213331213221 2685.3549720551819 451.10609828215092 664.53114926535636 434.12200901872711 578.8655286966823 6551.8977927351953 1130.9351711075287 357.17946159071289 803.61751951981569 366.57400557328947 404.56262456276454 301.67228676239029 145.53486504813191 92.06023151660338 361.04258804197889 375.97294892827631 73518.816693983739 8281.2861818906385 1651.1697706400882 144.71434428659268 323.49981356039643 1617.774600836914 4607.325872463407 885.43704228132265 76.57190147950314 1410.8753014053218 369.84382473817095 2518.1231456770038 284.75885241245851 1684.3233433119021 223.67585586418863 460.44779206404928 194.61317804141436 401.66057893779362 92653.170950084343 746.42973242676817 4770.4244697289541 2317.4266430658754
leaf_count=102435 1455 3749 732 14863 1195 13902 12531 43275 116162 1287 11446 10136 11115 10031 5155 101242 5258 1614 11164 1999 1349 1455 2187 1072 18429 16915 232195 29581 4599 1743 5115 4992 21590 13039 1121 2119 1125 51934 597 6341 2794 4351 1553 3630 339378 4188 10965 9338
internal_value=0 -0.107282 0.0690154 -0.0011007 -0.000628405 -0.0249447 0.00386246 0.00738649 -0.0957868 -0.0313492 -0.0665938 -0.127014 -0.101651 -0.0876402 -0.118423 -0.0901325 0.045857 -0.0519966 0.00628235 -0.0118741 0.0253544 0.20576 0.157376 0.427753 -0.146541 -0.123219 0.00639519 0.00185867 0.0712509 0.0700917 0.242819 0.0883955 -0.110113 -0.0633531 0.0360936 -0.00805933 -0.0443664 -0.0964911 0.0606715 -0.00629692 0.0212134 0.094767 0.350548 -0.00963324 -0.0150872 0.0218269 -0.0299299 0.0488149
internal_weight=0 5214.24 947.187 263487 262994 41015.7 221978 28158.5 12857.3 16557.4 11372.5 4209.5 12764.8 3664.71 11632.1 9133.98 5184.91 3230.59 2582.09 2779.49 2412.91 628.238 816.461 237.595 4267.05 3906.01 217768 184100 2055.73 1132.75 468.214 4053.98 7662.52 1765.63 962.009 110581 3055.2 3530.04 3586.86 1969.08 1011.91 788.237 327.789 109170 93054.8 16115.6 5516.85 10598.7
internal_count=1274441 103367 5936 1171074 1156211 380123 776088 109813 270310 66538 48063 42259 269115 29728 251142 134980 18475 19697 33738 9561 7562 2187 8414 3259 97431 79002 733829 631394 5948 17973 6858 13217 34161 25324 14160 399199 12571 62087 11930 6938 10153 7359 3008 397080 343008 54072 15153 38919
is_linear=0
shrinkage=0.5


Tree=45
num_leaves=49
num_cat=0
split_feature=10 10 11 11 15 8 3 10 1 6 2 1 10 11 3 8 16 15 3 10 7 4 16 5 11 2 11 8 10 8 15 5 16 6 15 2 10 10 10 11 11 3 6 16 1 7 10 7
split_gain=166.69 111.552 96.7526 94.4085 71.4762 78.0081 181.035 71.5896 71.3557 65.8623 59.4122 52.9033 84.2483 121.767 58.2024 49.5774 48.3293 46.7088 49.5337 44.4123 43 44.5811 48.6594 40.6071 39.2844 38.5871 37.8833 35.5973 33.9225 33.4745 72.9172 33.2536 32.9871 46.3084 51.1488 41.474 35.5901 33.2975 32.7889 47.0108 32.551 30.8207 30.6819 30.3054 29.8034 28.9603 28.3452 27.9273
threshold=-2.7088938951492305 6.6308598518371591 1.1220605373382571 1.3763592243194582 5.056706666946412 0.048272084444761283 0.10488036274909975 0.89351558685302745 0.082200404256582274 0.019004190340638164 -0.077608987689018236 0.30116650462150579 1.459400534629822 1.2678532600402834 0.029348261654376987 0.18646121025085452 -1.8604809045791624 5.2720847129821786 0.041421053931117065 2.5294514894485478 -0.016764140687882897 0.067038711160421385 -1.2100517153739927 0.064294040203094496 1.2163776755332949 0.093421500176191344 0.99840059876441967 -0.0091311163268983347 -0.29475502669811243 -0.085289746522903429 5.1847491264343271 -0.015196507796645163 -2.1330909729003902 0.028974769636988643 5.1955821514129648 -0.021449347957968708 1.5163580775260928 0.27008412778377539 4.163541555404664 1.00660115480423 0.9108257293701173 -0.0032845743698999281 0.13257315009832385 -0.99649086594581593 0.082200404256582274 0.031348876655101783 12.912214756011965 0.0067410788033157596
decision_type=2 2 2 2 2 2 2 2 2 2 2 2 2 2 2 2 2 2 2 2 2 2 2 2 2 2 2 2 2 2 2 2 2 2 2 2 2 2 2 2 2 2 2 2 2 2 2 2
left_child=-1 3 46 4 15 10 7 8 -7 -8 38 17 20 14 19 16 -2 18 29 -14 21 22 -13 31 -9 -22 -21 -5 -18 30 -12 -10 35 34 -34 -31 44 -36 -6 -40 -38 -35 -20 -11 -37 -30 -3 -33
right_child=1 2 -4 27 5 6 9 24 23 43 11 12 13 -15 -16 -17 28 -19 42 26 25 -23 -24 -25 -26 -27 -28 -29 45 32 -32 47 33 41 37 36 40 -39 39 -41 -42 -43 -44 -45 -46 -47 -48 -49
leaf_value=0.18354186165803843 -0.091484197028011402 0.0052847884355506844 -0.25711122494627298 0.28835273375737497 -0.0097446827197329861 0.17802256522252566 -0.0011764301189623023 -0.043438947201804703 -0.033123760435864597 0.1630208223743122 -0.025711632131853266 0.15334359490890012 0.057116393923268491 -0.060469006694436556 0.025657787654240503 0.20970948097670777 0.018437351364679146 0.050573484050415583 0.02061319687741436 0.15271998522717434 0.012973890449756531 -0.031632394725314199 0.03627361458686125 -0.089448463853368257 -0.11494932772621286 -0.013895023066395756 0.050063049355484154 0.087499186932076686 -0.018450708530257959 -0.096465522979493873 0.21665351093044125 -0.010038106642690808 0.033599349048904062 -0.060341684965719206 -0.046367183172957127 0.088461534715548823 -0.01291990727846104 0.0073367100801999246 0.23307551210366326 -0.055674329318210536 -0.1735475529603264 -0.0051022528948798862 0.11818146824370031 0.070868651450776199 -0.016949830012865187 -0.073701354832873101 -0.16978396351412609 0.039542432819511107
leaf_weight=1282.0125414384529 2378.4812137343688 1066.6198184152599 741.44394499229384 342.92426350899041 38753.07997512829 494.73470090189949 2598.3412458860548 12363.085241369496 7711.0674281734973 1317.1439870002796 794.49490188609343 945.75498290732503 10635.375637182966 2558.6451173590031 10660.815996875521 228.55964214657433 5326.9347756337374 4305.3882151376456 7657.1159401427722 2729.1179557652213 59674.945464560762 2262.4190900353715 15095.497008807957 1638.5176779360045 2288.520385204989 17200.733955170959 1366.8377383193001 650.57685453770682 15930.691954995564 2400.5513660078868 504.93248827429488 7393.2353426585905 9963.708337119373 5244.4883918566629 4936.161608055234 792.52305108355358 635.8811872114893 6917.6837943005376 330.79661789740203 240.51886339869816 639.62423284770921 4910.6250598568004 903.69695549714379 2887.4362284489907 4323.8405513893813 2797.9985835739644 292.4614633906458 4600.9761664581019
leaf_count=4901 13468 30448 38446 1856 154578 3228 18346 67041 26094 19049 3577 3211 38522 24694 57213 2325 19573 13291 31299 14634 192474 7436 49586 5401 25823 54763 10609 3225 77631 9195 2190 24075 38030 18796 12720 3771 3710 22644 5993 7646 6019 19257 5099 19264 13773 15532 16684 17301
internal_value=0 0.00291346 -0.111859 0.0037517 0.00321764 0.00574122 -0.0136356 -0.0276058 -0.00943719 0.0612186 0.00960252 0.0134881 0.0192446 0.0433859 0.0538725 -0.0214356 -0.023461 0.00057535 -0.00366774 0.0742539 0.0121495 0.0339359 0.0432161 -0.0138139 -0.0546498 0.00695543 0.118606 0.15755 -0.0167109 -0.0107323 0.0681765 -0.00749525 -0.0132615 -0.00578401 0.00717948 -0.0403919 -0.0192427 -0.0149864 -0.00797853 0.110756 -0.093934 -0.0336824 0.0309837 0.0998874 -0.000509842 -0.0267351 -0.0321179 0.008941
internal_weight=0 290435 2100.53 288334 287341 260678 43293.1 36490.1 21838.5 6802.92 217385 178061 123130 27950.8 25392.1 26662.7 26434.1 54930.7 50625.3 14731.3 95179.4 18303.7 16041.3 21343.8 14651.6 76875.7 4095.96 993.501 24055.6 42064.5 1299.43 19705.3 40765.1 31972.7 21817.6 8792.42 6391.87 11853.8 39324.4 571.315 1275.51 10155.1 8560.81 4204.58 5116.36 18728.7 1359.08 11994.2
internal_count=1274441 1269540 85578 1183962 1178881 1050352 225622 168963 76099 56659 824730 656513 453142 145672 120978 128529 126204 203371 190080 63765 307470 60233 52797 72871 92864 247237 25243 5081 112736 153682 5767 67470 147915 111447 73394 36468 27273 35364 168217 13639 9729 38053 36398 38313 17544 93163 47132 41376
is_linear=0
shrinkage=0.5


Tree=46
num_leaves=49
num_cat=0
split_feature=14 8 15 13 13 8 15 6 15 7 15 13 15 7 6 8 4 14 6 16 15 6 14 13 15 16 8 15 16 15 15 14 14 15 13 8 15 9 7 10 4 7 13 6 8 13 13 8
split_gain=268.407 219.119 355.267 260.456 244.738 268.598 244.936 217.822 204.302 187.512 157.495 150.08 387.473 175.917 121.079 119.345 108.191 92.1052 86.1112 85.4243 101.343 77.3737 74.2103 72.9883 82.4911 83.109 70.8726 76.5905 67.2116 67.0094 60.3157 58.4096 70.4004 58.2251 140.653 119.526 57.915 56.8797 56.4697 53.4895 52.3614 51.1082 50.5184 50.2978 50.0501 77.2948 49.7322 48.8293
threshold=2.0987071990966801 0.026177423074841503 5.1217868328094491 -0.84373477101325978 -0.65704333782196034 -0.04145772568881511 5.2589197158813485 0.02069618180394173 5.2619335651397714 -0.025688727386295792 5.1865935325622567 -0.49291408061981196 5.2017288208007821 0.022836321033537391 -0.0847959630191326 0.0047719080466777095 -0.024835052900016304 12.248938560485842 0.12494546547532083 -1.8367398381233213 5.2193739414215097 0.11508930847048761 22.300988197326664 -0.58078381419181813 5.2078197002410898 -2.2599641084671016 -0.075366057455539689 5.187458038330079 -3.3444787263870235 5.0669302940368661 5.2650723457336435 9.1253356933593768 25.254186630249027 5.2581949234008798 -0.61935424804687489 0.067435391247272505 5.2773122787475595 -0.0021658877376466985 0.034210452809929855 -0.91613590717315663 0.055490549653768546 0.023300683125853542 0.7456280291080476 -0.00103329645935446 0.010953699704259636 -0.84373477101325978 -0.75829583406448353 -0.11804120615124701
decision_type=2 2 2 2 2 2 2 2 2 2 2 2 2 2 2 2 2 2 2 2 2 2 2 2 2 2 2 2 2 2 2 2 2 2 2 2 2 2 2 2 2 2 2 2 2 2 2 2
left_child=7 2 14 10 5 8 15 23 26 -7 18 12 29 16 -2 19 43 33 31 -6 -21 -9 -12 41 25 -25 27 -4 -18 -5 40 -3 -33 46 -35 -36 37 -30 -23 -16 -11 -1 -15 -13 -32 -46 -14 -41
right_child=1 3 4 11 6 9 -8 21 -10 30 22 13 17 42 39 -17 28 -19 -20 20 -22 38 -24 24 -26 -27 -28 -29 36 -31 44 32 -34 34 35 -37 -38 -39 -40 47 -42 -43 -44 -45 45 -47 -48 -49
leaf_value=-0.057614446500272483 0.39835140816398412 -0.068201060616524797 0.083631224502876245 -0.066441556706837268 -0.012688882767499009 0.066558611688987149 -0.20976922968537934 -0.018355153068064369 0.42431309071666445 -0.039381758976668721 0.017575414124162091 -0.0036207225340419706 0.032431101160372615 0.14557597812386086 -0.071648663695388137 0.021514246082516217 0.11023999305693431 0.31215702444518434 0.051289091770141987 -0.067812230136836141 -0.18274007489436347 0.12391841302655142 0.25563220927652786 0.033598368950526841 -0.16497558155537365 -0.10198579708820275 0.038604030993124719 0.36414187626857397 0.085301171240329432 0.046760958960979218 -0.10962080693935164 -0.22615231225472215 0.15799287233772275 0.34127337953531206 -0.10691675291676261 0.30597994017178676 -0.19394988694065926 -0.037255766310715227 0.013527904018261858 0.21908842890666957 0.017126327136188065 0.047357914629352529 -0.013676228273757245 0.1160367501806822 -0.07893122886088276 0.21259201508440154 0.1612111282113628 0.039675661923990017
leaf_weight=11194.550265280413 234.25914170732722 5127.2147812533658 747.11212737625465 1672.9575356463902 4157.0215829028748 4947.513955599512 2782.7944770816248 16199.370850773994 408.77452173037454 20346.486611892469 10009.53770963382 1305.7236392194172 1103.8299711656291 3478.3270395623986 1066.9288069469621 4371.2916861209087 898.4128320934251 1216.8270710390061 1239.1844823672436 7290.3746997030685 2616.9475508515025 1785.6203976524994 337.93243074184284 1481.2440536636859 3587.4694148894632 4696.5628072877298 5852.8058247186709 365.46681465301663 1065.0085491469363 5932.146703571314 4385.7194797673728 1171.293718384346 130.49951100419275 1131.5212186044082 434.56344054779038 291.39696557167917 525.32025383994915 8339.6037996672094 3330.8060930357315 385.4675133083947 5119.4541768019553 1287.4617356342496 574.38738316623494 2631.9966116021387 731.83650923054665 328.38295218115672 2412.1534357867204 25125.106845474802
leaf_count=72694 1603 26666 3930 8610 15778 23320 28026 107654 2375 102333 62273 10481 5203 20989 11353 44844 3240 7743 12139 89573 35531 8152 6437 5048 50622 77982 27739 2648 6910 30242 17725 10086 2534 5570 1664 1360 3002 58394 14198 1731 23109 9224 3312 17183 2611 1555 10857 178188
internal_value=0 0.007306 -0.00736123 0.0335469 -0.0274865 -0.00588857 -0.0714674 -0.0375468 0.0809968 -0.0237715 -0.0147864 0.0599369 0.0987665 0.0306166 0.0409979 -0.0505538 0.00525228 0.187506 -0.0691054 -0.0729885 -0.0982354 -0.00140231 0.0254222 -0.0721539 -0.104573 -0.0693959 0.060719 0.176468 -0.0205213 0.0217877 -0.0382469 -0.0923935 -0.187168 0.159133 0.231048 0.0583231 -0.0324122 -0.0233163 0.0521683 0.0378144 -0.028002 -0.0467441 0.122884 0.0762413 -0.0860475 0.0110067 0.120944 0.0424147
internal_weight=0 142294 91263.7 51029.8 64452 43233.6 21218.4 43563.1 7374.16 35859.4 18015.7 33014.2 14195.4 18818.8 26811.8 18435.6 14766.1 6590.29 7668.19 14064.3 9907.32 21315.8 10347.5 22247.3 9765.28 6177.81 6965.38 1112.58 10828.3 7605.1 30911.9 6429.01 1301.79 5373.47 1857.48 725.96 9929.93 9404.61 5116.43 26577.5 25465.9 12482 4052.71 3937.72 5445.94 1060.22 3515.98 25510.6
internal_count=1274441 928867 613972 314895 421097 207345 213752 345574 36692 170653 120135 194760 71249 123511 192875 185726 99210 32397 51425 140882 125104 130004 68710 215570 133652 83030 34317 6578 71546 38852 147333 39286 12620 24654 8594 3024 68306 65304 22350 191272 125442 81918 24301 27664 21891 4166 16060 179919
is_linear=0
shrinkage=0.5


Tree=47
num_leaves=49
num_cat=0
split_feature=10 6 6 16 15 5 13 15 16 8 10 2 16 6 0 13 11 15 0 13 16 8 0 9 12 11 5 0 10 13 0 8 8 8 15 11 0 9 10 16 13 15 8 15 2 13 6 16
split_gain=153.312 121.312 116.674 101.068 104.208 86.0056 94.6991 151.532 91.783 81.3416 65.7768 65.6775 64.3109 64.2912 60.2696 54.6966 54.6116 94.124 60.1032 48.1668 46.661 46.4861 48.1601 45.8412 42.7391 58.9617 41.7672 40.1979 39.9662 39.6986 56.1734 39.4995 40.1931 47.5964 39.4495 38.0491 37.2839 35.2421 35.0648 34.8701 57.5886 34.3685 34.2118 60.2829 37.0597 33.9527 31.5257 35.7472
threshold=2.4936358928680424 0.16148459911346438 -0.0847959630191326 -1.9886859655380247 5.2456095218658456 -0.07353507354855536 -0.79368308186531056 5.2128472328186044 0.49039228260517126 -0.068317797034978853 18.808160781860355 0.097424972802400603 -1.0413818955421446 -0.025043804198503491 0.47662405669689184 -0.68552905321121205 1.2163776755332949 5.2264039516448983 0.88988870382308971 0.06359171494841577 -1.4153259396553037 0.067435391247272505 0.54897296428680431 -0.0017500338144600389 1.6904397606849673 0.66446825861930858 -0.039562068879604333 0.72696170210838329 0.59732332825660717 -0.55933016538619984 0.93307119607925426 -0.08961204811930655 0.015033137053251268 -0.0052937322761863461 5.2153091430664071 1.208254933357239 0.83126214146614086 0.0018469484639354052 -2.7088938951492305 -0.24150291085243222 0.85412579774856578 5.2411777973175058 0.033428620547056205 5.1883480548858651 0.06698524579405786 -0.44475483894348139 0.034261280670762069 -0.20648514479398725
decision_type=2 2 2 2 2 2 2 2 2 2 2 2 2 2 2 2 2 2 2 2 2 2 2 2 2 2 2 2 2 2 2 2 2 2 2 2 2 2 2 2 2 2 2 2 2 2 2 2
left_child=1 2 -1 4 -4 34 7 12 21 35 11 13 -7 19 20 -6 24 18 28 -2 -15 -9 -23 -16 38 -26 -25 -21 -18 30 -13 -28 33 -33 -5 41 -3 -34 -11 40 -40 -8 44 -44 -41 -20 47 -19
right_child=10 36 3 5 15 6 9 8 -10 16 -12 29 -14 14 23 -17 17 46 45 27 -22 22 -24 26 25 -27 31 -29 -30 -31 -32 32 37 -35 -36 -37 -38 -39 39 42 -42 -43 43 -45 -46 -47 -48 -49
leaf_value=-0.10014502535187393 -0.097828837898149321 0.011337456051396423 -0.041431966669315347 -0.010593634715874373 -0.04768282712916732 0.012507095479425141 -0.0052565615236007928 -0.027998350647853262 0.085801601292672752 -0.12800694536811058 -0.14820020173740711 -0.03070903237678875 0.082257518039814348 0.058111033559323601 -0.083540962901153079 0.069547726116290981 -0.03351232878016628 0.066253275476056667 -0.0155413373485559 0.034709160333381915 -0.010055915817242616 0.23377435497284818 0.0030046296121705529 -0.076972619508786783 -0.024892637194072777 -0.29743861192675247 -0.19050724739509722 -0.14497897285046615 0.010486101190666145 0.065072419713206903 0.082846270228629157 -0.017141543490277189 -0.025598848440817518 0.052714496561808433 -0.079501718147823808 -0.1073433988476425 -0.13832277224154096 -0.11890733057583054 0.0066182786775054077 0.024833306914911094 0.076793139128025906 -0.13138595578701043 0.042644846857976274 -0.03481126532351024 0.057286198182770302 -0.10534463912048452 -0.022856902674144107 0.0069714551661189126
leaf_weight=2477.0315465386957 5018.615459689172 527.2041322767036 17422.367289886926 5788.6229179111542 1335.5030711854342 4237.2824870782206 4197.7538939611986 10988.43380466674 2553.9341612335993 409.21055174199864 1019.9044245480327 4745.1202489811694 15309.923869877937 3434.8291084500961 3917.3727250159136 3851.1312485989183 10066.835356525145 6140.0801816764288 1637.6505308524938 1461.0999032501131 9295.1557292756625 349.92374760052189 648.26518069568556 3274.8152566642966 1567.0552123743109 227.30892066308297 317.35251993348356 394.25310125946999 10565.96987353242 3053.985523105599 1411.7956595870201 6996.1628179638647 6709.5341707580374 3738.233569866512 3256.8496164680691 1781.3401589230634 1870.5612371714087 1197.2438212604611 60412.875933935167 40469.954768652096 3073.5125269014388 620.64554904820397 4579.1365278041922 5562.0970108038746 11290.360163675621 3019.6780748465098 2299.7736513200216 4375.2275759093463
leaf_count=9028 17285 4281 85507 25874 14522 30739 14390 57628 12931 2366 15028 19938 88283 12028 37662 12711 32183 13081 7520 4242 27141 2061 9786 21913 6556 1859 1996 1051 35281 9984 11533 38564 51349 18883 12847 4472 32168 12373 191074 148987 9448 2537 18159 18679 40553 10569 6390 11001
internal_value=0 0.00665391 0.0077717 0.00889719 -0.0228972 0.0122364 0.0143297 0.0384134 -0.000204985 0.00956173 -0.0223693 -0.0200228 0.0671646 -0.0277818 -0.0198822 0.0392624 0.0117324 -0.00486751 -0.022568 -0.0723812 0.00830087 -0.0185773 0.0845564 -0.0336205 0.0166939 -0.0598435 -0.024799 -0.00326184 -0.0109573 0.0184643 -0.00458011 -0.0157568 -0.0127449 0.00714176 -0.0354655 -0.0448539 -0.105217 -0.0398041 0.01779 0.0182709 0.0100246 -0.0216306 0.0267199 0.00011445 0.0319228 -0.0738847 0.0300237 0.0416377
internal_weight=0 242914 240516 238039 22609 215430 206384 34087.8 14540.6 172296 55985.5 54965.6 19547.2 45754.7 38880.7 5186.63 165697 38105.2 25290.1 6873.97 12730 11986.6 998.189 26150.7 127592 1794.36 22233.3 1855.35 20632.8 9210.9 6156.92 18958.5 18641.2 10734.4 9045.47 6599.74 2397.77 7906.78 125797 125388 63486.4 4818.4 61901.5 10141.2 51760.3 4657.33 12815.1 10515.3
internal_count=1274441 973471 937022 927994 112740 815254 776533 201428 82406 575105 300970 285942 119022 244487 221909 27233 553706 116025 85553 22578 39169 69475 11847 182740 437681 8415 145078 5293 67464 41455 31471 123165 121169 57447 38721 21399 36449 63722 429266 426900 200522 16927 226378 36838 189540 18089 30472 24082
is_linear=0
shrinkage=0.5


Tree=48
num_leaves=49
num_cat=0
split_feature=6 16 1 9 0 15 10 15 2 6 5 4 5 1 0 16 4 10 8 0 6 15 15 5 1 2 8 5 4 1 6 16 16 16 4 16 4 2 5 15 15 1 0 1 1 2 10 6
split_gain=141.231 95.8802 90.2798 110.3 94.1217 89.2531 84.3721 110.354 81.3799 101.312 70.9624 72.1483 91.5839 139.014 137.571 106.959 86.8703 83.3473 80.8205 73.9162 72.7704 94.1507 71.1982 79.184 69.9955 70.0665 95.0853 67.9769 99.1804 67.7276 91.4848 84.6334 67.4999 65.9443 65.7761 64.8979 83.5175 83.0413 76.2827 71.6283 81.9734 123.304 63.9214 63.9166 62.702 62.5973 64.915 92.1737
threshold=0.17342822998762134 0.90561389923095714 0.751446694135666 -0.0058533090632408849 0.4114482998847962 5.2515408992767343 -0.56005066633224476 5.0781826972961435 0.22998324781656268 -0.011807607952505348 0.20429605990648272 -0.081893932074308382 0.0093996138311922568 0.13090452551841739 0.94577708840370189 0.70919811725616466 0.1026463992893696 1.4044046401977541 -0.11804120615124701 0.97740155458450328 -0.042274147272109978 5.1883480548858651 5.1255469322204599 -0.009244029410183428 0.49305707216262823 0.19086312502622607 -0.038818227127194398 0.011138657107949259 0.026311164721846584 0.29620015621185308 0.013441501185297968 -1.4349046945571897 0.65979543328285228 0.76933526992797863 -0.033993616700172417 0.81782159209251415 0.083317555487155928 0.0021008147159591322 -0.0012449985370039938 5.2312119007110605 5.1990597248077401 0.50747865438461315 0.93151438236236583 0.18034615367650988 0.24774942547082904 -0.0044362735934555522 1.1097467541694643 -0.019763464108109471
decision_type=2 2 2 2 2 2 2 2 2 2 2 2 2 2 2 2 2 2 2 2 2 2 2 2 2 2 2 2 2 2 2 2 2 2 2 2 2 2 2 2 2 2 2 2 2 2 2 2
left_child=1 2 3 4 -1 -6 7 -5 10 -10 11 19 13 45 35 18 17 43 -14 29 21 -20 -19 -24 -3 26 -26 28 -22 30 -8 -31 -4 34 -9 42 37 38 -37 40 41 -39 -15 -16 -32 -13 47 -47
right_child=-2 24 32 6 5 -7 8 33 9 -11 -12 12 15 14 16 -17 -18 22 20 -21 27 -23 23 -25 25 -27 -28 -29 -30 31 44 -33 -34 -35 -36 36 -38 39 -40 -41 -42 -43 -44 -45 -46 46 -48 -49
leaf_value=0.27985974770008204 -0.14065262400068143 -0.23015328659041775 -0.40125821933901634 -0.17865309976676857 -0.084433319598118908 0.16148874194688864 0.032556906891892327 0.031849778006035945 -0.10331015566275514 0.13562897047440575 -0.26707840548643824 0.11560330219589314 -0.24766693750485214 -0.0020788361556093819 0.19440244918554708 -0.15268103348910203 0.37933778875360391 -0.080286567693771016 -0.060083450508509349 -0.13206520336267918 -0.13700025478669253 0.070487038417186371 0.074552006332822593 0.22690507447081337 0.46819923897061821 0.48233454145792276 -0.12723905635612251 -0.012789052278223577 0.057284782507310242 -0.084375972241037961 0.064407900632488371 0.052075128885435362 0.19035154300014509 -0.28117491642551745 -0.033977740408126345 -0.1927479743770823 0.59869621807243645 -0.26105352695627471 0.38911626125823595 0.031517839679464983 0.83638269861824699 0.84898882754465954 -0.090973507394164779 -0.012365611240364411 0.40358217276550346 0.10890607697449374 0.077728864862522867 -0.1040338940825203
leaf_weight=603.99979446743964 1851.2983811062877 790.24986086881836 231.73658887916827 1191.986349528539 696.58241166028893 778.95625216397457 742.96558154083323 4840.1566295917146 554.42642184416763 2169.2830130920047 247.67489461228251 3722.987400200218 362.95800661377143 116673.44839120001 409.70861836185213 1383.1969205868663 209.15968960971804 467.05359345779289 1859.2547946856357 597.65196124030626 2475.9683483407134 5322.6699767315295 2566.7875484618125 1289.6909278137609 73.807801900256891 63.07305282051675 629.96314659519703 72158.059262143215 889.11967360827839 1315.5119150837418 207.58199213340413 8213.6884389840998 58.89874172382406 243.05314858665224 17462.19499521103 306.31692158407532 86.577410976053216 63.996887460467406 67.621404683100991 197.06366654438898 82.632261623162776 39.380158709682291 2057.3934517453308 4135.0255275308155 420.57069089135621 760.36987961875275 3159.6278771642828 1520.9799420066993
leaf_count=1629 54313 17681 7322 21612 15861 2704 2623 25968 3067 16231 9647 10885 1523 422631 1526 23203 1899 7557 10781 12539 9783 10465 11840 5030 1380 1241 14292 309348 3445 12758 1929 54105 1949 6165 85516 4772 717 2560 915 1389 924 1208 12775 24525 2515 1807 12836 7050
internal_value=0 -0.00209991 -0.0013649 -0.00105415 0.11361 0.045075 -0.00197194 -0.0303905 0.000875574 0.086788 -0.000122604 0.000159239 -0.00183655 0.0061059 0.00186345 -0.0148037 0.0612044 0.0536028 -0.0125 0.0387802 -0.0114589 0.0366117 0.103299 0.125677 -0.125771 -0.017391 -0.0635074 -0.0160373 -0.0855162 0.0482045 0.152169 0.0331786 -0.279409 -0.0225221 -0.0196684 -0.00263768 0.135456 0.0810974 -0.0854354 0.24476 0.466625 0.161095 -0.00362419 0.00620324 0.292572 0.0656039 0.031285 -0.0328257
internal_weight=0 264401 262844 262553 2079.54 1475.54 260474 23737.4 236736 2723.71 234013 233765 222267 137816 128652 84451.2 9077.43 8868.27 83068 11498 82705.1 7181.92 4323.53 3856.48 1557.09 766.844 703.771 75523.1 3365.09 10900.3 1371.12 9529.2 290.635 22545.4 22302.4 119574 843.589 757.011 373.938 383.073 186.009 103.377 118731 4544.73 628.153 9163.97 5440.98 2281.35
internal_count=1274441 1220128 1185534 1176263 20194 18565 1156069 139261 1016808 19298 997510 987863 901394 532846 500268 368548 52377 50478 345345 86469 343822 21246 24427 16870 34594 16913 15672 322576 13228 73930 7067 66863 9271 117649 111484 447891 12485 11768 5687 6081 4692 3768 435406 26051 4444 32578 21693 8857
is_linear=0
shrinkage=0.5


Tree=49
num_leaves=49
num_cat=0
split_feature=14 10 11 10 10 0 14 13 14 10 10 16 13 4 10 10 13 0 11 9 11 14 10 15 6 15 6 16 5 9 11 11 0 16 15 6 0 16 6 2 6 2 4 13 6 0 2 11
split_gain=79.9723 130.082 102.57 138.621 97.6359 90.5643 99.6688 81.6991 80.7932 95.6265 64.6779 103.43 71.9344 70.4986 62.2914 45.938 45.6343 44.7911 55.2983 43.5593 43.21 45.2265 41.1398 40.9683 40.6774 35.9977 35.1981 34.9386 33.3996 33.418 31.6974 45.423 39.2314 30.6092 35.1344 29.872 29.8059 29.8039 29.7754 28.8648 28.8455 41.7367 26.4779 25.9314 53.5831 25.7911 27.1074 25.1193
threshold=1.4199784994125368 -0.46679161489009852 1.0984966158866885 4.6130268573760995 0.79091331362724315 0.44180493056774145 3.6731528043746953 0.67665246129035961 5.7393896579742441 1.1255795359611513 3.1729606389999394 -0.44000466167926783 -0.93145951628684986 0.096048463135957732 3.6329838037490849 -1.9908640980720518 -0.69129458069801319 0.76677495241165172 1.2450675368309023 -0.0058533090632408849 0.9108257293701173 1.5557473897933962 1.459400534629822 5.2712695598602304 0.019431534223258499 5.132915973663331 0.033661112189292915 -1.1158547997474668 -0.038771666586399071 0.0053382408805191526 0.59615468978881847 0.49266123771667486 0.84734183549880993 -2.3612127304077144 5.1205444335937509 0.0093764197081327456 0.4114482998847962 -3.0004471540451045 0.063349097967147841 -0.086836781352758394 0.0016672779456712308 0.040585957467556007 0.04811008274555207 -0.12863900512456891 0.011927484534680845 0.53245010972023021 0.22998324781656268 0.55113649368286144
decision_type=2 2 2 2 2 2 2 2 2 2 2 2 2 2 2 2 2 2 2 2 2 2 2 2 2 2 2 2 2 2 2 2 2 2 2 2 2 2 2 2 2 2 2 2 2 2 2 2
left_child=4 5 10 8 17 20 43 14 33 -10 13 16 -13 19 22 -8 30 -1 23 36 21 -2 27 47 -17 -24 -27 -6 -21 37 31 -12 -33 34 -4 39 -3 38 -30 -35 -22 -42 -23 45 -45 -7 -47 -19
right_child=1 2 3 -5 7 6 15 -9 9 -11 11 12 -14 -15 -16 24 -18 18 -20 28 40 42 25 -25 -26 26 -28 -29 29 -31 -32 32 -34 35 -36 -37 -38 -39 -40 -41 41 -43 -44 44 -46 46 -48 -49
leaf_value=-0.0064568350754520016 -0.21617593392786547 -0.22928226316865361 -0.18656897583649446 -0.17543610700011811 0.091991409104185698 0.078917714808439746 0.18194698326914571 -0.050352365113413504 -0.011070344786127092 -0.1065010718774389 0.0067865342868032282 0.26478188518182838 0.075948073110362418 -0.054104539970467165 -0.12912700549638534 0.040444883084466705 -0.061822216976253161 0.05987424918895326 0.10322791196257078 -0.01648830454427249 0.046211853774913207 -0.015228238917296246 0.032789799334454701 0.10781111091811275 0.10889692204768005 0.13309168541381936 0.040704111872764979 0.025687905671621467 -0.067602260824014049 -0.054848078484570018 0.0046685540439372316 0.14251722055029459 0.52811863555390315 -0.037950092573262782 -0.034376521390181103 -0.02088724796847417 -0.04844818315594579 0.0091460150298083125 0.12338030119938163 0.013364697950070767 0.022279611295659304 -0.10851815305146513 -0.11513864135751105 0.0053289725234006487 0.10955925158083676 -0.007219570491909336 0.13994638478260635 -0.0029489976636546643
leaf_weight=26895.574109571986 345.56537284702063 280.55886878454476 481.77809862606227 1466.2868421057647 2646.1997279808857 1071.9313228894025 1036.7387117743492 1923.8304111156613 5237.7780917589553 5288.224203462858 329.9999384599505 611.37505333108129 2969.148892170575 5963.9097914568847 433.49063521111384 5014.4852675010916 2001.8321670735022 1885.3198986854404 2081.8431117180735 19015.227204801718 3861.9691753461957 4677.0455870460719 2043.8360686562955 1098.7653363998979 3875.0032307533547 4275.1041754209436 1382.5358514264226 8126.8841175809503 2060.2154470643727 2175.685668495018 1641.203177183168 199.43442923628027 102.6568509042263 3215.7969360428397 1835.008613227983 20589.923476438969 1271.8490558548365 94342.725519442989 223.94783844833728 18407.757756397594 1844.6329747946002 907.26368580199778 775.79913641512394 3022.424070449546 2094.5101813524961 9918.2327454974875 321.97225471027195 10095.98943565879
leaf_count=76471 899 641 3731 65834 8325 3457 3882 6367 33652 83815 7616 9017 32375 22756 2371 16952 23149 6899 8724 65225 11905 14477 7466 2747 14769 13149 4926 24219 11731 8998 39320 2403 3817 13249 15144 99544 6000 325872 2522 75139 6064 2527 2249 9602 7556 32957 1161 32770
internal_value=0 -0.000474198 -0.0058695 -0.0237165 0.0196586 0.0259147 0.0425023 0.0476537 -0.0196637 -0.0590674 0.00170072 0.0457097 0.108396 -0.00105401 0.057654 0.0820722 -0.00668783 0.00577942 0.0275172 0.00159272 -0.00926631 -0.0407968 0.0620705 0.0154217 0.0703488 0.0900333 0.110615 0.0420275 0.00269353 0.00639039 0.0416488 0.136718 0.276512 -0.0103371 -0.0663077 -0.00725197 -0.0815779 0.00777499 -0.048613 0.00570878 0.018303 -0.0206848 -0.0295531 0.0185607 0.0481042 0.00514972 -0.00253035 0.006899
internal_weight=0 228480 189712 56522.6 62889.4 38767.6 26355.3 20831.9 55056.3 10526 133190 7855.65 3580.52 125334 18908.1 9926.23 4275.13 42057.5 15161.9 119370 12412.3 5798.41 18474.6 13080.1 8889.49 7701.48 5657.64 10773.1 117818 98802.6 2273.29 632.091 302.091 44530.3 2316.79 42213.5 1552.41 96626.9 2284.16 21623.6 6613.87 2751.9 5452.84 16429.1 5116.93 11312.1 10240.2 11981.3
internal_count=1274441 1080007 951550 390108 194434 128457 90336 66823 324274 117467 561442 117697 41392 443745 60456 35603 76305 127611 51140 420989 38121 17625 58085 42416 31721 25541 18075 32544 414348 349123 53156 13836 6220 206807 18875 187932 6641 340125 14253 88388 20496 8591 16726 54733 17158 37575 34118 39669
is_linear=0
shrinkage=0.5


Tree=50
num_leaves=49
num_cat=0
split_feature=5 2 4 9 13 0 9 2 4 14 8 6 8 8 3 0 6 2 4 5 13 4 8 5 13 14 2 14 13 5 0 3 2 13 5 13 2 10 14 13 0 6 13 10 13 4 8 3
split_gain=246.845 192.318 145.28 123.51 116.967 123.454 109.375 102.095 100.811 98.527 70.8683 64.9952 63.7785 66.5885 59.2159 172.763 55.8685 52.5335 52.2741 49.5798 49.215 42.7471 42.1649 42.0845 91.1117 48.7237 41.9212 40.6503 40.4393 87.1793 69.5221 40.3242 45.4454 45.1578 40.1199 40.1183 46.1594 39.3012 54.9751 37.811 37.5502 64.5448 47.3612 43.2116 42.4155 36.886 36.5142 35.5969
threshold=-0.055392794311046593 0.049346327781677253 0.09926342219114305 -0.0010547052952460942 -0.54538026452064503 0.79280236363410961 0.0056382673792541036 0.33282351493835455 0.055490549653768546 22.300988197326664 0.031137434765696529 0.24986702203750613 0.1057914048433304 -0.10363097488880156 -1.0000000180025095e-35 0.8790625035762788 0.10632392019033433 0.12760682404041293 0.055490549653768546 0.057039504870772369 -0.82178956270217884 0.041140126064419753 0.014522359706461431 0.050755275413393981 -0.78091764450073231 3.4094896316528325 0.13739392161369327 1.668458938598633 -0.72855851054191578 0.043590316548943527 0.67822617292404186 0.35525751113891607 0.20821332186460498 -0.048298403620719903 0.015641774982213977 0.41660419106483465 -0.11872535571455954 7.5945768356323251 4.1999824047088632 -0.82178956270217884 0.6282610595226289 -0.01046732487156987 -0.91082352399826039 2.2915848493576054 -0.27967968583106989 0.16061789542436603 -0.049205031245946877 0.10488036274909975
decision_type=2 2 2 2 2 2 2 2 2 2 2 2 2 2 2 2 2 2 2 2 2 2 2 2 2 2 2 2 2 2 2 2 2 2 2 2 2 2 2 2 2 2 2 2 2 2 2 2
left_child=4 2 3 10 5 26 9 8 19 11 27 12 13 34 15 40 20 37 22 -3 -17 23 -11 -16 25 -25 -1 39 -12 -30 -31 32 33 45 -5 36 -4 38 -7 -2 46 -42 43 -43 -44 -10 -15 -29
right_child=1 7 35 6 -6 17 -8 -9 31 18 28 -13 -14 14 21 16 -18 -19 -20 -21 -22 -23 -24 24 -26 -27 -28 47 29 30 -32 -33 -34 -35 -36 -37 -38 -39 -40 -41 41 42 44 -45 -46 -47 -48 -49
leaf_value=0.13939415378266024 0.015865469002276505 -0.05877250892280815 -0.010948631961574043 0.032204718738654214 -0.017904750069336343 0.083312327777110423 0.077851333924520302 -0.19312237184181189 0.009895783744310627 0.0014095988158030078 0.026466109285637078 0.08494323065465785 0.020444981214415216 0.044893196475129765 -0.028784718176984105 -0.37982275295967083 -0.04917135914718529 -0.080308317192024109 0.38136388835755369 0.0091406087431170208 -0.1722551422468882 0.027650402298880061 0.14249146611179178 0.019483932828250831 0.073071504813795429 -0.081582928648958386 0.018141520203660493 0.037756748173215907 0.048330586744099548 0.0042624406533352446 0.2546435669601913 0.12788563154346999 -0.057564772706446929 -0.093749900364885022 0.24309417553261525 -0.087137329867760807 0.15163577346025378 0.23357659234495459 -0.021869275439656929 -0.088259983597586009 -0.17872115026095073 -0.061872927202192375 0.0099798193528394044 -0.25523288055483029 -0.091933436992581594 0.10760709163895486 -0.027219845394856255 -0.01013054918788703
leaf_weight=5805.7214992035879 1614.2176742970478 25621.843864696391 526.65669356519356 705.80878903670236 4346.003224196902 2757.6421826914884 3277.8849958211649 1042.6916282209568 8059.5535532217473 1142.4675328966696 4264.9393369451864 1505.2028263346292 8786.9374213701813 1999.1401266446337 33905.215678800538 357.35345284605864 747.25610504299402 971.26048951991834 141.47904276370537 2988.0722660131287 1561.8031809461536 5047.5893530989997 998.10425310081337 2258.5427914706524 3443.9673655275255 2510.0219072350301 823.97447250736877 10122.972777481191 3363.6033331981162 372.01388511818368 1136.7713484858396 591.73679221561179 3177.8817308361176 931.51014467864297 335.59132105391473 244.7940337928012 2397.2327632727101 265.30626071977895 2248.7158961538225 1876.7490256186575 1014.2166905356571 877.48627113038674 3474.3166477138875 438.07252480695024 1440.8799531413242 1099.3380734110251 14117.58394383674 6270.0887040318921
leaf_count=28036 8168 195269 2516 3212 48258 12649 23590 4534 42669 6554 29922 10455 56194 14906 213842 1587 3386 4650 1224 21112 14961 37397 9963 9956 24303 16257 4602 80278 22868 2703 6371 3200 15199 12101 1832 3356 15117 4017 13425 22256 11980 3351 17636 1417 17633 5675 124607 39247
internal_value=0 -0.00997195 0.000182731 -0.00262464 0.0529227 0.0768735 -0.011767 -0.0385189 -0.034707 -0.0151576 0.025737 -0.0179307 -0.0198028 -0.0245738 -0.0263659 -0.0455203 -0.166118 0.0263058 0.0873007 -0.051662 -0.211343 -0.0157843 0.0674624 -0.0210021 0.0110668 -0.0336156 0.124405 0.00895723 0.0621921 0.0933497 0.193283 0.000256681 -0.00540682 0.0109744 0.100812 0.105835 0.122186 0.0460549 0.0359729 -0.0399786 -0.0317278 -0.0616529 -0.0424911 -0.126785 -0.0198068 0.0216891 -0.0182416 0.0194106
internal_weight=0 165790 122277 119108 17218.6 12872.6 90086.9 43512.6 42469.9 86809 29021.4 84527 83021.8 74234.8 73193.4 26028.1 2666.41 6242.92 2282.05 28609.9 1919.16 47165.3 2140.57 42117.7 8212.53 4768.56 6629.7 19884 9137.33 4872.39 1508.79 13860 13268.3 10090.4 1041.4 3168.68 2923.89 5271.66 5006.36 3490.97 23361.7 7244.97 6230.76 1315.56 4915.2 9158.89 16116.7 16393.1
internal_count=1274441 1158804 859045 838056 115637 67379 626243 299759 295225 602653 211813 584912 574457 518263 513219 211464 19934 34741 17741 216381 16548 301755 16517 264358 50516 26213 32638 149949 61864 31942 9074 78844 75644 60445 5044 20989 17633 30091 26074 30424 191530 52017 40037 4768 35269 48344 139513 119525
is_linear=0
shrinkage=0.5


Tree=51
num_leaves=49
num_cat=0
split_feature=1 6 6 7 16 8 1 16 14 13 16 15 15 14 13 14 6 13 7 3 1 11 15 14 16 14 13 16 3 8 2 6 16 6 13 2 1 6 16 16 15 16 15 8 6 8 15 13
split_gain=128.32 108.74 93.7691 91.9281 80.6071 80.5217 77.0056 82.3751 91.1468 76.8248 98.5754 76.9625 72.9802 72.5612 60.8423 76.6845 59.9022 56.6484 55.1945 54.8426 54.0872 51.4518 48.5022 44.2428 71.1062 70.7436 68.678 88.3394 66.4778 60.9951 47.8565 44.098 50.1173 48.8406 43.0881 42.8153 42.6016 42.2488 41.1451 39.7232 41.1691 39.4581 43.8834 48.8552 42.9446 38.2665 44.6923 37.975
threshold=0.36956031620502477 0.059856511652469642 -0.04381133243441581 -0.026896140538156029 0.54936057329177868 0.2355928644537926 0.70741549134254467 -0.29776071012020106 5.2495274543762216 -0.78941202163696278 -2.3972632884979244 5.2604544162750253 5.1661775112152108 5.3538100719451913 -0.82178956270217884 4.948444366455079 0.2074261158704758 -0.58078381419181813 -0.01834126096218824 0.066057484596967711 0.495049998164177 1.2054767012596133 5.2359015941619882 10.227220535278322 -0.81586128473281849 2.9046554565429692 -0.30000720918178553 -1.5710751414299009 -0.011560692451894282 0.040175603702664382 -0.046376567333936684 -0.05866498872637748 -0.23012739419937131 0.16148459911346438 -0.93575730919837941 0.20821332186460498 0.26741340756416326 0.046449072659015662 -0.76272824406623829 -1.1784296035766599 5.250798463821412 0.23508439213037494 5.1800005435943612 0.016676020808517936 -0.053497308865189545 0.03037840407341719 5.1865935325622567 0.57669454813003551
decision_type=2 2 2 2 2 2 2 2 2 2 2 2 2 2 2 2 2 2 2 2 2 2 2 2 2 2 2 2 2 2 2 2 2 2 2 2 2 2 2 2 2 2 2 2 2 2 2 2
left_child=5 2 22 17 20 9 7 8 34 10 37 16 13 -12 15 -9 23 38 -14 -17 39 -16 -2 24 -11 29 -25 47 -29 -26 -30 -20 33 36 -5 45 -33 -1 -4 -3 -41 42 -27 44 -44 -10 -47 -28
right_child=1 4 3 6 -6 -7 -8 14 35 11 12 -13 18 -15 21 19 -18 -19 31 -21 -22 -23 -24 26 25 41 27 28 30 -31 -32 32 -34 -35 -36 -37 -38 -39 -40 40 -42 -43 43 -45 -46 46 -48 -49
leaf_value=-0.020852960748426998 -0.0344814902299053 -0.22256724204889841 -0.21095538872274258 -0.10169355901434914 0.007813380353806262 -0.15982875614585099 -0.11554371003253402 0.020859200649819401 -0.004636503428250993 -0.011935650880872423 0.054351917607254469 0.038501436808775803 -0.020438245652395017 0.15731240018709011 0.016857891096628618 0.05758487344792964 -0.19990013821268973 -0.015388752514590839 -0.04356459686606149 0.19372937037110366 -0.15677202695816972 -0.017106860789601063 -0.12542394968132692 -0.010816772576148617 0.047446830061524031 -0.017035660412135702 0.12134493485414975 0.13629400387050389 -0.16828918433860693 -0.031817534256300385 0.011473413464700532 0.098172043827223096 0.12375359585364973 -0.13432803320950745 -0.024283936873721896 0.14025919736750495 0.01685264742900482 -0.17600444957934386 -0.06833274700088271 -0.031318964984288322 -0.13883613037899808 -0.038853530419801843 -0.092548577120796574 -0.018711012501025276 0.078736412027782351 -0.0015647646930777998 0.09813531638018308 0.30052512512025376
leaf_weight=2138.2899276295211 5215.8350489838049 355.83794794115238 579.6329811012256 1929.7712474716827 3587.6579330781242 679.73010437196353 1365.7165688191308 6481.9051522363443 10019.221661588177 55252.450379177812 5520.8313864021329 17083.824589169119 4299.243710482202 2497.3036998792086 46158.83127624495 1707.1646472318098 363.73570423561614 7163.2142684189603 1198.0091186682694 1325.8226231413428 1868.3267569187446 14687.558887780178 2053.1639507092768 4372.9521348876879 17571.94971560128 8043.0952020529658 1791.6269078217447 877.81084726285189 466.41354247974232 2807.439670576714 1761.8189477622509 2595.7005415137392 2224.426214725012 387.6522553266841 27179.223020754405 687.13131814869121 4292.5607590762083 554.66127321257954 4208.9820689607877 5059.4919444700936 1086.1779162008315 6036.8491780010518 394.19029571022838 2660.4260382461362 4589.3654724061489 2122.6063892545644 2365.2096979127382 360.94440990127623
leaf_count=24398 21289 13555 6333 17903 23418 18275 16059 31976 42058 165547 32211 47336 22661 20425 170954 5734 2842 24850 4650 9186 34118 51408 6811 21078 62271 29627 5707 2927 1234 9795 5688 14438 11825 11138 96704 3802 24134 20163 21119 37909 7260 22295 910 7384 12916 14137 14805 1178
internal_value=0 -0.00905615 -0.00501126 -0.00186945 -0.0547618 0.0116948 0.00242743 0.00383789 -0.013045 0.0124757 0.0373627 0.00732967 0.0479647 0.0864976 0.0144754 0.0516649 0.00236403 -0.0436228 0.0273262 0.117307 -0.0816415 0.00865086 -0.0602511 0.00305823 -0.00013491 0.0153393 0.035383 0.0738916 0.0197427 0.0365019 -0.0259888 0.0465677 0.0579896 0.037801 -0.0294363 0.0183245 0.0475786 -0.0530482 -0.0857412 -0.0599537 -0.0504223 -0.00449123 0.00870216 0.0358479 0.0650719 0.0125053 0.0508788 0.151748
internal_weight=0 147208 135251 127982 11957.5 150823 116030 114664 44303.2 150144 25708.7 124435 23015.7 8018.14 70361.3 9514.89 107351 11951.8 14997.6 3032.99 8369.83 60846.4 7269 106987 97355.8 42103.3 9631.57 5258.61 3106.04 20379.4 2228.23 10698.3 9500.34 7275.91 29109 15194.2 6888.26 2692.95 4788.62 6501.51 6145.67 21723.9 15687.1 7643.98 4983.56 14507 4487.82 2152.57
internal_count=1274441 671388 555128 527028 116260 603053 474726 458667 189409 584778 186043 398735 141482 52636 269258 46896 351399 52302 88846 14920 92842 222362 28100 348557 310745 145198 37812 16734 9849 72066 6922 66185 61535 49710 114607 74802 38572 44561 27452 58724 45169 73132 50837 21210 13826 71000 28942 6885
is_linear=0
shrinkage=0.5


Tree=52
num_leaves=49
num_cat=0
split_feature=7 7 15 16 8 16 1 8 16 16 16 1 15 15 16 8 16 8 2 1 2 15 8 1 1 1 1 13 8 15 1 2 15 8 15 13 8 5 16 4 10 7 15 3 5 2 8 3
split_gain=96.0328 127.859 135.669 173.626 155.499 135.851 194.835 111.262 107.427 113.511 99.1047 176.113 190.503 98.1637 167.755 122.185 115.228 112.16 105.793 103.148 102.167 91.4857 143.967 86.2738 82.9461 81.6418 81.1283 77.8285 93.4423 76.7842 75.6308 109.583 69.2049 68.6505 68.97 101.902 68.5324 84.8479 66.6366 66.0932 82.934 65.232 64.048 63.8197 92.583 110.02 68.3435 63.7213
threshold=0.0082480511628091353 -0.0047805870417505494 5.1712324619293222 -1.1784296035766599 -0.10363097488880156 -1.4529218077659605 0.37675552070140844 0.14018902927637103 -2.6398479938507076 0.64791142940521251 -0.5596708059310912 0.52346873283386242 5.2658150196075448 5.1651220321655282 -1.1939762830734251 0.076460648328065886 -0.8568705916404723 0.14523082971572879 -0.033148542046546929 0.42331302165985113 -0.050092738121747964 5.1523950099945077 -0.070435643196105943 0.44463191926479345 0.54628366231918346 0.23416820913553241 0.22704500705003741 0.79941660165786754 0.10896757245063783 5.2720847129821786 0.62437847256660473 0.11872297525405885 5.0904064178466806 0.065796330571174635 5.2153091430664071 -0.40149220824241633 0.11232892796397211 0.042786575853824622 -1.7185065746307371 0.039552943781018264 -1.1229425668716428 -0.013938312418758867 5.2860755920410165 -0.048060724511742585 0.0020672091050073509 0.0079035824164748209 -0.070435643196105943 -0.071731608361005769
decision_type=2 2 2 2 2 2 2 2 2 2 2 2 2 2 2 2 2 2 2 2 2 2 2 2 2 2 2 2 2 2 2 2 2 2 2 2 2 2 2 2 2 2 2 2 2 2 2 2
left_child=1 2 3 23 -5 6 29 -6 26 13 21 -12 -13 14 19 42 25 32 -18 -10 -19 27 -23 36 39 -17 -2 28 47 -4 -11 -32 43 -24 38 -36 -1 -38 -35 -7 -41 -8 -15 44 45 -16 -45 -3
right_child=8 10 5 4 7 24 41 -9 9 30 11 12 -14 15 17 16 18 20 -20 -21 -22 22 33 -25 -26 -27 -28 -29 -30 -31 31 -33 -34 34 35 -37 37 -39 -40 40 -42 -43 -44 46 -46 -47 -48 -49
leaf_value=-0.0047949910179171922 -0.059727550248614994 0.18170907926346819 -0.0083762620442604466 0.41010960566827398 -0.10387447711653867 0.011739856304894679 -0.39906277880732555 0.35720967539814363 0.018153740484474691 -0.1407031132457888 -0.037130162558103579 -0.0048167818932624883 0.16001614692701915 0.0070583055554068116 0.66623395424687792 -0.011405188506590216 -0.14095008124721728 1.1206231645456066 0.05692191051570096 -0.23668107809982553 0.068930891895775517 -0.14309579937688596 0.03441877677201647 -0.22993064381328587 -0.050695580167768421 -0.18418774520588296 -0.23813003107646921 -0.15898710229135202 0.27746874154158879 -0.10478174297327789 -0.043275728398690372 0.72384183228939147 -0.073602483322060056 -0.054151614973851854 -0.18353134402032653 -0.0074512969517365035 0.058173713759763518 0.45820287316667557 0.14500017942635748 -0.18465427690889 0.062612247071164723 -0.14413025659182188 0.13791667305344135 0.11184109586163477 -0.2062444701259509 -0.18636003458364628 -0.24821505053417103 0.05468734228777445
leaf_weight=12332.013898689649 4055.3055750500644 1090.3896548585035 16537.790946918423 151.80706928647123 9709.6998700934346 45271.102386388404 396.78688958744169 131.19664107996505 7999.0985198864946 2374.2672296732635 15639.716796638299 4741.0105009313847 2774.9305421928875 53252.329803905974 88.290188648272306 999.07215268409345 934.78263624472311 33.267003329179715 2427.0316977640614 416.72923566075042 74.809229288017377 1297.9754490363412 34033.501730189077 404.7799334161391 4442.2030237315921 2210.1676397429255 759.25806128745899 361.39604002889246 549.07044447987573 2362.0983861739514 179.82210891754949 61.298177371587371 5103.2806702238449 741.19219079398317 1201.2076958652178 2616.586732554948 587.6321344806347 171.87382531206822 959.39140827336814 348.23916966246907 10762.559936006903 712.59245722729247 951.35084583517164 140.69050668456475 206.02388062758837 63.787255828501657 1646.9059413802315 10859.125515519205
leaf_count=40976 25464 2331 46411 899 157359 136519 3796 2060 39808 48416 95333 49892 4153 183400 1304 7770 7362 1468 9358 8446 1802 3626 71594 4959 24443 20832 10958 2529 5333 6082 4618 1035 69671 5366 10296 5917 4756 1600 3943 2026 31893 3452 1307 2471 3275 1143 50980 46009
internal_value=0 0.00496703 -0.00643043 -0.0398803 -0.089837 0.00328381 -0.0324451 -0.0976409 -0.0154869 -0.0110688 0.0204421 -0.00688311 0.0559872 -0.00756138 -0.0427079 0.00155254 -0.0628215 -0.0978564 0.00172759 0.00544898 0.404543 0.0322319 0.0206352 -0.00285122 0.0150461 -0.130575 -0.0880091 0.0690257 0.0756708 -0.0204563 -0.113492 0.151862 -0.105471 0.0260245 -0.0256517 -0.0630165 0.00414874 0.14984 0.0579261 0.0202354 0.0548014 -0.236038 0.00936678 -0.180962 0.0103505 0.306475 -0.219551 0.0663341
internal_weight=0 181188 104322 23489 9992.7 80833.4 20009.3 9840.9 83977.6 79163 76865.5 23155.7 7515.94 76547.6 15772.9 60774.7 6571.05 7357.05 3361.81 8415.83 108.076 53709.8 40849.9 13496.3 60824.1 3209.24 4814.56 12860 12498.6 18899.9 2615.39 241.12 7248.98 39551.9 5518.38 3817.79 13091.5 759.506 1700.58 56381.9 11110.8 1109.38 54203.7 2145.7 358.101 152.077 1787.6 11949.5
internal_count=1274441 773553 467231 212609 160318 254622 59741 159419 500888 464466 306322 149378 54045 410397 180368 230029 45322 132114 16720 48254 3270 156944 100742 52291 194881 28602 36422 56202 53673 52493 54069 5653 128844 97116 25522 16213 47332 6356 9309 170438 33919 7248 184707 59173 5722 2447 53451 48340
is_linear=0
shrinkage=0.5


Tree=53
num_leaves=49
num_cat=0
split_feature=12 11 12 11 0 12 8 11 2 15 16 13 11 12 12 10 11 10 16 13 11 16 15 5 12 11 5 16 11 12 11 3 12 12 11 11 13 16 10 3 0 15 12 12 12 8 10 11
split_gain=69.4181 182.189 106.481 307.712 66.2115 71.1401 55.0964 52.184 47.8047 47.1484 65.8577 57.5752 66.6779 45.8106 88.9059 48.1199 60.6443 45.1693 52.8607 38.7779 38.1308 34.9134 38.6648 35.0617 34.3943 33.5088 33.4477 33.3651 33.1903 33.6868 44.649 32.0489 35.4878 30.6866 51.1985 33.3888 30.2844 32.4805 30.1859 29.6089 30.336 29.0861 28.0693 45.0534 27.9701 27.7686 27.5598 27.4397
threshold=1.7079936861991885 0.63318336009979259 1.6780508160591128 0.73737114667892467 0.95321726799011242 0.89345109462738048 0.015033137053251268 0.63857433199882518 -0.06210078485310077 5.1723198890686044 -1.4715384244918821 -0.53749442100524891 0.73737114667892467 1.5388700366020205 1.2147394418716433 2.4936358928680424 0.59084966778755199 1.6301809549331667 -1.885078966617584 0.67665246129035961 0.44572664797306066 -2.9392497539520259 5.2145216464996347 0.097600676119327559 1.6495076417922976 0.55684638023376476 -0.13900534063577649 -0.38022530078887934 0.8817860782146455 0.76366382837295543 0.69386652112007152 0.10685919225215913 1.6410455703735354 1.5438990592956545 0.40679377317428594 0.52863538265228283 -0.86022931337356556 -0.49928089976310724 -0.72242215275764454 0.1313474923372269 0.7990655004978181 5.0827589035034189 0.88002073764801036 0.79227194190025341 1.3061133623123171 0.064168818295001998 0.98362851142883312 0.59084966778755199
decision_type=2 2 2 2 2 2 2 2 2 2 2 2 2 2 2 2 2 2 2 2 2 2 2 2 2 2 2 2 2 2 2 2 2 2 2 2 2 2 2 2 2 2 2 2 2 2 2 2
left_child=2 20 4 7 6 28 8 -4 41 10 46 12 13 14 42 36 -17 18 45 -19 -2 22 -10 26 -20 38 -23 -14 29 30 -6 44 -33 34 -12 -35 -15 -38 -16 -28 -41 -1 43 -11 -7 -13 -8 -22
right_child=1 -3 3 -5 5 31 9 -9 21 11 33 17 27 15 25 16 -18 19 24 -21 47 23 -24 -25 -26 -27 39 -29 -30 -31 -32 32 -34 35 -36 -37 37 -39 -40 40 -42 -43 -44 -45 -46 -47 -48 -49
leaf_value=-0.045448187270545372 0.22567433769353656 0.44251989428449257 -0.12618585372046809 0.45367054785433542 0.30298600545462934 -0.019265545506323953 -0.015131148900242209 -0.0020678348737900873 -0.10114563032461579 0.16009460656355082 -0.092078654542354102 -0.010538220006504655 -0.035949891756647354 0.13553119431875715 -0.24053228739057994 0.53749791865349827 0.046483885659116285 -0.05165509835698226 -0.028791735134436693 -0.15304294062951435 -0.030428226721428552 -0.14254393645535599 0.018738882766060071 -0.037118660919283883 -0.14447523385453345 0.024386090303200918 0.014694075282263836 0.0097391745741093171 0.12551279131198217 -0.02962263474534968 0.015798061696907863 0.029963719822136206 0.16298780333086391 0.076527509551337219 0.028411685678976804 -0.049946304964788989 0.098583529124906755 -0.091530541914939256 -0.054185355105283897 -0.074386565075961295 0.0039183555302815132 -0.0047321415026381538 0.16161062896587164 -0.091184494615334954 0.024544440707371502 0.084927979032463533 -0.082211855715330545 0.16196177196844364
leaf_weight=5133.1110494607419 212.4170804648893 317.09301219717599 3778.0884661936434 265.06769895058824 217.19478042818082 8021.1653983490251 4381.516330965329 1102.0870331223123 1465.188016631495 343.85915880999528 916.6612543141382 1483.297562520951 9773.0197304581961 965.74689667485654 256.3074806779623 133.8900241649244 122.71163168590283 4511.5154076709296 21812.386227771873 1203.4808207838796 1208.1583121268195 344.84833580542181 1231.0605971426121 3641.1063319171662 663.65408780425787 1278.4351002668845 119655.38023416906 6734.8508130742703 2369.6113169692981 913.61325671663508 367.27150730590802 10185.669579233465 528.69369181944057 634.64885314018466 21479.822429783264 2863.3440434921649 469.631980615668 428.10285089164972 1509.5586519163335 1877.8222001503455 3587.7581861341896 30419.258636632789 970.12824657809688 366.5467432756559 6672.333921707992 1546.8131910997909 2373.5780656762363 217.85391482349951
leaf_count=27615 1077 2427 14818 1444 1008 45989 17097 3913 9411 1461 4009 4992 68426 3513 646 1218 1404 28601 64022 5715 5559 1262 7093 16630 1558 6228 442540 27834 13498 4820 1764 86554 3304 2700 103185 11502 1524 1219 7895 7472 18248 122942 4436 1677 28064 7377 27488 1262
internal_value=0 0.0961291 0.00162348 -0.0696511 0.00291743 0.0254361 0.000325816 -0.098265 0.00563799 -0.00986085 0.00515641 -0.0188542 -5.45964e-05 0.0414113 0.0138811 0.102494 0.305719 -0.0328995 -0.0238663 -0.0731162 0.0285564 0.0100288 -0.0462364 0.0112081 -0.0322361 -0.0369555 0.0126148 -0.01728 0.0886286 0.0299081 0.12371 0.0157939 0.036589 0.0166396 0.0234539 -0.0268417 0.0740929 0.00736652 -0.0816366 0.0130476 -0.0229023 -0.010626 0.106236 0.0297939 0.000594907 0.0380424 -0.0387844 -0.00059325
internal_weight=0 1955.52 289000 5145.24 283855 29275.6 254579 4880.18 167356 87223.5 32649.6 54573.9 23352.8 6844.92 4724.84 2120.08 256.602 31221.1 25506.2 5715 1638.43 131803 2696.25 129107 22476 3044.3 125466 16507.9 3867.69 1498.08 584.466 25407.9 10714.4 25894.5 22396.5 3497.99 1863.48 897.735 1765.87 125121 5465.58 35552.4 1680.53 710.406 14693.5 3030.11 6755.09 1426.01
internal_count=1274441 10325 1264116 20175 1243941 185001 1058940 18731 653213 405727 165981 239746 127481 31221 22343 8878 2622 112265 77949 34316 7898 502656 16504 486152 65580 14769 469522 96260 21090 7592 2772 163911 89858 121396 107194 14202 6256 2743 8541 468260 25720 150557 7574 3138 74053 12369 44585 6821
is_linear=0
shrinkage=0.5


Tree=54
num_leaves=49
num_cat=0
split_feature=7 7 16 1 1 16 1 1 15 0 7 16 10 16 11 10 14 9 7 1 1 2 1 0 12 16 15 16 1 12 5 16 1 10 0 9 7 2 16 0 11 9 1 2 7 10 16 12
split_gain=224.998 175.643 108.998 115.289 110.228 108.606 151.183 143.506 95.3522 95.1802 93.3298 88.5986 86.9338 72.9769 72.4057 66.9845 58.1329 55.8556 54.1102 52.9629 52.4923 47.4049 46.3397 73.3223 44.6507 42.6162 52.6161 59.2366 111.565 44.809 42.0503 48.5497 109.194 41.8204 44.7738 40.4795 39.5783 38.8644 38.0599 37.7232 40.3069 37.7743 35.8546 35.4409 35.1552 35.9913 35.6281 35.005
threshold=-0.028250676579773423 0.0080012283287942427 -2.7817513942718501 0.67024531960487377 0.31266595423221594 -1.4153259396553037 0.29944460093975073 0.48922224342823034 5.2335526943206796 0.84734183549880993 -0.07830417156219481 -3.0636907815933223 1.6910797953605654 0.42032743990421301 1.2928217053413393 22.718782424926761 2.7677760124206547 -0.00040389524656347925 0.040266579017043121 0.093728948384523406 0.19368638843297961 -0.14946816116571424 0.41718204319477087 0.8419117033481599 1.139124929904938 0.68546548485755932 5.2515408992767343 -0.93982797861099232 0.32843819260597235 1.6672401428222658 -0.059372335672378533 -1.4153259396553037 0.31266595423221594 2.7292695045471196 0.39284247159957891 -0.00024345196288777513 0.033496335148811347 0.049346327781677253 -2.2914623022079463 0.5269853174686433 1.2904053926467898 0.0009186878742184491 0.21143728494644168 -0.12425104156136511 -0.013938312418758867 4.6130268573760995 -2.0456340312957759 1.4299840331077578
decision_type=2 2 2 2 2 2 2 2 2 2 2 2 2 2 2 2 2 2 2 2 2 2 2 2 2 2 2 2 2 2 2 2 2 2 2 2 2 2 2 2 2 2 2 2 2 2 2 2
left_child=9 2 4 14 -2 6 11 8 18 10 -1 12 20 33 15 25 -10 36 -7 -14 -3 -18 -8 -24 44 26 29 28 -28 39 -12 32 42 34 -9 -19 38 -20 -13 -4 41 -41 -32 -30 -16 46 -46 -37
right_child=1 5 3 -5 -6 7 22 13 16 -11 30 17 19 -15 24 -17 21 35 37 -21 -22 -23 23 -25 -26 -27 27 -29 43 -31 31 -33 -34 -35 -36 47 -38 -39 -40 40 -42 -43 -44 -45 45 -47 -48 -49
leaf_value=0.20966345451435126 0.012451775682469485 -0.0087314927027514356 -0.057266206309259299 0.05974257202279637 0.27314516766586155 -0.022938298297053725 0.083582263093140249 -0.075081899136900068 -0.11407336426878395 0.0033440195324089066 0.15159681003600517 0.096038860233164811 0.050336965361679975 -0.0090276290060049037 0.064391311405583129 0.18556751771643828 0.079404909470100746 -0.11654513701296684 0.041906625219244875 0.27396558555180928 0.21117350489764863 -0.050005970009274418 0.31635999068736115 0.076371458940606207 -0.13177031771985517 -0.094423488107320583 -0.092022242858462111 -0.1067790683896903 0.19739183586687287 0.046989260786224153 0.031832790440415447 0.026585218971666151 0.36735196636159256 0.12713890858781288 0.060326780141825943 0.003141177054610091 0.1304492519681448 -0.026392521236871296 -0.04012589605193384 -0.03512979994583211 -0.23746093141186989 0.0019637337317948964 0.15339678319708144 0.028207912011767294 0.097292209823392178 -0.086361063484461764 -0.0061459593663770141 -0.076846497415224743
leaf_weight=1149.5254334816709 10761.878673080588 1736.3782896366902 13550.3324975305 3383.2373928707093 420.7187524586916 15723.474517200375 4584.2755442756461 672.64412040729076 3479.5111740201246 7786.6387949362397 1133.9863479341147 839.3068536776118 414.61091568390839 4996.5470096739009 2383.7895411844365 322.84521482663695 806.69855222315527 1046.9248201213777 7675.9332593353465 765.10029468126595 319.88586393697187 5588.1799602203537 615.10694925312418 674.51339604798704 574.9937562685227 3683.8431620770716 2924.2567864176817 5515.9212128173094 392.48414167365991 1723.7537139586639 2022.132890035864 7077.7655468037701 342.93467214179691 2152.1139638833702 6241.6717097156215 7003.485616553342 1077.1208441633498 2848.1718090274371 1312.7858992819674 24062.747339286376 223.39380785950925 9567.0574128165608 875.45232887240127 1503.4030049437424 977.27822632016614 1156.3562220906606 5545.9543283591047 1695.7578195040114
leaf_count=6225 35747 6649 135903 20866 3857 139117 30367 6571 29804 48115 7614 3872 3636 36524 15156 2297 4338 4630 51947 6243 1655 35902 4327 10269 4646 48309 17486 45902 2543 13524 8385 63832 1994 18762 35935 35763 6877 17127 6430 162230 1026 64175 4437 9648 4053 5314 35403 9009
internal_value=0 -0.0088777 -0.0237909 -0.0304529 0.022328 0.0094137 0.0386328 -0.00343553 -0.0201275 0.0468727 0.073727 0.0136936 0.0877048 0.0394021 -0.034578 -0.040977 -0.0620118 -0.00473112 -0.00434976 0.195904 0.0253213 -0.0335931 0.107363 0.191382 0.00355264 -0.0421461 -0.0388975 -0.071362 -0.0307151 -0.0320556 0.0600215 0.0498952 0.100629 0.0661451 0.0470726 -0.0236498 0.0522025 0.0233744 0.0127655 -0.0349415 -0.0259894 -0.0245628 0.0687739 0.0635813 0.0113466 -0.0050599 0.00928653 -0.0124005
internal_weight=0 160944 88674.2 77491.6 11182.6 72270.2 22085.3 50184.9 36122 20388.4 12601.8 16211.4 3235.98 14063 74108.4 63470 9874.39 12975.4 26247.6 1179.71 2056.26 6394.88 5873.9 1289.62 10638.4 63147.2 59463.3 10336.1 4820.14 49127.3 11452.3 10318.3 3240.52 9066.43 6914.32 9746.17 3229.21 10524.1 2152.09 47403.5 33853.2 33629.8 2897.59 1895.89 10063.4 7679.59 6523.23 8699.24
internal_count=1274441 1133839 628085 588481 39604 505754 129727 376027 278235 140602 92487 84764 18183 97792 567615 503043 70044 66581 208191 9879 8304 40240 44963 14596 64572 500746 452437 75579 29677 376858 86262 78648 14816 61268 42506 49402 17179 69074 10302 363334 227431 226405 12822 12191 59926 44770 39456 44772
is_linear=0
shrinkage=0.5


Tree=55
num_leaves=49
num_cat=0
split_feature=7 1 15 7 8 2 1 8 2 14 10 12 16 1 9 15 1 12 10 7 1 10 14 7 16 1 16 7 14 1 9 16 16 15 8 7 14 15 16 0 11 12 16 2 1 15 1 10
split_gain=99.4869 85.2928 66.2842 60.8824 56.467 54.3014 50.7575 49.7727 48.0177 47.2885 72.9908 48.5075 43.9674 45.2903 42.3267 42.0664 36.532 34.8717 33.749 33.4437 31.8899 31.2763 30.8448 29.444 28.2304 35.3435 42.6933 33.6158 33.3223 28.2086 27.1844 26.9902 26.5191 27.8462 26.483 24.8155 28.3017 24.393 29.4841 23.8238 23.7396 60.4571 23.5692 54.7488 76.456 49.754 32.8801 30.8232
threshold=-0.057518417015671723 0.61293509602546703 5.2366836071014413 0.013956854585558178 0.27697925269603735 0.055128047242760665 1.0000000180025095e-35 -0.10363097488880156 -0.30046363174915308 6.5749626159667978 3.005060195922852 1.6627985239028933 -0.95446875691413868 0.31917928159236914 -0.00086792913498356928 5.20438575744629 0.28041422367095953 0.783022701740265 10.877376079559328 0.011528187431395056 0.30613110959529882 3.6329838037490849 4.3242430686950692 0.059621248394250877 -2.8308373689651485 0.34912790358066564 0.70919811725616466 -0.0088753583841025812 2.4867757558822636 0.40240086615085607 -0.0028268514433875676 -1.6753014326095579 -2.0733330249786373 5.2801787853240976 0.069105375558137908 0.029370411299169067 23.693712234497074 5.228835105895997 -1.4907587766647337 0.035252410918474204 1.3461190462112429 1.0536477565765383 -0.78934377431869496 -0.081127401441335664 0.43369950354099279 5.2319660186767587 0.30613110959529882 1.4968332052230837
decision_type=2 2 2 2 2 2 2 2 2 2 2 2 2 2 2 2 2 2 2 2 2 2 2 2 2 2 2 2 2 2 2 2 2 2 2 2 2 2 2 2 2 2 2 2 2 2 2 2
left_child=21 4 3 22 5 6 31 15 -9 10 14 17 16 19 23 -8 -7 -11 42 -14 34 -1 -3 32 28 27 39 -26 -16 -20 -24 -2 -10 -34 -12 36 -15 38 -29 -27 -41 -42 -19 44 -44 -46 -45 -47
right_child=1 2 -4 -5 -6 12 7 8 9 11 20 -13 13 35 24 -17 -18 18 29 -21 -22 -23 30 -25 25 26 -28 37 -30 -31 -32 -33 33 -35 -36 -37 -38 -39 -40 40 41 -43 43 46 45 47 -48 -49
leaf_value=-0.050558654743038799 -0.091785954750325291 -0.035972978097527551 -0.1328007563567094 -0.12704403414134702 -0.19108101593042942 0.023157421157152067 -0.12955621029152734 -0.16620296315495503 -0.079539745707976298 -0.058205331202901174 0.012011574451438469 -0.075322774301881709 0.032298399732538306 0.02310084907533325 -0.090036625054329633 0.098058288391874152 -0.019118972103917806 0.037444634356618954 0.00023174571643064143 0.099437161664929441 -0.061372785652409431 -0.16513663544632093 0.11329232548010151 -0.097654200603596308 -0.0018620704785323626 0.060292820301629683 0.033298977894181021 -0.0096263257368387981 0.0047075544266869749 -0.14307540990554193 0.0030678301322384044 -0.36899685212264122 -0.0068955216385579226 -0.091521341834293918 -0.098047818429586792 -0.014838285456791911 -0.10297557808754568 0.041256532295227785 0.026370177424813727 -0.0088912609986432686 -0.020680674620081094 -0.27566320994123911 -0.0056041113441942644 0.043234951301786388 0.17156399226016347 0.17434852906603357 -0.011889695890438125 -0.072036825106278193
leaf_weight=5125.6150175074581 356.44928843533853 3458.4473300013924 1756.7818637533928 1213.322794476233 371.04667510971194 8161.3220959813334 1222.3098114978638 428.85227365235914 1389.7625754855108 1414.6101161675761 3365.9868087511277 1410.9206149866804 4811.7442868440412 37910.66239148262 1674.7907678724441 240.0616683854023 13650.482262157719 18283.030633148213 909.23203888032003 3053.4524395209737 7269.1051719050738 679.53924260399071 788.89221000071848 1023.3952046354534 19786.751850340515 1198.5130863729864 6880.3158154229168 8446.8350984477147 2058.6615539606428 544.10171484114835 1951.1434621872031 119.7582062567817 36508.777486787993 999.02716064895503 650.82586066483054 5298.918558098725 448.05412232270464 12868.159886239097 17312.475507239695 40343.730282094213 1098.538313885103 295.79647006350569 2104.384900344885 3413.7404636563733 1648.7996759928064 181.5361849127803 13012.318055934971 415.2747690588003
leaf_count=24295 8684 21642 14429 15966 14370 34217 5830 20202 8090 7038 11989 7119 15651 134958 9460 1556 55778 95730 11521 12320 29817 5435 8040 8646 64187 4184 26991 30309 12207 7259 15073 1052 142935 3337 3748 24202 1565 42407 63975 157423 4140 1174 10768 12493 11110 1015 47757 2347
internal_value=0 0.00201377 -0.0454411 -0.0246521 0.0035554 0.00381376 -0.000293496 7.70787e-05 0.000729261 0.00107915 -0.0028176 0.015762 0.015519 0.0234858 6.18817e-05 -0.0918081 -0.00327716 0.0188409 0.0215449 0.0584361 -0.0416105 -0.0640832 -0.00451151 -0.013913 0.00504918 0.00652783 -0.00324799 0.0148733 -0.0376726 -0.0531375 0.0350151 -0.163175 -0.0116945 -0.00916526 -0.00571637 0.0171766 0.0216125 0.0234587 0.0145471 -0.00911669 -0.0111232 -0.0752902 0.0243378 0.0127784 0.0626489 0.126806 -0.000401061 0.00223784
internal_weight=0 291751 9168.59 7411.81 282583 282211 208877 208401 206938 206509 163171 43337.9 73334.6 51522.8 151886 1462.37 21811.8 41927 40512.4 7865.2 11285.9 5805.15 6198.48 39921 111965 108231 49816.9 58414.2 3733.45 1453.33 2740.04 476.207 38897.6 37507.8 4016.81 43657.6 38358.7 38627.5 25759.3 42936.6 41738.1 1394.33 39059.1 20776.1 4350 2245.61 16426.1 596.811
internal_count=1274441 1244711 75150 60721 1169561 1155191 876500 866764 859378 839176 625019 214157 278691 188696 579465 7386 89995 207038 200000 27971 45554 29730 44755 163008 416457 394790 193912 200878 21667 18780 23113 9736 154362 146272 15737 160725 136523 136691 94284 166921 162737 5314 181220 85490 25240 14472 60250 3362
is_linear=0
shrinkage=0.5


Tree=56
num_leaves=49
num_cat=0
split_feature=3 3 10 14 10 0 5 11 0 6 10 14 15 14 15 0 16 9 15 3 15 16 15 5 6 16 3 5 0 0 15 5 5 9 5 3 10 10 16 5 10 3 10 11 16 10 0 11
split_gain=81.5401 73.6829 66.239 186.631 245.869 96.5129 93.6324 84.1858 84.6503 82.9177 76.1974 68.5682 68.0293 67.0151 67.7166 65.778 82.5761 78.5606 90.8257 89.4755 69.9226 182.952 73.4004 77.83 77.8099 76.3228 86.7675 75.0827 72.737 90.909 71.9097 144.165 158.8 89.1104 86.474 71.3543 67.6871 91.1515 64.1372 64.1084 76.748 69.1772 85.1946 92.4395 68.9858 71.7663 120.265 110.243
threshold=0.35525751113891607 -0.041953597217798226 2.2915848493576054 5.9184560775756845 0.62713095545768749 0.82310774922370922 -0.015196507796645163 1.177788317203522 0.49415257573127752 0.15571113675832751 1.9848252534866335 12.248938560485842 5.2335526943206796 15.525126934051515 5.0284044742584237 0.38020817935466772 0.90561389923095714 -0.0027513195527717467 5.1661775112152108 -0.001983085996471345 5.1712324619293222 -1.6322681307792661 5.0781826972961435 0.0037170212017372255 0.010841714683920147 -0.96861988306045521 0.072959154844284071 -0.021720243617892262 0.66923505067825328 0.68244442343711864 5.1305887699127206 -0.018676292151212689 -0.015196507796645163 -0.0024871968198567625 -1.0000000180025095e-35 0.075458865612745299 1.5351983904838564 -0.51365646719932545 -1.6978710889816282 0.052754076197743423 3.1136275529861455 0.2390277907252312 2.9071198701858525 1.1121421456336977 -2.5544306039810176 3.9668868780136113 0.8790625035762788 1.2579425573349001
decision_type=2 2 2 2 2 2 2 2 2 2 2 2 2 2 2 2 2 2 2 2 2 2 2 2 2 2 2 2 2 2 2 2 2 2 2 2 2 2 2 2 2 2 2 2 2 2 2 2
left_child=1 -1 3 9 6 -4 7 8 38 10 15 -8 -11 14 -6 17 20 18 19 -3 21 35 24 25 -23 26 -24 -28 -27 -30 31 36 -33 -32 -34 -17 37 -31 -5 44 41 -41 43 -43 45 -7 -47 -48
right_child=-2 2 5 4 13 39 11 -9 -10 12 -12 -13 -14 -15 -16 16 -18 -19 -20 -21 -22 22 23 -25 -26 28 27 -29 29 30 33 32 34 -35 -36 -37 -38 -39 -40 40 -42 42 -44 -45 -46 46 47 -49
leaf_value=0.016422327301124921 -0.22207789761282493 0.0041547757776630558 -0.0039261836854994929 0.34095809439625591 -0.25461599112399036 -0.18278170273447075 -0.15175077296885262 -0.19113565160267851 -0.085823176070560045 -0.29123154202224644 -0.052441117327383518 -0.40704587475770759 -0.027600194062096545 -0.14610716444418298 -0.0065744086202552451 0.04558532671097569 -0.22560384867291849 0.014964992886443533 0.075659853270682795 0.64420378131121125 0.0024568287716324822 -0.071362067121669107 0.015276326865776459 -0.10242437489502546 -0.24973578854592396 -0.17717723824511325 0.051792442147917853 0.5175126053015161 0.61056927007005568 0.38498053381558012 0.36513140442998832 1.1924204602430162 0.0051233225517341874 -0.16586027606600112 0.8158955545522758 -0.092459413796811163 0.43153849769304853 -0.31111362304682982 0.035376138357758352 0.031755755168584504 -0.089222477637216857 0.58990458328744844 1.0153392237874472 -0.42427618653533583 0.066447435998440524 -0.29047844053596478 0.040372988993524359 0.57823593916084415
leaf_weight=48501.428743849508 417.42144852341153 86.428647674212698 38509.955406214372 236.69234953308478 278.81293793697841 592.18571932578925 4529.0132960251794 787.67584224988241 1189.3746258945757 446.49580825655721 6990.9816698487266 281.593544305244 550.846419161011 962.35666320635937 17199.644085094536 6886.4400415159762 425.19155071824207 34083.173603487478 991.60961059690453 155.11059083195869 69509.604316635581 1455.3003108226549 2108.251265454106 4004.2945352417009 1068.6245133162593 970.24901614658302 177.7799884515116 173.13884477864485 57.121343438862823 56.334914575272705 85.898275117157027 50.14737110392889 145.94745398763916 827.63834507638239 41.943439821334323 1080.5029134576325 51.463176494813524 251.41868803102989 636.42282475397224 728.09750236384571 1773.3379375601362 49.989759405725636 41.142367433407344 38.787432008422911 12638.443692254048 181.18429239639954 360.09662990127981 129.80547206162009
leaf_count=165796 24533 1009 131071 596 4996 5706 35672 5237 9412 18974 27835 2618 7280 5659 85411 22407 14002 126845 3027 1993 240162 28433 7690 53965 32257 14940 1237 797 821 1943 1653 820 3723 12643 952 9557 893 6711 3505 7214 36550 1380 795 1204 93192 2553 6815 1957
internal_value=0 -0.0011702 -0.0051621 -0.0103436 -0.0489935 0.00978049 -0.124289 -0.0521938 0.000693465 -0.00273902 -0.00164726 -0.16688 -0.146298 -0.0176817 -0.0105741 0.00119576 -0.00601527 0.0194692 0.143444 0.418202 -0.00495808 -0.0314238 -0.0717068 -0.0504834 -0.147152 -0.00875166 0.0538988 0.283811 -0.0696465 -0.00271563 -0.0266225 0.107749 0.409053 -0.115041 0.192123 0.0267912 -0.0911068 -0.181239 0.119083 0.0417356 -0.0296961 0.0927107 0.427645 0.141442 0.0552935 -0.0558654 0.0554904 0.184792
internal_weight=0 262378 213877 158834 26101.6 55043 7660.77 2850.17 2062.49 132732 131735 4810.61 997.342 18440.8 17478.5 124744 89427.3 35316.3 1233.15 241.539 89002.1 19492.5 11525.6 9001.63 2523.92 4997.33 2459.17 350.919 2538.16 1567.91 1510.79 597.255 238.038 913.537 187.891 7966.94 359.217 307.754 873.115 16533.1 2631.35 858.017 129.92 88.7772 13901.7 1263.27 671.086 489.902
internal_count=1274441 1249908 1084112 795675 153106 288437 57040 18750 13513 642569 616315 38290 26254 96066 90407 588480 455606 132874 6029 3002 441604 201442 169478 108788 60690 54823 9724 2034 45099 30159 29338 15042 5495 14296 4675 31964 9547 8654 4101 157366 47143 10593 3379 2584 110223 17031 11325 8772
is_linear=0
shrinkage=0.5


Tree=57
num_leaves=49
num_cat=0
split_feature=10 11 12 12 11 12 12 11 12 12 11 10 12 11 11 12 11 11 12 12 12 11 10 12 12 12 12 11 11 12 12 11 12 11 11 11 12 12 11 11 12 11 12 12 11 12 13 12
split_gain=50.2972 46.0936 589.7 242.765 75.2468 1637.77 428.154 159.329 93.9767 91.6682 252.071 91.3324 86.9402 78.8155 71.7388 197.876 71.2062 70.6569 264.468 80.5854 205.586 127.588 68.1118 64.2011 62.2449 59.8291 59.7269 406.414 179.532 686.347 371.001 975.975 189.027 173.021 164.875 127.935 228.165 127.741 127.167 117.494 149.828 116.036 227.585 114.234 208.335 111.187 101.305 105.383
threshold=9.4344663619995135 1.3699313998222353 1.0413384437561037 0.91330727934837352 1.3281145691871645 1.1098865866661074 0.83384251594543468 1.3461190462112429 1.0947759151458742 1.3061133623123171 1.2242420315742495 2.6885627508163457 1.0890218615531924 0.42303401231765753 1.3099997043609621 1.1854779720306399 1.3435728549957278 0.43870884180068975 1.4630033373832705 1.6627985239028933 1.6066098809242251 0.38869348168373113 1.5719954371452334 1.3998930454254153 1.2380520701408388 1.1478486657142641 1.5235816240310671 1.010572135448456 0.72313860058784496 1.593842685222626 1.6194626688957217 0.85584679245948803 1.6627985239028933 0.76110395789146434 0.68396875262260448 0.8067111372947694 1.5534957647323611 1.4942753314971926 0.76110395789146434 0.94861528277397167 1.4348497390747073 0.60121652483940136 1.6236342787742617 1.4813809394836428 1.0545268654823305 1.7079936861991885 -0.65704333782196034 1.6723495721817019
decision_type=2 2 2 2 2 2 2 2 2 2 2 2 2 2 2 2 2 2 2 2 2 2 2 2 2 2 2 2 2 2 2 2 2 2 2 2 2 2 2 2 2 2 2 2 2 2 2 2
left_child=1 4 3 -3 8 6 -6 25 -1 11 17 13 22 24 -15 -16 -14 18 23 20 -20 -21 -8 -11 -10 -7 34 28 29 -28 35 32 -32 -34 37 36 38 -19 -30 40 -36 42 -31 -41 -45 -43 47 -44
right_child=-2 2 -4 -5 5 7 12 -9 9 10 -12 -13 16 14 15 -17 -18 26 19 21 -22 -23 -24 -25 -26 -27 27 -29 30 41 31 -33 33 -35 39 -37 -38 -39 -40 43 -42 45 46 44 -46 -47 -48 -49
leaf_value=0.01740420744510749 -0.12422719240024072 0.4582304216405646 0.60994564478562718 -0.18061162334952338 0.82612887743065966 0.34931687832462793 -0.10605096434489514 1.0950191695533307 0.15229802244866625 -0.056772456697202447 0.40232606796449422 -0.083529410850006966 -0.039327311151995871 -0.017023099524091218 0.019631677500880712 0.60917176121482852 0.4025382014740318 -0.040235491892083725 0.022774997543944551 0.19253773291891818 0.28373297325678265 -0.13613177013257893 -0.22250198008877811 -0.15734710349734371 0.00092836214411427668 0.76188202948172368 0.18172900718353313 0.51200251572727029 0.46211252687633497 0.2110653753221545 -0.06187503646562259 0.63046478604858702 0.013617775951917977 0.46558527091726687 0.03116903562853323 -0.10782758663800336 -0.063338121875902043 0.11836386327000452 0.079178554388881772 0.02356788945894377 0.12058058866789469 -0.07204744579985696 0.10924111925743059 -0.13531432894238937 0.30896702640238999 0.21723485460181868 -0.058225405404287736 -0.0474946319613627
leaf_weight=82461.665035503916 786.49307520675939 172.49580827218597 402.55767974600894 1030.3340523850929 120.51739571185317 191.64769232948311 5745.5265936698997 221.53597440302838 1272.1779929562472 3600.2201587340096 398.83724984328728 4720.9156654773833 277.40913460060256 68650.726801941404 903.29137762531172 168.43092939327471 133.52022303780541 13611.230542839359 3765.3404449096415 390.16795080574229 944.73001695913263 1195.5614530478488 1623.8144811455859 2871.0564818687853 1470.0124106160365 178.34586732182652 5229.8511450802907 377.3562357344199 315.4932059913408 1289.5006897528656 3514.1717055825284 687.11583167861681 526.53041489725001 355.96387215796858 13300.651527110109 11300.628342030337 4495.3458907968597 1398.0034445078345 703.89778222580208 19764.353632492668 7252.1389637646498 9177.9240121386829 2572.3483299139189 2392.6830704286695 295.05328652495518 342.89136625739047 5397.8328717371915 1832.7078067761613
leaf_count=365899 50563 1081 2412 6234 488 1580 34130 1096 4179 16688 2251 66705 2487 253461 5857 759 1127 51065 13305 1450 4023 4934 28975 10634 5654 923 19669 2123 1234 4903 12292 2977 2111 2158 47148 38982 15200 5272 2432 73297 26592 31818 9823 8064 1459 2374 18142 8411
internal_value=0 0.00229767 0.0867651 -0.0882765 0.00182386 -0.0445342 -0.104705 0.757121 0.00323714 -0.00270606 0.00597774 -0.0161343 -0.119293 -0.0117357 -0.0150122 0.113231 0.10366 0.00464066 -0.0304918 0.0424085 0.0752723 -0.0548773 -0.131805 -0.101488 0.0713651 0.551049 0.00887179 -0.0041433 -0.00824405 0.0199674 -0.0415585 0.0767412 -0.00980531 0.19681 0.0196756 -0.0773561 -0.0148161 -0.0254229 0.19852 0.0354274 0.0627469 -0.0210563 0.0136617 0.010395 -0.0862594 -0.0615547 -0.0122732 0.0439223
internal_weight=0 289045 1605.39 1202.83 287439 8492.32 7900.79 591.53 278947 196485 119300 77185.6 7780.27 72464.6 69722.4 1071.72 410.929 118901 12767.1 6295.8 4710.07 1585.73 7369.34 6471.28 2742.19 369.994 106134 48119.6 47742.2 25843.1 21899.1 5083.78 4396.67 882.494 58014.1 16815.4 5514.74 15009.2 1019.39 43004.9 20552.8 20613.2 11092.4 22452.1 2687.74 9520.82 9802.89 4405.06
internal_count=1274441 1223878 9727 7315 1214151 70806 67207 3599 1143345 777446 440831 336615 66719 269910 260077 6616 3614 438580 51034 23712 17328 6384 63105 27322 9833 2503 387546 174649 172526 95140 77386 19538 16561 4269 212897 57848 18866 56337 3666 156560 73740 75471 41279 82820 9523 34192 36376 18234
is_linear=0
shrinkage=0.5


Tree=58
num_leaves=49
num_cat=0
split_feature=13 15 6 0 8 15 13 15 8 11 12 6 0 3 13 8 15 5 13 15 3 13 3 0 15 11 5 6 3 0 1 1 12 1 12 15 12 15 8 6 3 15 15 10 10 0 11 5
split_gain=112.139 81.8348 73.6172 83.5105 79.3891 164.523 104.385 101.515 71.7382 67.4649 174.664 67.3179 66.2556 265.376 224.659 140.498 158.562 110.965 108.824 113.936 80.4635 76.2099 61.6423 106.899 53.2534 52.9816 50.3826 47.0409 45.4947 49.716 43.4075 43.4063 41.6557 41.6159 41.3214 41.2472 40.2951 39.2866 47.9695 39.2783 40.2172 38.9524 38.0194 37.8421 46.8522 45.9748 47.5048 39.9727
threshold=0.6096518635749818 5.2470536231994638 -0.0993044078350067 0.29005569219589239 0.11921292543411256 5.132915973663331 -0.91798335313796986 5.2433784008026132 0.03037840407341719 1.3253931999206545 1.1214588880538943 0.10373953729867937 0.83394625782966625 -0.0059882646892219773 -0.78520330786705006 0.0077082389034330854 5.228835105895997 0.021077524870634082 -0.53749442100524891 5.2559640407562265 0.030801693908870224 -0.56662678718566883 -0.052111063152551644 0.62366715073585521 5.1610007286071786 1.3385276198387148 -0.059372335672378533 -0.0048194520641118279 0.10882358998060228 0.92471885681152355 0.57790309190750133 0.39389668405056005 1.2407807111740115 0.26741340756416326 0.8664795756340028 5.1469843387603769 0.89345109462738048 5.0962364673614511 -0.02890069596469402 0.0052747929003089675 0.049905719235539443 5.2589197158813485 5.0439805984497079 16.204938888549808 2.9552571773529057 0.95321726799011242 1.2653297781944277 0.0076095091644674548
decision_type=2 2 2 2 2 2 2 2 2 2 2 2 2 2 2 2 2 2 2 2 2 2 2 2 2 2 2 2 2 2 2 2 2 2 2 2 2 2 2 2 2 2 2 2 2 2 2 2
left_child=2 8 -1 26 9 -6 -7 -8 -2 11 34 12 18 -14 20 16 27 21 22 32 -15 24 23 33 -17 -12 -4 -16 39 -30 36 -13 37 -5 -11 -29 -24 38 -20 40 -19 -31 -36 44 -22 47 -47 -46
right_child=1 -3 3 4 5 6 7 -9 -10 10 25 31 13 14 15 17 -18 28 19 -21 43 -23 30 -25 -26 -27 -28 35 29 41 -32 -33 -34 -35 42 -37 -38 -39 -40 -41 -42 -43 -44 -45 45 46 -48 -49
leaf_value=0.16131050181971382 -0.087724128754139943 -0.17871244869208977 0.057524049418629271 0.13499641611846949 -0.060111149065733407 0.012612252038886832 0.075143652577180073 0.22655462823470429 0.017190925737002889 -0.13221577808620461 -0.11534431536645191 0.0086562057413678301 -0.16130253896056401 -0.1515029315344267 -0.065384453262315179 -0.0038349065168166645 -0.13801261472483403 -0.056099406660460073 0.17530035950140957 -0.12983421768421202 -0.027736316490717363 -0.027325528735137692 0.069670784034027447 -0.16912741304475756 0.14143383392775469 -0.51434145450105417 -0.036503170078913093 0.062806586334831063 -0.046107889107947719 0.08732706416440672 0.076538345477046188 0.060992023015340249 -0.039879863590379726 -0.016327460671785081 0.15504304894511681 -0.014605046676901124 0.013242768975361347 -0.0098988808792300122 0.020367121836049221 0.20543847636233248 0.17156325722899632 0.33554809361655052 0.044823671752501661 0.16404013343000939 0.022895197788539181 -0.12198105025712294 -0.39050088482580547 -0.099828085449021081
leaf_weight=709.51372604165226 3453.6900161232334 1236.9680622661836 1533.0358698744094 539.45941058872268 2833.3910498730838 3529.4180059628561 3398.4157100677257 1654.1104952266905 3070.7931351715233 305.37901092146058 173.2900605823379 12131.009269571281 3154.6780685128178 1681.3633693610318 1514.5176735640271 1024.4508669038769 2120.3085249542492 343.79025534912944 687.67517009261064 2362.6177356059779 16342.772609087639 3540.4674087793101 3546.9013847308233 1140.6409919878352 1613.9113623076119 167.91774237260688 19361.04852980026 4257.9620989708928 660.42399301496334 1298.307613943005 3682.5146570126526 5903.2941507068463 7835.8755395284388 2837.1621864651679 853.46472037304193 2872.0197311342345 29752.995743700478 7078.9584673371864 1855.7824734258465 1868.3586359414039 435.92722633038647 181.72330878162757 9973.7474026469281 227.99020322784781 1158.6973741876427 1373.931836825097 189.3367693934124 1533.6584599402267
leaf_count=4927 70071 15389 13007 2524 19616 36885 21246 11215 23839 1818 1242 62657 30405 7219 12811 5026 15885 2541 6027 27604 73624 22916 18910 7226 8025 1718 173023 27717 3102 7423 18830 36261 95227 19495 5418 19701 147381 72933 19942 10509 2536 918 53547 3883 7119 11670 1834 11599
internal_value=0 -0.0607402 0.000701067 2.89663e-05 0.00416649 0.0442406 0.0787543 0.124847 -0.0382734 0.000853008 0.0375685 -0.00246693 -0.00716376 -0.0212054 -0.0112005 0.025045 -0.0154961 0.0648807 0.003681 -0.0267862 -0.0462188 0.0205019 0.018245 -0.0368422 0.0848578 -0.314092 -0.0295779 0.0145092 0.122024 0.0673749 0.024988 0.0258178 -0.0128055 0.00773328 0.0484188 0.0315567 0.0192701 0.00919202 0.0625054 0.165966 0.0705993 0.118348 0.0535715 -0.0376881 -0.0399531 -0.0867337 -0.155052 -0.0468377
internal_weight=0 7761.45 171242 170533 149639 11415.3 8581.94 5052.53 6524.48 138223 11473.8 126749 108715 47394.6 44239.9 21732.2 10764.8 10967.4 61320.6 19820.9 22507.8 6178.83 41499.7 4517.26 2638.36 341.208 20894.1 8644.5 4788.53 2140.45 36982.4 18034.3 17458.3 3376.62 11132.6 7129.98 33299.9 9622.42 2543.46 2648.08 779.717 1480.03 10827.2 20826.4 20598.4 4255.62 1563.27 2692.36
internal_count=1274441 109299 1165142 1160215 974185 88962 69346 32461 93910 885223 63743 821480 722562 286463 256058 139110 76114 62996 436099 221733 116948 35967 214366 29245 13051 2960 186030 60229 27029 11443 185121 98918 194129 22019 60783 47418 166291 98902 25969 15586 5077 8341 58965 109729 105846 32222 13504 18718
is_linear=0
shrinkage=0.5


Tree=59
num_leaves=49
num_cat=0
split_feature=6 0 0 3 13 3 6 3 13 13 1 13 13 1 6 3 0 3 13 3 3 3 13 15 16 13 0 6 5 3 15 15 3 1 0 6 13 4 12 1 6 2 5 11 15 13 16 16
split_gain=64.5501 125.209 116.423 106.333 139.098 130.694 88.1969 67.0572 81.2465 59.8159 68.3288 57.3053 56.0317 47.0963 45.8582 43.1812 41.9717 41.317 39.7174 90.8406 38.9667 38.5094 38.0168 46.7684 37.0673 64.7589 77.3976 49.2499 44.3456 36.7278 36.4175 36.1095 35.2793 52.0653 48.8202 37.5069 38.789 38.0429 35.1575 35.0195 34.5686 34.2949 32.3739 31.0779 39.0211 30.8128 50.5071 49.2776
threshold=-0.022967028431594368 0.53245010972023021 0.83126214146614086 -0.020558875985443589 -0.66278856992721547 0.053559472784399993 0.0097432537004351633 0.22681449353694919 0.76352697610855114 -0.12863900512456891 0.54073172807693493 -0.22888867557048795 -0.52262091636657704 0.44785432517528539 0.062164800241589553 0.031482735648751266 0.80218756198883068 -0.065512962639331804 -0.44475483894348139 0.0096041769720613974 0.078055664896965041 0.030052597634494308 -0.32897259294986719 5.1973652839660653 -1.2100517153739927 -0.8814716339111327 0.92987248301506054 0.16148459911346438 -0.034367900341749184 0.019193200394511226 5.1620192527771005 5.228835105895997 0.016574009321630005 0.4157386869192124 0.81135144829750072 0.034261280670762069 -0.63884821534156788 -0.067841164767742143 1.2938858270645144 0.45922893285751348 -0.0993044078350067 0.24403269588947299 0.0024787246948108081 1.1805897951126101 5.2666351795196542 -0.36592809855937952 -2.2599641084671016 -2.5544306039810176
decision_type=2 2 2 2 2 2 2 2 2 2 2 2 2 2 2 2 2 2 2 2 2 2 2 2 2 2 2 2 2 2 2 2 2 2 2 2 2 2 2 2 2 2 2 2 2 2 2 2
left_child=2 3 11 9 5 14 16 8 24 10 30 13 15 40 -5 -4 17 -3 19 38 22 -15 -19 -24 27 26 28 45 -26 -28 -2 -6 33 -27 -34 -36 -37 -38 -18 -21 -1 -9 -7 -20 -45 46 -8 -47
right_child=1 6 12 4 31 42 7 41 -10 -11 -12 -13 -14 21 -16 -17 18 20 43 39 -22 -23 23 -25 25 32 29 -29 -30 -31 -32 -33 34 -35 35 36 37 -39 -40 -41 -42 -43 -44 44 -46 47 -48 -49
leaf_value=-0.12579594136192604 0.020943217066855625 0.069879917602014688 0.21274407390112585 0.04257708271931529 0.010643888910749756 0.12370784201345468 -0.11036401415712997 -0.13070989224575066 0.043952604596462545 0.02155244394352827 -0.093837142894277373 -0.0030854999822398023 0.0097030406232599536 -0.11132115088771875 0.18586670886877993 0.065362190693148234 0.22209071429009608 -0.036055443340659285 0.023429409897840932 0.0003683665093295543 0.038486095650535422 -0.02590308161648593 -0.023257081633144175 0.031485959152004979 -0.059126181173181351 0.015228825072564553 0.26303464509493196 -0.20677634656011432 0.027056060296517442 0.080981942762287581 -0.02359200588736711 0.040458368758832089 -0.0023363599084214644 -0.037901741046317571 -0.018297668972134529 -0.02780294041451252 -0.20870805658080796 -0.075100660775314576 0.074085434211904999 0.065380607541901156 -0.023837287978575518 0.0028604381584744704 0.24209313217356257 -0.036329421247311471 0.12494015776171292 0.093479111315908608 -0.029940584645897123 -0.024236097001731943
leaf_weight=869.46845344710164 6927.1168953168672 1867.511175989639 701.40909463493153 7451.9737172452733 32093.758027873904 1114.995739633101 2638.3689572953881 1844.0363180790155 5878.527394359 15847.566095398739 2652.028313140152 18857.626100142021 3626.2275213133544 3565.2168913856149 605.80072538228706 1764.1877019061358 914.05438405601308 11099.60566530918 11893.129271654645 4885.406590440165 4130.9082812484703 2123.2158997215447 8390.7253886391263 7288.0338708208874 2116.7809818449314 14180.679487283953 326.95171082532033 415.08119901947794 5053.146375163531 1943.6881337189698 13565.17216181499 14905.124575758353 11355.409731839434 6830.0365583398379 8518.3397951717488 4777.9490165552852 590.00554837530944 6008.894398211487 740.11465002829209 3615.1595157878473 19969.022033009067 639.93601265468169 1265.7421270079212 4662.6420057999203 405.85955693945289 1017.0188996822108 7620.3074567288568 6975.686242922864
leaf_count=3784 24951 6516 2659 29449 105187 4512 50705 61075 20775 46844 11050 56574 11797 13734 2723 10745 3297 41601 40656 26838 18986 10257 28285 19137 16843 50034 2690 19926 37227 25459 45461 38023 41654 25274 34649 35153 3160 25196 2817 31155 69384 5412 5294 14274 977 5468 66817 19957
internal_value=0 0.00400862 -0.0154677 0.018041 0.0317214 0.0839442 -0.00509244 -0.0151016 -0.0127616 -0.00209868 -0.0183151 -0.024187 0.0494032 -0.0391682 0.0534337 0.107561 0.00972759 -0.00229758 0.024281 0.0490223 -0.00667678 -0.0795368 -0.0136636 0.00215789 -0.0169166 -0.0109985 0.0270904 -0.0364505 0.00153801 0.10752 -0.00851284 0.0201105 -0.017889 -0.00201972 -0.0285419 -0.043473 -0.0622757 -0.087152 0.156256 0.0280803 -0.0281213 -0.0961102 0.186934 0.0094371 -0.0232951 -0.0325383 -0.0506817 -0.00918525
internal_weight=0 245053 51476.4 96429.3 57437.4 10438.5 148624 88730.8 86246.9 38991.9 23144.3 45384.5 6091.82 26526.9 8057.77 2465.6 59893.2 32776.8 27116.4 10154.7 30909.3 5688.43 26778.4 15678.8 80368.3 61701.9 9440.57 18666.5 7169.93 2270.64 20492.3 46998.9 52261.3 21010.7 31250.6 19895.2 11376.8 6598.9 1654.17 8500.57 20838.5 2483.97 2380.74 16961.6 5068.5 18251.4 10258.7 7992.71
internal_count=1274441 1095507 178934 313494 185188 41978 782013 547474 480987 128306 81462 153733 25201 97159 32172 13404 234539 114525 120014 64107 108009 23991 89023 47422 460212 297339 82219 162873 54070 28149 70412 143210 215120 75308 139812 98158 63509 28356 6114 57993 73168 66487 9806 55907 15251 142947 117522 25425
is_linear=0
shrinkage=0.5


Tree=60
num_leaves=49
num_cat=0
split_feature=1 8 6 2 8 16 7 16 5 8 6 3 7 1 6 15 2 2 14 15 1 6 15 14 7 8 1 6 7 1 12 16 7 5 14 8 8 8 6 6 6 5 3 6 11 11 5 12
split_gain=84.2127 83.7922 80.6898 71.8825 75.3257 73.5842 75.0434 71.1696 66.8029 79.6266 70.2758 97.9455 127.474 73.0546 70.995 67.9402 67.1852 85.8049 92.7181 64.9015 74.7661 85.5582 83.9719 74.5084 74.0097 62.475 60.9725 60.0763 59.586 64.4905 68.7776 57.5545 57.1484 56.9232 65.4142 59.7134 67.6725 60.4267 56.098 74.635 75.2805 68.5762 60.0113 55.2127 55.0972 65.9521 55.0204 57.4066
threshold=0.69314378499984752 0.27697925269603735 0.23252727836370471 0.093421500176191344 -0.10363097488880156 -0.24150291085243222 -0.038855431601405137 -0.29776071012020106 -0.034367900341749184 0.013992369640618564 0.014995111618191006 0.013382240664213898 0.040266579017043121 0.21143728494644168 0.049920972436666496 5.2552380561828622 0.017438905313611034 0.065535552799701705 1.2145278453826907 5.1742753982543954 0.34175303578376776 0.026342144235968593 5.1388301849365243 1.4659455418586733 0.0028991299914196138 0.018290325067937378 0.50544652342796337 -0.022967028431594368 0.0082480511628091353 0.44943815469741827 0.89035913348197948 -1.4349046945571897 -0.017542419023811814 -0.041209872812032693 4.8475351333618173 0.0051730214618146428 0.009071709122508766 -0.0043931715190410605 -0.04381133243441581 0.020266504958271984 0.0076274774037301549 0.0032980454852804546 -0.026428085751831528 0.0093764197081327456 0.8067111372947694 0.71366706490516674 -0.04292772710323333 0.89345109462738048
decision_type=2 2 2 2 2 2 2 2 2 2 2 2 2 2 2 2 2 2 2 2 2 2 2 2 2 2 2 2 2 2 2 2 2 2 2 2 2 2 2 2 2 2 2 2 2 2 2 2
left_child=1 2 3 8 -5 6 -6 -2 9 16 25 12 13 -12 -14 -15 19 33 -19 20 23 22 26 -1 -24 -11 -22 -8 -29 30 -30 -13 -25 35 -35 37 -37 46 42 40 -40 -42 -7 -9 45 -32 47 -18
right_child=7 -3 -4 4 5 38 27 43 -10 10 11 31 14 15 -16 -17 17 18 -20 -21 21 -23 24 32 -26 -27 -28 28 29 -31 44 -33 -34 34 -36 36 -38 -39 39 -41 41 -43 -44 -45 -46 -47 -48 -49
leaf_value=0.35606756629160302 -0.48880280982855268 -0.27109424344336264 -0.18779643481995539 -0.27974365920199457 -0.086715096783595652 0.30567844838364006 -0.0098702193580961928 -0.0027364239804220859 -0.002660106681912998 -0.12683330729018122 0.2289336001926579 -0.27855045868124867 0.054475629195261444 -0.14107872666240853 0.552538993014415 0.058620585761258483 -0.26888459358168521 0.3202833940011518 0.034406642774304469 0.035975422622785087 0.045891108235994606 -0.17813629283690044 0.31514199845622326 -0.055392363081563888 -0.010808362737364033 0.025871049554286013 -0.27642615344623189 0.075731876116388749 -0.16044118073837449 -0.10197920889207197 0.023749344587644251 -0.088987893947908153 0.1676524083228193 -0.064711427272980043 -0.34307791575799812 0.3230682422516159 -0.048976433976808259 -0.19260000309792827 -0.025076809068294945 0.038862757571323923 -0.28738110118972016 -0.051442532131992687 0.023921624159589559 -0.2588503037852628 0.096084354711743106 -0.28855739875952546 0.22915841918451496 -0.0045364357477607727
leaf_weight=435.19811772889807 125.86955742632563 275.73746430961182 545.2067663462949 199.28631520579802 1076.3448509756126 271.80337337340461 3744.2825372033985 636.60954519836378 185699.63122136667 720.08822993992362 238.46020978048909 511.8388303128886 136.60508517804556 1113.6874592167733 155.65985322653432 684.28478358124266 224.97688677767292 332.41415477934061 1944.3964016697719 12762.467061028583 955.90878248019726 370.06416329706553 532.16336968995165 350.61736017809017 254.20632331137313 9293.1132342905621 172.25421055173501 14463.499915453431 387.55887847510166 979.2502502585121 875.02915199758718 1913.2596256570396 1502.7534848512732 748.33547074819217 296.93400511458458 261.86671818472678 224.23179327446269 522.64027874910971 4378.0923930746721 3267.1632032561829 594.50104810556513 651.76907174353255 630.54511131296749 316.36303455051529 2868.6792326378927 207.91843681607861 224.82736981636845 2302.8369699420291
leaf_count=1691 6053 14822 23458 979 4849 1072 10132 8539 853331 3156 913 7254 619 7485 1546 1449 1291 1179 8126 38396 9196 10025 3246 2404 2042 33045 5390 46711 2382 8048 4825 16198 6979 3443 1687 1044 1175 3186 32590 33740 5235 5670 4205 10754 13553 1360 752 10419
internal_value=0 0.00386214 0.00415668 0.00456265 0.0257808 0.0275735 0.0421679 -0.136046 0.00129619 0.0200571 -0.00889874 -0.0589735 0.014075 -0.0300704 0.322428 -0.0648075 0.0375878 -0.0033745 0.0764864 0.0543533 0.105513 0.0412082 0.0839377 0.169441 0.209259 0.014828 -0.0030805 0.0480891 0.0590847 0.013713 0.0399546 -0.129301 0.12518 -0.041315 -0.144518 -0.0124716 0.150674 -0.0368759 -0.00903758 -0.0211436 -0.0560905 -0.164532 0.10959 -0.0884662 0.0597707 -0.035961 -0.00706798 -0.0283583
internal_weight=0 260302 260027 259481 34595.7 34396.4 24602.6 1078.84 224886 39186.1 14767 4753.8 2328.7 2036.43 292.265 1797.97 24419.1 7083.46 2276.81 17335.6 4573.17 2284.6 1914.53 2288.57 786.37 10013.2 1128.16 23526.2 19781.9 5318.44 4339.19 2425.1 1853.37 4806.65 1045.27 3761.38 486.099 3275.28 9793.87 8891.53 5624.36 1246.27 902.348 952.973 3951.63 1082.95 2752.64 2527.81
internal_count=1275644 1250298 1235476 1212018 175351 174372 91860 25346 1036667 183336 71665 35464 12012 9847 2165 8934 111671 32302 9305 79369 40973 29899 19874 11074 5288 36201 14586 87011 76879 30168 22120 23452 9383 22997 5130 17867 2219 15648 82512 77235 43495 10905 5277 19293 19738 6185 12462 11710
is_linear=0
shrinkage=0.5


Tree=61
num_leaves=49
num_cat=0
split_feature=14 10 10 12 14 14 10 10 12 10 13 13 13 10 13 6 6 2 6 7 12 12 10 0 12 12 1 2 12 0 6 10 13 10 8 8 12 10 13 13 12 7 14 7 10 9 1 8
split_gain=44.0486 58.2667 41.9149 65.4079 60.7905 36.5118 126.415 79.5822 96.0493 74.7011 72.2884 67.9228 55.3795 51.414 48.9126 48.0437 47.5084 42.3427 41.73 46.4139 39.8356 33.4039 60.5886 33.1292 31.6334 31.0018 30.4031 32.2945 29.4143 28.9725 41.0061 29.1354 28.9289 28.864 27.2589 27.0944 25.859 42.6076 46.8255 24.9854 24.9559 30.4364 29.0596 24.4996 24.3562 24.2566 24.0454 28.719
threshold=0.7318541705608369 -0.29475502669811243 -1.346710681915283 0.87131378054618847 2.0519478321075444 5.9786100387573251 0.19290279597043994 1.459400534629822 1.3998930454254153 5.1881158351898202 0.88886263966560375 -0.86956918239593495 0.88886263966560375 2.567264318466187 0.16706643253564837 0.053708786144852645 0.069952219724655165 -0.060663167387247079 -0.0993044078350067 0.044376743957400329 1.5120192766189577 1.4630033373832705 5.9123950004577646 0.64178743958473217 0.86066433787345897 0.76366382837295543 0.21955461800098422 -0.20069228112697599 0.94809547066688549 0.60930356383323681 0.034261280670762069 -0.56005066633224476 0.72777825593948375 -2.2491034269332881 -0.037252021953463547 0.070776827633380904 1.4689791202545168 2.1160582304000859 0.52916985750198375 0.67665246129035961 1.3886235356330874 -0.012656750623136757 2.0063060522079472 0.049423370510339744 0.50883987545967113 0.00064487202325835835 0.37249343097209936 -0.075366057455539689
decision_type=2 2 2 2 2 2 2 2 2 2 2 2 2 2 2 2 2 2 2 2 2 2 2 2 2 2 2 2 2 2 2 2 2 2 2 2 2 2 2 2 2 2 2 2 2 2 2 2
left_child=1 -1 3 -2 23 7 14 18 9 12 11 21 15 39 16 26 -7 -13 19 -4 24 28 35 33 29 -17 -9 -28 -8 30 45 -31 -15 -5 40 -23 37 38 -19 -10 -26 -42 -43 -24 -44 -20 47 -22
right_child=2 -3 5 4 -6 6 10 8 13 -11 -12 17 -14 32 -16 25 -18 36 20 -21 46 22 43 -25 34 -27 27 -29 -30 31 -32 -33 -34 -35 -36 -37 -38 -39 -40 -41 41 42 44 -45 -46 -47 -48 -49
leaf_value=-0.021032129025747272 0.13498031681550043 0.040712352166284153 -0.004655885862468713 -0.21215112055631111 0.043259923057333081 -0.0017068908688343989 0.061173794904661474 -0.032305213891547738 0.040999595387574299 -0.12723950082669194 0.17674514346883807 -0.087695686782696389 -0.11377046063779979 0.11032907544860406 0.10168600427711091 0.11551578531551608 0.11409843036287762 -0.041154019486424082 -0.0074356476713472574 -0.21759294074503416 0.11525174040097408 0.01736895031934137 0.30087432932920027 0.013600011837192442 -0.022539252960504328 -0.040542319745319799 -0.070265929920759196 0.029692719931093778 -0.032136385167097097 0.065645423164301969 -0.13393670118653156 -0.013956861456903219 -0.073430299362518603 -0.051858398404454283 0.0058225784118207764 0.21122990193617933 -0.0018721956797223436 -0.090038820126333158 0.06975568841587601 -0.047571501423798533 -0.052873275833333976 0.14246349859942975 -0.042249866613994033 0.93385409623489235 0.10347600064741175 -0.075135240215148294 -0.034028483765204107 -0.0098951153023241738
leaf_weight=5207.7422699001618 1284.3993367915973 14252.338024801051 553.90831179360976 342.13601634092629 6988.2504221992567 6080.7327463820184 1088.4906992038887 2454.4698887154227 10006.950235534459 1054.1042187386192 407.2240547016263 5173.9144546296156 906.46623991057277 3827.9895296822069 2121.1584517592564 336.72212854959071 1034.0628520089667 8079.6330224076519 4293.5559859508066 482.74461554642767 471.67157738748938 1338.8082200310309 101.60527455942065 1803.6083165043965 15916.952548593894 5167.7513070406858 834.32189069996821 22550.193513917387 3731.5010687919785 1358.8312565637752 1086.9108933210373 7420.2628660863265 222.87502439320087 1653.2574357045814 102184.10466357283 208.87496619368903 4220.768598136201 4005.0943381884717 1074.8522663847543 859.12722265720367 790.42504118476063 724.2510316343978 721.83554284460843 18.974229197818204 472.31823713704944 1924.6260917875916 15416.640872704331 14800.687968196347
leaf_count=16435 4397 44175 1616 983 25184 23198 23536 13123 32080 15207 3906 59959 4718 18131 8807 1481 5258 48964 11548 1082 1611 9115 5440 6678 51530 34168 6539 99824 83004 4453 2727 22314 1088 5068 350398 3363 25011 77217 7362 2867 2378 2462 2315 1788 1588 4913 51217 45418
internal_value=0 0.0241629 -0.000473273 0.0283133 0.0155552 -0.00183528 -0.0159858 0.000687022 0.0186008 0.00364967 -0.0320009 -0.0349511 0.00794716 0.0519451 0.0350237 0.0114868 0.0150676 -0.0479236 -0.00443297 -0.104412 -0.00381091 0.0100669 0.0710657 -0.035274 -0.00015721 -0.0308858 0.0205336 0.0261021 -0.0109523 -0.0209906 -0.0442543 -0.00157297 0.10008 -0.0796856 0.00261248 0.0439747 -0.0360508 -0.0469742 -0.028071 0.033947 -0.0149712 0.0293059 0.0634359 0.411453 0.0150084 -0.0284789 -0.0200921 -0.00599005
internal_weight=0 19460.1 267598 12071.7 10787.3 255526 38685.7 216841 48221 33304 29449.7 29042.5 32249.9 14916.9 9235.95 31343.5 7114.8 22554.3 168620 1036.65 167583 6488.25 1668.26 3799 136894 5504.47 25839 23384.5 4819.99 16084.2 7305.09 8779.09 4050.86 1995.39 120810 1547.68 17380.3 13159.6 9154.49 10866.1 18625.8 2708.83 1918.4 120.58 1194.15 6218.18 30689 15272.4
internal_count=1275644 60610 1215034 42310 37913 1172724 385928 786796 229226 175060 348665 344759 159853 54166 37263 155135 28456 218513 557570 2698 554872 126246 19706 12729 456626 35649 119486 106363 106540 45955 19188 26767 19219 6051 410671 12478 158554 133543 56326 34947 60273 8743 6365 7228 3903 16461 98246 47029
is_linear=0
shrinkage=0.5


Tree=62
num_leaves=49
num_cat=0
split_feature=7 2 4 13 14 13 14 8 8 15 13 5 5 2 6 14 15 3 13 6 15 13 8 15 13 7 15 6 13 6 15 4 2 2 14 15 8 13 11 2 6 15 14 5 13 6 8 7
split_gain=119.476 92.7529 94.2163 86.5609 75.9773 71.6216 129.037 111.988 101.123 201.239 82.8444 76.232 57.4259 50.6073 50.3878 49.8673 49.531 69.9181 64.3915 54.2204 49.4839 48.9896 46.6578 45.7211 44.731 43.3333 42.9754 42.8414 41.6349 40.9795 40.7983 39.7136 35.5613 35.496 34.9839 70.8355 38.8322 36.8774 62.3165 34.0718 32.2714 32.0615 33.3583 31.7362 30.4908 30.0031 29.9467 41.956
threshold=-0.025082607753574845 0.095436472445726409 0.065492387861013426 -0.33852024376392359 25.254186630249027 -0.79368308186531056 1.8489668965339663 -0.0052937322761863461 0.0051730214618146428 5.1947190761566171 0.7456280291080476 0.087331999093294158 -0.040381379425525658 -0.10827251151204108 -0.053497308865189545 4.8009366989135751 5.1857111454010019 0.097639195621013655 -0.63884821534156788 0.059856511652469642 5.2729475498199472 0.54529505968093883 0.18646121025085452 5.2811830043792733 -0.63884821534156788 0.022836321033537391 5.0548608303070077 0.30216966569423681 1.0000000180025095e-35 0.084438718855381026 5.0400974750518808 0.19612582772970202 -0.10145679488778113 0.020859773270785812 8.9932069778442401 5.1651220321655282 0.03847163729369641 -0.9376978576183318 1.0877212882041933 0.33282351493835455 -1.0000000180025095e-35 5.2574503421783456 8.1860246658325213 -0.057932868599891656 -0.14025596529245374 -0.034703033044934266 0.045091088861227042 0.021002051420509819
decision_type=2 2 2 2 2 2 2 2 2 2 2 2 2 2 2 2 2 2 2 2 2 2 2 2 2 2 2 2 2 2 2 2 2 2 2 2 2 2 2 2 2 2 2 2 2 2 2 2
left_child=3 2 4 14 5 7 30 43 9 13 11 15 -9 -8 -1 29 17 32 19 -18 -11 26 23 25 -13 -20 -15 34 46 -10 -7 39 -17 -16 -14 36 -36 38 -38 -3 -32 42 -12 -2 -26 -4 47 -6
right_child=1 31 45 -5 28 6 8 12 10 20 41 24 27 21 33 16 18 -19 22 -21 -22 -23 -24 -25 44 -27 -28 -29 -30 -31 40 -33 -34 -35 35 -37 37 -39 -40 -41 -42 -43 -44 -45 -46 -47 -48 -49
leaf_value=0.26291298152967629 0.059354016133401723 -0.039750959375096262 0.12741010632223015 -0.029662255297526845 0.022045754113989138 0.052142494805828415 -0.035603157018255976 0.0049808749907498751 -0.003870450977041277 -0.061344928990997756 -0.0067538825577645629 -0.036497889610686347 -0.052393277076136252 0.10351547522309953 0.057828955590439261 -0.045352520353591497 0.20151349396522561 -0.10700659272690005 0.02734233095115883 0.0202836302355494 -0.18739253176906792 -0.053599367714109537 0.25026335150870188 -0.15570881021902161 0.25917662137085068 0.13730148459732322 0.028605107578651673 0.096716644365853893 -0.11364974322182179 0.096863737539196262 -0.090058613024662587 0.044199123016434208 0.055259264034781014 0.012351587496719857 -0.11895486819726855 -0.055745185341205747 -0.17945354561346377 -0.20672697890317071 -0.7574053776995282 -0.16427979278312471 -0.034624593343011399 -0.20029633208610498 -0.19693757170636442 -0.004344582898358821 0.093976209074608338 0.030938738245368261 0.21158757878166629 0.21870721367742396
leaf_weight=259.60489506286103 2190.381767143379 22233.603698394145 872.51804341253592 5016.2835113345645 1125.679955377127 985.37736037909053 3330.08535672375 4414.7573218281032 10310.693662359379 7968.4026448865188 1474.514306095778 260.85221636074129 18394.469788293005 2407.5309841751587 11705.682468332292 1046.5594060115982 1521.4823405627394 945.81624965160154 4305.0753495421959 575.26407921034843 868.07840286180726 1443.5978596858913 277.4534105786588 280.95448800653685 686.22938946308568 1137.3817473788513 9531.54214679508 438.28066051646601 237.51707032090053 1117.4697384934407 4001.4538391356182 1383.1316794955637 5295.7225724587915 6823.8957893798943 506.90669239719864 1995.8161179079907 91.296755144838244 310.90222609252669 102.60334867518395 565.22460527415387 7787.2648345250054 365.30890603782609 273.75052835559472 18103.582056637155 493.61092388047837 11173.586621149618 509.34082896495238 359.54359897668473
leaf_count=1919 10785 148339 6673 63081 6415 10490 15869 24682 85275 77032 14838 1839 100226 19232 63454 4780 7537 6182 25033 3410 8796 28378 2240 1359 3845 6475 80247 3785 1103 5229 59469 7306 33280 37930 4196 17557 1307 2948 1228 2460 76181 3535 2213 94705 2889 77028 8622 4242
internal_value=0 -0.00943714 -0.00412536 0.0286257 -0.00844733 -0.0102212 3.2697e-05 -0.0253631 0.0103979 -0.0127697 0.0299055 0.0370599 -0.0469249 0.0194734 0.0442146 0.031013 0.0496 0.0196002 0.0765332 0.152063 -0.073804 0.0332174 0.0500384 0.0402027 0.149157 0.0504348 0.0437602 -0.0574397 0.0828749 0.00594341 -0.0452982 -0.037865 0.0385736 0.0411095 -0.0606243 -0.110766 -0.21865 -0.31734 -0.490162 -0.0428673 -0.0534891 -0.0654716 -0.036915 0.00250853 0.190623 0.0379778 0.106573 0.0701052
internal_weight=0 153701 129519 23805.5 117473 115240 68691.5 46549 55917.4 25549.2 30368.1 28254.6 26255 16712.8 18789.2 26813.9 15385.7 7288.1 8097.61 2096.75 8836.48 13382.7 6000.86 5723.41 1440.69 5442.46 11939.1 21840.3 2232.08 11428.2 12774.1 24182 6342.28 18529.6 21402 3007.53 1011.71 504.802 193.9 22798.8 11788.7 2113.57 1748.26 20294 1179.84 12046.1 1994.56 1485.22
internal_count=1275644 1109260 951155 166384 867454 847072 585653 261419 439513 229554 209959 189373 155929 143726 103303 180800 90296 44242 46054 10947 85828 127857 35107 32867 8573 31508 99479 131247 20382 90504 146140 158105 38060 101384 127462 27236 9679 5483 2535 150799 135650 20586 17051 105490 6734 83701 19279 10657
is_linear=0
shrinkage=0.5


Tree=63
num_leaves=49
num_cat=0
split_feature=5 2 3 2 13 12 15 1 7 8 8 1 3 2 1 7 14 15 13 1 8 9 9 8 15 9 12 8 13 15 13 13 3 8 7 13 13 15 2 13 14 3 14 13 13 14 11 13
split_gain=74.0591 67.7617 64.8562 49.7532 45.1759 39.1295 38.8594 36.0965 33.0804 37.4799 40.2645 41.0404 58.8192 42.8117 35.5707 46.3863 35.5478 48.5239 33.9409 31.378 31.2072 30.807 29.7287 29.7204 28.6808 28.579 27.6319 26.9211 25.8743 25.8546 31.7243 26.7635 47.5832 54.8993 40.8597 28.9321 25.7905 44.988 25.5044 32.0279 25.3182 24.0429 23.826 51.5131 38.6531 26.7103 23.7955 23.5206
threshold=-0.026742523536086079 0.20821332186460498 0.33771623671054846 0.019983252510428432 0.92604908347129833 1.6838986873626711 5.2773122787475595 0.39810442924499517 -0.029640483669936653 0.035019187256693847 -0.0073032961226999751 0.32072609663009649 0.079419769346714034 -0.081127401441335664 0.31754162907600408 0.026427712291479114 2.7964602708816533 5.2712695598602304 -0.30000720918178553 0.44625174999237066 -0.012900970876216887 -0.0026095045031979676 -0.0012445022002793846 -0.016450092196464535 5.1982109546661386 0.0015084752812981608 1.5438990592956545 -0.0040985266678035251 -0.78941202163696278 5.1947190761566171 -0.14025596529245374 -0.61935424804687489 0.0096041769720613974 0.021775508299469951 0.03661665506660939 -0.85039642453193653 0.85412579774856578 5.2061264514923105 0.0049058420117944488 -0.85039642453193653 7.4383761882781991 0.010863150469958784 4.6645710468292245 0.67665246129035961 0.48060245811939245 4.3639447689056405 1.0269723534584048 -0.43640594184398646
decision_type=2 2 2 2 2 2 2 2 2 2 2 2 2 2 2 2 2 2 2 2 2 2 2 2 2 2 2 2 2 2 2 2 2 2 2 2 2 2 2 2 2 2 2 2 2 2 2 2
left_child=3 2 5 4 20 6 8 -8 23 10 36 22 16 47 42 41 26 18 28 27 -1 -3 -12 24 -2 -25 -13 -5 -18 30 -24 35 33 34 -33 -31 -10 -38 39 40 -22 -16 44 -44 45 -11 -29 -14
right_child=1 21 -4 19 -6 -7 7 -9 9 14 11 12 13 -15 15 -17 17 -19 -20 -21 38 -23 29 25 -26 -27 -28 46 -30 31 -32 32 -34 -35 -36 -37 37 -39 -40 -41 -42 -43 43 -45 -46 -47 -48 -49
leaf_value=-0.050924637650613634 -0.015379405298645208 0.14467455318966996 -0.17847611545448744 -0.0088261322242271355 0.056428688325722905 -0.051855154537857474 -0.0069070488246822988 -0.074099344883000448 -0.00028376181688329072 -0.012002028213380179 -0.028910937656857486 0.01074953825389768 0.13607879421589464 0.027674061990233464 0.033622587011267795 -0.04857016392320495 0.0083618581920142567 0.12624893346906607 0.006423287939905366 -0.021980987542038595 -0.080119382147817511 0.041654137284805083 0.042888081848607103 0.0070506287854832693 -0.082861725606312636 -0.059220770345427928 0.074165238775071265 0.0055191324632485016 -0.046524667236166696 0.087389013729641349 -0.0087009479475274078 0.15632259712480309 0.026700978007994858 0.0095526197632086786 -0.019592517476417159 0.00064362150670606853 0.017881171159557362 0.18097635769102824 -0.058677600874655324 -0.0052203987177781869 0.031382750762338887 -0.00086820514346619936 -0.017191979920379279 0.11281393589810886 -0.086453790374618464 -0.13638912416904894 0.05333356078131312 -0.012658171958115992
leaf_weight=12912.855039870017 3955.4174913706956 875.90538858599029 498.01450605582795 8701.4635121725732 1533.746833388228 3323.2749366312055 6034.5215484840446 3002.4255358001683 69173.981347406225 7104.0463834772381 1752.3846040156204 14655.79074875603 1610.5829818322381 7269.7958953157067 9222.8349109068513 3368.8209911133308 2771.7908327329205 611.08613182790577 9165.889369726181 10834.613687503035 2674.8337020720355 4411.966338966391 7317.5088975990657 12178.85950956156 2641.2862509379629 1876.0396012983692 1950.6998320776038 5387.0382268898538 9306.4333845053334 1330.8356624391163 5003.0258315475367 3035.2354516033083 3343.4502593786456 1128.6758864354342 364.53709433414042 3497.0361932484666 2244.9721615849994 522.80279332958162 3725.107564834645 17638.349491085231 620.92486578632088 11112.485234770953 6413.4681598457391 863.53953131008893 3050.2996259378269 459.96348697179928 5079.9275072546443 310.87516081798822
leaf_count=58008 17942 4487 26254 29592 5055 18261 21362 11505 277410 35793 6570 51668 21514 33756 30844 27591 10873 1776 32679 43091 25006 23227 29864 52348 9958 8707 8447 20836 28205 7942 16715 8580 8829 2752 981 12696 8180 1655 12533 65775 12911 64214 46213 2731 8454 2078 18344 1432
internal_value=0 0.00290352 0.00156552 -0.0157921 -0.0275431 0.00197435 0.0027988 -0.029292 0.00419147 0.00628036 0.0100456 0.0181996 0.00938403 0.0453172 -0.00695683 0.00572904 0.000783077 -0.0124533 -0.0164724 -0.000458783 -0.0309856 0.0588375 0.0338708 -0.014796 -0.0424832 -0.00176325 0.0182329 0.0116807 -0.0338879 0.0382889 0.0218996 0.0541464 0.0721541 0.105589 0.137313 0.0246723 0.00160304 0.0489229 -0.0205226 -0.0137068 -0.0589574 0.014751 -0.0237916 -0.00168251 -0.0389006 -0.0196491 0.0287755 0.11176
internal_weight=0 226761 221473 69108.9 39105.8 220975 217651 9036.95 208614 187963 146367 74425.6 47652.9 9191.25 41595.5 23704.1 38461.7 21855.2 21244.1 30003 37572.1 5287.87 26772.7 20651.6 6596.7 14054.9 16606.5 19168.4 12078.2 25020.3 12320.5 12699.8 7871.9 4528.45 3399.77 4827.87 71941.8 2767.77 24659.2 20934.1 3295.76 20335.3 17891.3 7277.01 10614.3 7564.01 10467 1921.46
internal_count=1275644 984493 956779 291151 179288 930525 912264 32867 879397 790442 572524 285279 190350 56702 217918 122649 133648 73533 71757 111863 174233 27714 94929 88955 27900 61055 60115 68772 39078 88359 46579 41780 21142 12313 9561 20638 287245 9835 116225 103692 37917 95058 95269 48944 46325 37871 39180 22946
is_linear=0
shrinkage=0.5


Tree=64
num_leaves=49
num_cat=0
split_feature=4 7 9 8 16 2 16 15 9 8 12 8 6 6 15 4 14 8 8 15 16 15 11 4 4 15 16 6 9 2 3 16 2 16 4 16 3 6 7 2 11 4 6 9 16 11 6 2
split_gain=74.2852 65.5192 58.2445 100.472 107.725 88.1787 87.5125 122.042 136.708 109.728 109.031 97.0712 85.7897 96.0133 90.7726 76.6075 74.3833 81.1471 74.1179 73.0537 72.1873 67.0813 66.6682 74.1423 82.0315 72.2819 66.0939 63.1793 62.5927 62.2677 83.6005 62.0424 103.929 61.7043 62.9187 61.1728 138.779 110.977 119.074 78.2255 161.747 91.0935 75.8061 89.0692 84.1377 70.5363 63.7982 150.151
threshold=0.19612582772970202 -0.032876806333661072 0.0020547112217172985 0.069105375558137908 -2.1640237569808956 -0.11081398651003836 -0.11355269327759741 5.2193739414215097 -0.0007359202136285602 -0.055198136717081063 1.6410455703735354 0.084827315062284483 0.071392316371202483 0.067136410623788847 5.1723198890686044 0.057826049625873573 1.3548020720481875 0.18646121025085452 0.031137434765696529 5.1492149829864511 -3.853023767471313 5.2335526943206796 0.92777407169342052 -0.021899778395891186 0.035685133188962943 5.1588523387908944 0.25837051868438726 0.060997493565082557 0.0029495970811694865 0.035444339737296111 0.0050350488163530835 0.29212926328182226 0.013465648982673885 -3.263436913490295 -0.093808632344007478 0.4321716576814652 0.066057484596967711 0.00066858777427114557 -0.010239127557724713 0.02684072591364384 1.2110034227371218 0.062824133783578887 -0.00103329645935446 -0.00021488976926775646 0.67302891612052929 1.2653297781944277 0.027902281843125824 0.050520524382591254
decision_type=2 2 2 2 2 2 2 2 2 2 2 2 2 2 2 2 2 2 2 2 2 2 2 2 2 2 2 2 2 2 2 2 2 2 2 2 2 2 2 2 2 2 2 2 2 2 2 2
left_child=2 -2 6 4 -4 -5 16 9 -9 10 -8 15 13 18 -15 -10 27 20 -11 28 -18 22 23 -19 25 -25 29 33 -7 -21 -31 -17 -33 -1 -35 39 42 -38 -39 41 46 -20 43 -37 -45 -44 47 -41
right_child=1 -3 3 5 -6 19 7 8 11 12 -12 -13 -14 14 -16 31 17 21 35 26 -22 -23 -24 24 -26 -27 -28 -29 -30 30 -32 32 -34 34 -36 36 37 38 -40 40 -42 -43 45 44 -46 -47 -48 -49
leaf_value=0.15331096518610932 0.32295044868579703 -0.25950275742019935 -0.1533247061127416 -0.24884948883106439 0.038593453418366661 0.37866998344653507 0.05049601476377126 0.032522255443539018 -0.061991890067472855 -0.095702628668247233 0.73175445701303543 0.11111382570897668 -0.22902642963483891 0.86413424925630589 -0.029580533893067917 0.10813487299175348 -0.16668171929140801 -0.2556674959541515 -0.19490057937581101 -0.02175770504259562 0.00097031237051328984 -0.2620962576775856 -0.15388657362557956 0.76608243672519472 -0.26229907845289679 0.12437880440418453 0.15188181514418433 0.10824032461201591 -0.010877113256640489 -0.020004372776104153 -0.34392359892180341 0.082238526506018914 -0.28066230091671851 0.18733526326124925 0.012306937653312731 -0.056838982368315569 1.1134563638308188 0.97592090296426881 -0.37037992687507787 0.63556808592300318 -0.37829634663720491 0.2932231829260773 -0.32046528655884654 0.11455085964177661 1.0129869426417437 0.35320125788351309 0.6414595731886733 -0.067654751808962577
leaf_weight=841.00092307571322 52.782841031061253 430.33005553844851 750.8392888160015 514.37754946602217 25503.670657068753 191.80587627498608 890.35883058738546 13250.19620811526 12469.764550127031 7380.2864135089549 62.132824556538253 1036.6584093236597 894.56386848027614 52.463594072367414 58.288590234820731 1308.5622622390511 643.66676890221424 82.144703854879481 785.68206113847555 1335.7836362535309 158859.49284683412 529.88613370001258 445.9565743762214 90.155419059839915 50.142453183871112 89.692899856701843 327.4377024724381 2190.7091950851609 216.39855483316933 367.66641866264399 443.12613085535122 473.65247589407954 335.2141420119442 523.24418348126346 26244.463036410889 127.41331561935658 58.199127242842223 26.093180220486829 40.228397274986492 109.57838673691731 132.37038056593155 107.16164126817603 185.30399129891885 55.254615882528014 51.371125826437492 47.577014235022943 83.923325127281714 238.43428176103043
leaf_count=2534 734 9512 4401 11322 145977 1913 15424 51442 51810 174703 832 3340 39303 2086 873 3113 3451 2748 11403 5451 573359 13449 13203 1397 1873 1970 1493 14322 2906 998 3332 2103 2608 2344 73483 2946 1475 923 1962 1196 1801 1151 5288 995 1100 948 1321 3326
internal_value=0 -0.194298 0.00173766 0.0225991 0.0330802 -0.0582554 -0.000939752 -0.0221223 -0.0048155 -0.0659601 0.096181 -0.0365128 -0.080817 -0.0668439 0.393245 -0.0470452 0.00353236 -0.000717031 -0.0723423 -0.0239929 0.000289586 -0.125668 -0.0294296 0.146712 0.293078 0.451278 -0.0564934 0.0264771 0.171418 -0.0885676 -0.197859 0.040729 -0.0676999 0.0199676 0.0157539 0.0115777 0.147249 0.614132 0.158502 -0.04321 0.101896 -0.135493 0.020623 0.222075 0.557444 -0.179777 0.250744 0.153522
internal_weight=0 483.113 260502 29651.1 26254.5 3396.6 230851 40260.7 28874 11386.7 952.492 15623.9 10434.2 9539.63 110.752 14587.2 190591 160791 9428.88 2882.22 159503 1287.98 758.092 312.135 229.991 179.848 2474.01 29799.4 408.204 2146.58 810.793 2117.43 808.867 27608.7 26767.7 2048.59 591.441 124.521 66.3216 1457.15 564.306 892.844 466.92 234.039 106.626 232.881 431.936 348.013
internal_count=1275644 10246 1265398 177793 150378 27415 1087605 383472 114416 269056 16256 62974 252800 213497 2959 59634 704133 611450 210538 16093 576810 34640 21191 7988 5240 3367 11274 92683 4819 9781 4330 7824 4711 78361 75827 35835 15637 4360 2885 20198 7644 12554 11277 5041 2095 6236 5843 4522
is_linear=0
shrinkage=0.5


Tree=65
num_leaves=49
num_cat=0
split_feature=15 15 8 13 8 11 6 14 6 1 12 14 8 11 12 12 11 12 12 12 12 11 1 7 8 15 8 13 11 14 15 13 7 7 13 11 8 5 12 8 15 15 1 8 13 8 15 14
split_gain=51.1004 41.4815 187.281 76.2536 126.146 45.7076 44.7537 52.2055 40.6793 38.7127 31.5644 38.6922 44.2645 30.8301 386.968 156.003 39.7275 527.538 144.438 32.7398 30.4774 31.959 29.4203 37.2445 30.1248 121.24 99.8011 126.828 75.5799 62.5868 60.8646 68.7837 44.8105 44.0893 39.3542 29.3636 31.7824 28.5305 28.0539 28.6972 27.928 27.3728 26.0973 24.8486 23.7177 36.3179 23.6971 23.5062
threshold=5.0457999706268319 5.2712695598602304 -0.068317797034978853 -0.55933016538619984 -0.035730028524994843 1.1088981032371523 -0.032663509249687188 4.1178326606750497 0.050796266645193107 0.50544652342796337 0.96563634276390087 3.1941297054290776 0.059722494333982475 1.3659319281578066 1.056631922721863 0.90460988879203807 1.33341920375824 1.118389964103699 0.86066433787345897 1.0947759151458742 0.87587612867355358 0.87761297821998607 0.5307518243789674 -0.012970111332833765 -0.038818227127194398 5.2405002117156991 -0.05032465606927871 -0.25016865134239191 0.79757702350616466 2.4350724220275883 5.2240710258483896 -0.49291408061981196 0.048128701746463783 -0.0041230244096368543 -0.44475483894348139 1.0770148038864138 0.022361576557159427 -0.088148832321166978 1.5673736929893496 -0.0043931715190410605 5.1732852458953866 5.2650723457336435 0.36083337664604193 0.1057914048433304 -0.41882793605327601 0.059722494333982475 5.2658150196075448 3.5367624759674077
decision_type=2 2 2 2 2 2 2 2 2 2 2 2 2 2 2 2 2 2 2 2 2 2 2 2 2 2 2 2 2 2 2 2 2 2 2 2 2 2 2 2 2 2 2 2 2 2 2 2
left_child=44 13 -3 4 -4 10 -5 8 9 35 20 38 -13 16 15 -15 22 18 -18 -20 21 -6 24 -24 25 37 27 28 -27 -29 34 32 -32 -30 40 -8 -37 -2 -12 -40 -26 -33 -28 46 45 -1 -25 -36
right_child=1 2 3 6 5 -7 7 -9 -10 -11 11 12 -14 14 -16 -17 17 -19 19 -21 -22 -23 23 43 30 26 42 29 33 -31 31 41 -34 -35 47 36 -38 -39 39 -41 -42 -43 -44 -45 -46 -47 -48 -49
leaf_value=-0.052471526835599892 -0.13197058190373867 0.34478864538074311 0.35277600986299612 -0.10119818571513546 0.011625228023592792 -0.017271787658197701 0.073565702880632439 -0.064119319965293575 -0.095699030595309986 -0.058115944878755189 0.044620887910964351 -0.025128649323092857 0.17913036782410499 0.48051387679115543 0.61498865507935085 -0.091954242328121036 0.32486914463987987 0.59853893136981751 -0.10925464402136159 0.077011038441826482 0.24575501729070226 0.19690211560852969 0.05366232545514496 0.013805158721346441 -0.010730377380898036 0.45606351561066033 -0.073803591030485019 0.14985339280901241 0.34428922499813913 -0.037155471745687389 -0.0014560894454538533 -0.023651682982710344 0.068283780040269873 0.051613068903135398 0.010006095038575601 0.0609065210741081 -0.07888104006650011 -0.026480608617556883 0.2424366702385396 0.079060304704428971 0.011468423497084327 -0.069303105691878267 0.038615607969620151 -0.072132093608221134 -0.0075186363259032813 0.043825150545244371 -0.0667002236678544 0.031447145513513151
leaf_weight=8578.0368488537933 659.46014544379432 441.04576035724313 319.43256488683983 1305.0660653421655 671.1220938313345 3122.8158176396973 3726.0480816056952 2527.623346426597 686.58136079274118 994.22864859364927 3377.7251305980608 2657.3605224878702 293.49595245611272 130.24480922821385 270.02518402095302 1262.5649206875969 207.72038507161778 301.09667088021524 4539.8135994999029 244.96535654208856 368.91577357117785 360.70891724101966 5284.6243597103457 22746.217667664518 32439.162607934864 347.49234119281755 1185.9226094449987 783.6343630310148 202.7837942186743 1033.5656030613463 31123.916689529156 23425.408169515809 2485.53094015838 364.1944875610061 36426.206710954517 835.11643796693534 789.26524323481135 25292.637142546359 406.00850967504084 841.25705562904477 25147.286810009449 3838.0112023275142 906.59309260267764 942.65168780590466 11057.386266453104 1098.8059105457942 949.59980199691199 19785.211496624994
leaf_count=48734 2768 1574 2055 3012 1856 17393 8899 10787 1554 2012 7877 8983 4335 1000 2081 9811 980 1787 45956 1836 1277 1080 27336 113656 161989 1706 3570 1944 1078 2904 119817 80819 17835 1792 125631 2691 2396 103689 1050 2054 116418 11346 2909 7933 52818 8991 2966 112659
internal_value=0 0.00237512 0.0223288 0.0161844 0.042956 0.0347068 -0.0143741 -0.00245843 0.0196426 0.0322161 0.0528449 0.0399872 -0.0045896 0.000419505 0.0682473 -0.0377564 -4.7346e-05 -0.0428814 -0.0817775 -0.0995999 0.12195 0.0770066 0.000914067 0.0155625 -0.0012171 -0.015642 0.057103 0.12006 0.27193 0.0432518 0.00132173 -0.0114361 0.00368841 0.157593 0.00815061 0.0491029 -0.0067135 -0.0291854 0.0685312 0.132795 -0.00102772 -0.0300989 -0.0248634 0.00736851 -0.023395 -0.041482 0.0105552 0.0175622
internal_weight=0 266050 23723.8 23282.8 12418.8 12099.4 10863.9 9558.86 7031.24 6344.66 8976.59 7575.85 2950.86 242327 1662.83 1392.81 240664 5293.6 4992.5 4784.78 1400.75 1031.83 235370 29923.1 205447 30776.3 4824.19 2731.67 914.471 1817.2 174671 60872.9 33609.4 566.978 113798 5350.43 1624.38 25952.1 4624.99 1247.27 57586.4 27263.4 2092.52 24638.5 20734.2 9676.84 23695.8 56211.4
internal_count=1275644 1165101 80885 79311 47960 45905 31351 28339 17552 15998 28512 24299 13318 1084216 12892 10811 1071324 50559 48772 47792 4213 2936 1020765 151891 868874 122360 15903 9424 4576 4848 746514 229817 137652 2870 516697 13986 5087 106457 10981 3104 278407 92165 6479 124555 110543 57725 116622 238290
is_linear=0
shrinkage=0.5


Tree=66
num_leaves=49
num_cat=0
split_feature=16 16 10 9 9 16 15 7 16 15 8 14 3 14 8 16 2 8 15 15 2 16 15 16 16 8 15 3 7 12 3 8 10 0 8 14 0 16 9 8 15 3 9 5 3 2 14 2
split_gain=100.43 80.1716 66.8752 60.9221 97.7391 62.0372 59.6838 55.5585 46.1229 42.9932 54.2896 43.6111 41.7898 39.7293 37.4461 55.868 37.8474 36.2763 65.469 51.3748 37.8407 37.0435 34.5768 37.534 34.2845 34.1642 34.0822 33.8609 32.1651 31.4682 32.7685 44.3409 36.1447 35.1358 45.0072 31.3791 30.7688 30.7498 30.2768 32.0877 39.3026 37.2272 49.9948 29.7836 36.8727 29.0027 42.4435 33.6023
threshold=-3.853023767471313 0.76933526992797863 -1.4946584701538084 0.0014341871719807389 -0.0011470604804344473 -2.0166803598403926 5.2552380561828622 -0.054442293941974633 -2.8840926885604854 5.1640968322753915 0.18646121025085452 1.2630073428153994 -0.12898922711610791 0.88305845856666576 0.084827315062284483 -2.1330909729003902 -0.42366130650043482 0.03037840407341719 5.1434159278869638 5.2666351795196542 0.13074740767478946 -0.41575601696968073 5.2782208919525155 -0.49928089976310724 -0.28688609600067133 0.018854009918868545 5.0918631553649911 0.14194054901599887 -0.057518417015671723 0.89345109462738048 -0.018170941621065136 -0.042275818064808839 1.0298948884010317 0.62366715073585521 -0.05032465606927871 5.0986816883087167 0.58522152900695812 -3.263436913490295 0.0004362868494354189 0.064168818295001998 5.210379123687745 -0.001983085996471345 -0.00011900896060978992 -1.0000000180025095e-35 0.050747610628604896 -0.097268965095281587 3.2845104932785039 -0.27498798072338099
decision_type=2 2 2 2 2 2 2 2 2 2 2 2 2 2 2 2 2 2 2 2 2 2 2 2 2 2 2 2 2 2 2 2 2 2 2 2 2 2 2 2 2 2 2 2 2 2 2 2
left_child=-1 2 13 4 7 29 -3 24 36 25 11 -11 -10 -2 15 -5 -17 19 -19 20 45 -21 28 -24 -4 -7 -16 -13 -18 -6 33 32 -32 37 -35 -29 -9 -31 39 41 -41 42 -33 44 -43 46 -14 -48
right_child=1 6 3 14 5 9 -8 8 12 10 -12 27 17 -15 26 16 22 18 -20 21 -22 -23 23 -25 -26 -27 -28 35 -30 30 31 38 -34 34 -36 -37 -38 -39 -40 40 -42 43 -44 -45 -46 -47 47 -49
leaf_value=0.14878235644277762 0.11530846301523585 -0.065181296134775857 0.23452019373076133 0.10413008779115557 0.051735080033105375 0.0062821043023721622 0.071632393219424675 0.3299334591503833 -0.14533406683739891 -0.087869559052292628 0.09377717274215 -0.036244885635025113 0.037014075282337786 -0.096430942304055925 -0.040518025303272587 0.14938382606729012 0.1274661649824867 -0.017288167343577014 0.060950793150440788 0.0040023208684119302 -0.042561179177664089 -0.12915620991599308 0.045883972256930645 -0.16472827478064919 0.047937399297411004 -0.030899932402350526 0.084778596409411974 0.05649018976558684 0.0058461076457895136 0.13554545436535914 -0.015207805417719175 0.036909879462677812 0.091909518215827254 -0.21220547115194457 0.0072968970118801385 -0.038684866067683288 0.075602360222599044 0.033383699738624199 0.02424840151742352 -0.10817858646170178 -0.012337605031410884 -0.057210499404481523 -0.12797482383501016 0.030689478302075909 0.062146025882423718 0.029794158200253194 0.087632755503675622 -0.059843053491292854
leaf_weight=1087.533567648381 239.73996176139917 7627.9577850356291 451.56283688556869 1594.3096963471035 3253.3339746316196 17139.821783664112 885.93894496108987 173.51399929705076 421.02806469722418 3706.3798183334293 815.37925223819911 28183.072000445332 2779.3880036610644 2543.5692049474164 638.9358908154536 461.8158288935665 555.98363416397478 3962.4521843604743 8163.9324264401512 900.6777256943169 3101.0454873035778 1219.1239506768179 322.57826394750737 594.76481441047508 559.95003649906721 9645.9925074639032 3410.9810324799037 2018.2836499598343 23773.464158887713 948.11819659918547 1400.8320943620056 680.53689100360498 1776.8940332460916 279.7170627892483 1367.2395595112466 1510.1647392980522 400.59412539185723 3403.2433502979111 3204.5011674385169 2399.0834449019167 1953.5271310403477 2911.3020700255875 1388.1902320046211 4199.5928126162617 827.45833762513939 13795.707342701673 430.50632348202635 3514.3203587764874
leaf_count=5065 2940 79035 2834 8665 15040 149319 10592 888 3205 42022 6040 228720 14276 29055 4179 5295 3234 26330 53279 5343 19267 7466 2037 3291 3352 65944 25724 8818 171942 2978 5219 2579 7593 908 6728 9368 3843 12564 15926 14460 14888 9593 3990 17290 3137 116192 5395 19796
internal_value=0 -0.00355264 -0.0011369 0.000162725 -0.00451177 -0.0133931 -0.0508793 0.0161928 0.0131656 -0.022303 -0.0335353 -0.0364829 0.0110402 -0.0779784 0.0199906 0.0133113 0.00765588 0.0127958 0.0353447 0.0021528 0.0088644 -0.0723678 0.00503776 -0.0901539 0.131875 -0.00708972 0.0648826 -0.0304586 0.00865108 0.00531078 -0.000320428 -0.00975165 0.0445419 0.0322052 -0.0297859 0.0156145 0.153779 0.0557846 -0.0196049 -0.029427 -0.0652911 -0.013773 -0.0735005 0.00173631 -0.0306514 0.0166621 -0.0102064 -0.0436039
internal_weight=0 175537 167023 164239 132886 93012.7 8513.9 39873.8 38862.3 63019.1 36233.3 35417.9 38288.2 2783.31 31352.8 27302.9 25708.6 37867.2 12126.4 25740.8 23621 2119.8 25246.8 917.343 1011.51 26785.8 4049.92 31711.5 24329.4 29993.6 26740.2 20741.9 3177.73 5998.32 1646.96 3528.45 574.108 4351.36 17564.2 14359.7 4352.61 10007.1 2068.73 7938.35 3738.76 20519.9 6724.21 3944.83
internal_count=1275644 1270579 1180952 1148957 924590 643124 89627 281466 275280 510231 294968 288928 270549 31995 224367 194464 185799 267344 79609 187735 174926 12809 180504 5328 6186 215263 29903 246906 175176 132893 117853 94675 12812 23178 7636 18186 4731 15542 81863 65937 29348 36589 6569 30020 12730 155659 39467 25191
is_linear=0
shrinkage=0.5


Tree=67
num_leaves=49
num_cat=0
split_feature=10 14 13 3 16 15 1 15 16 16 13 16 1 14 13 12 11 3 7 13 1 13 16 7 1 11 5 14 13 15 16 13 10 16 13 2 16 13 11 12 15 14 13 12 1 13 1 1
split_gain=51.3434 49.5058 98.2009 37.6234 34.4881 37.1305 34.1424 33.2766 60.0214 61.4418 35.4905 33.2053 29.8461 28.524 28.0543 27.7365 26.2229 27.5388 26.1214 26.1847 41.877 31.5429 30.9936 26.923 25.5593 25.0003 24.887 24.7626 71.0659 37.481 48.0426 45.3064 153.305 49.3386 36.1533 33.4617 31.9048 43.5557 32.3677 46.4253 38.5066 57.3034 58.7371 37.7678 37.1462 34.3348 31.6869 31.5194
threshold=-0.19623262435197827 5.7393896579742441 -0.93360587954521168 0.15389880537986758 -1.9886859655380247 5.2704656124114999 0.751446694135666 5.2650723457336435 1.0000000180025095e-35 -0.73680725693702687 -0.38332794606685633 -0.1951123774051666 0.39095182716846472 11.26000499725342 0.43209660053253179 1.6723495721817019 1.2163776755332949 1.0000000180025095e-35 0.055684870108962066 -0.11754492670297621 0.38526254892349249 -0.87854418158531178 0.36146658658981329 -0.0064009788911789647 1.0000000180025095e-35 1.3596410751342776 -0.13900534063577649 9.2630157470703143 0.81848010420799266 5.2351479530334482 0.20084875822067264 -0.86022931337356556 2.4565833806991582 -2.5965871810913081 0.26461292803287512 -0.086836781352758394 -0.5596708059310912 -0.95443150401115406 1.1449491381645205 0.99087846279144298 5.2086813449859628 3.5697467327117924 -0.63247376680374134 0.87131378054618847 0.39389668405056005 -0.84021010994911183 0.48730684816837316 0.45109249651432043
decision_type=2 2 2 2 2 2 2 2 2 2 2 2 2 2 2 2 2 2 2 2 2 2 2 2 2 2 2 2 2 2 2 2 2 2 2 2 2 2 2 2 2 2 2 2 2 2 2 2
left_child=1 3 -3 4 5 14 7 15 9 10 -9 -4 16 18 -1 24 -12 -18 19 21 22 -10 -21 -22 -2 -6 -26 36 29 31 -31 32 -29 34 -33 -35 37 47 40 43 41 -38 46 -40 -42 -41 -43 -28
right_child=6 2 11 -5 25 -7 -8 8 13 -11 12 -13 -14 -15 -16 -17 17 -19 -20 20 23 -23 -24 -25 26 -27 27 28 -30 30 -32 33 -34 35 -36 -37 38 -39 39 45 44 42 -44 -45 -46 -47 -48 -49
leaf_value=-0.025936608825217138 -0.13570234395480418 0.30497011895505599 0.071425837946952411 -0.069359159502632786 0.016550030794528169 0.14374115388013001 -0.13928165089927558 -0.04185469965838521 0.094330270710224651 -0.06822695293095199 0.027187585291064385 0.00023715630321720745 0.12622449732466637 -0.094659450683501456 -0.13719979720320682 -0.037088720576990988 -0.11816838673944717 0.016667399618403484 -0.11121287328261843 0.28192286079580636 -0.052751104600433384 -0.010437062130568527 0.075202283263464273 0.082090783996355235 -0.1236508277088172 -0.087908786839984238 -0.042364295961192566 0.24480511585372497 0.20798633827275287 -0.0036479169314153348 -0.12573966163989123 0.070475467470247383 0.0057382825587816606 0.062445416139123196 0.31159985445338345 -0.0036489121760755793 0.034256222107925359 -0.0063066577429763456 -0.035172651177397533 0.022155432075149188 0.017832370302882847 0.012262640909008389 -0.020831572089687153 0.031056039551742957 -0.024374847329673613 -0.031130162396732396 0.089688303305253902 -0.17415134852073497
leaf_weight=2524.7090995977633 345.44719794188859 366.77418987944839 3630.9908099713502 1514.3833483863855 38916.256408154586 261.79126012115739 459.0812256639183 4789.3976254879235 894.68754022417124 7988.9195594961493 3696.6764986700146 3009.4909776019631 557.58308128232602 525.16249339474598 736.61769900843501 5164.2272523434949 758.38816803507507 743.78306812397204 328.95890142186545 351.07864333502948 606.90625444240868 3605.7956990780076 393.63628632947803 935.59912032727152 403.70097162952879 578.94947363389656 3428.2756521214615 940.94931628016639 465.5020854016766 4347.7823645004537 990.71168457379099 761.8459443411557 2343.7238315689901 2185.8433355043526 197.92556658945978 15334.436841021525 26145.521344329711 79493.271249561876 2766.3254822583986 3622.3491115994693 8979.1928728481289 3757.5412820059573 12876.721428311314 9616.6156818834133 12404.223451274622 17973.548089821823 2053.3823165833601 526.75386615097523
leaf_count=14833 8959 3462 14776 18590 165986 1592 9099 34953 4989 24626 8566 11748 1475 1708 2461 25512 1117 1488 1650 981 1450 11138 1161 2491 3363 2818 37488 8669 2248 24630 3393 7068 45289 19055 781 58088 105576 279336 10499 19672 31286 16135 48640 37902 48823 63537 12992 13545
internal_value=0 0.0141897 0.0532646 0.00802893 0.0107664 -0.0365866 -0.00317969 -0.00292026 -0.0197617 -0.0351436 -0.01003 0.039243 0.0163642 0.0174803 -0.0512546 -0.000887479 0.00446336 -0.0511067 0.0258379 0.032569 0.0761531 0.0102957 0.173574 0.0287128 -2.94346e-06 0.015004 0.000216853 0.000456559 0.0144311 0.0110807 -0.0264185 0.0203024 0.0744288 0.0106513 0.120993 0.00457162 -0.00163865 -0.00886204 0.00437243 -0.00816434 0.0108132 0.019143 -0.0019755 0.0162187 -0.00662807 -0.0221686 0.039719 -0.0600824
internal_weight=0 51540 7007.26 44532.7 43018.3 3523.12 243761 243302 26176.6 18534.7 10545.8 6640.48 5756.43 7641.82 3261.33 217126 5198.85 1502.17 7116.66 6787.7 2287.22 4500.48 744.715 1542.51 211962 39495.2 211616 211212 27568.7 27103.2 5338.49 21764.7 3284.67 18480.1 959.772 17520.3 183644 83448.3 100195 33978.8 66216.6 44833.2 18687.6 12382.9 21383.4 21595.9 5810.92 3955.03
internal_count=1275644 236266 29986 206280 187690 18886 1039378 1030279 97793 72225 47599 26524 12646 25568 17294 932486 11171 2605 23860 22210 6083 16127 2142 3941 906974 168804 898015 894652 169221 166973 28023 138950 53958 84992 7849 77143 725431 330369 395062 131610 263452 183343 77767 48401 80109 83209 29127 51033
is_linear=0
shrinkage=0.5


Tree=68
num_leaves=49
num_cat=0
split_feature=10 14 14 3 2 0 0 8 14 13 3 14 8 13 9 13 13 12 9 8 0 12 4 4 12 12 8 15 8 15 3 8 13 0 14 15 15 8 3 10 8 5 5 15 0 14 2 9
split_gain=55.699 180.261 91.8959 75.0427 70.6273 76.1655 65.3041 76.1984 62.2598 74.1639 72.2146 65.6168 64.3428 59.7125 57.1743 54.1542 51.4468 50.9552 73.0324 50.3723 45.8727 45.6014 44.8587 61.4468 44.4043 67.4008 51.8147 57.4156 61.0509 52.3772 51.2201 50.1321 64.3021 52.6338 49.6017 61.8908 66.3614 60.266 49.4052 49.1515 65.4406 60.9009 67.543 49.1597 48.8066 48.72 65.7959 47.0079
threshold=-0.56005066633224476 2.0752627849578862 10.606677055358888 0.0050350488163530835 -0.012996101286262272 0.12693668901920321 0.38653247058391577 0.028190592303872112 4.948444366455079 -0.9007248282432555 0.16726041585206988 2.3133122920989995 -0.0032322182087227698 -0.50052464008331288 -0.00071744641172699619 -0.95609945058822621 -0.18558874726295468 1.2643532156944277 -0.0012445022002793846 0.039327630773186691 0.6282610595226289 1.0977782011032107 -0.028533131815493103 0.024481639266014103 1.6410455703735354 1.5005929470062258 0.0055981534533202657 5.2433784008026132 -0.00094560557045042504 5.2335526943206796 -0.12898922711610791 0.04941226355731488 -0.31981328129768366 0.89407396316528331 3.6366999149322514 5.0990729331970224 5.22562599182129 -0.021886510774493214 -0.019739837385714051 0.43470863997936254 0.082564644515514388 0.021605360321700576 -0.035756949335336678 5.249291419982911 0.66464197635650646 7.1918835639953622 0.0027949979994446044 -0.00059751875232905139
decision_type=2 2 2 2 2 2 2 2 2 2 2 2 2 2 2 2 2 2 2 2 2 2 2 2 2 2 2 2 2 2 2 2 2 2 2 2 2 2 2 2 2 2 2 2 2 2 2 2
left_child=1 -1 3 4 19 -6 7 -7 9 12 11 14 20 -13 -11 -14 -15 -10 -19 -3 -5 -12 -2 24 25 30 27 28 29 -26 -24 33 44 38 39 45 -37 -38 -28 40 41 42 -27 -44 -33 46 -36 -32
right_child=22 2 -4 8 5 6 -8 -9 17 10 21 13 15 16 -16 -17 -18 18 -20 -21 -22 -23 23 -25 26 34 31 -29 -30 -31 47 32 -34 -35 35 36 37 -39 -40 -41 -42 -43 43 -45 -46 -47 -48 -49
leaf_value=0.021576044205937783 0.013819698973331081 0.069722412562081171 -0.444196773520948 0.15773930674599149 -0.25543681053426254 -0.031714558037621091 -0.098776307548857439 0.23825012243751789 -0.29485561012518929 -0.050096804788319814 0.54657552976180146 -0.18124109129714294 -0.0018810442282835855 0.069506636550878589 -0.41556315830751872 0.37747164785791021 -0.099529741433750207 0.23649018850559386 -0.19726948245224743 -0.11493768237605965 -0.21884890015720254 -0.014571532285523736 0.10636401576012304 0.0098446497653381718 0.035627580097517458 0.10608331849602969 0.20763836905898087 -0.10206929401163149 -0.21709391477575671 0.29408194930260656 -0.024138158226016646 -0.014450766677551533 0.09606731568739213 0.32911802492977632 0.49428592331367116 -0.10154890961134083 -0.14027594638971969 0.053512524262964989 0.020301237832830114 -0.11118804413784093 0.268869362471227 0.12129662613188999 -0.07624800457967397 -0.30206339125628179 -0.35518489088498584 -0.036070549549091432 0 -0.00041335965313709576
leaf_weight=11292.875889559029 58795.892230515281 2196.8429321260192 158.23825809636037 123.58544881996932 475.11843556776876 875.1357360057882 1902.9964990422886 370.22865146657568 679.88088448558119 167.2032932916336 65.41137894395797 1158.3064573591837 162.32688268233323 708.45755780738546 315.31385093586869 214.50035994117934 1221.0846313036454 130.14608396786934 366.26954426217708 441.31850880401907 225.05999676857755 75.814960962023179 978.13804691910627 66976.576617052197 1618.1148203760094 320.94030443584779 584.27657386893407 1131.7041544687236 208.51582277507987 223.42025362025015 31817.200959124959 271.09317371773068 662.78611757536419 287.62046491648653 164.86553865272435 1904.1102573032113 484.45756418869132 2293.55455436185 900.47203554589942 4018.2769339180086 182.81793823756743 424.67064882413251 714.37567977543222 370.43686606362462 174.17507535481127 183.75680208398262 115.35179019573843 60857.055538211825
leaf_count=62363 333004 11360 1879 552 2893 4579 13355 1389 8264 1131 757 8514 1979 4353 2458 1800 9971 1574 4577 2403 2691 1461 2569 337541 8348 1771 1574 2573 1379 536 144535 968 1979 1363 1476 11681 1308 6169 3470 18066 926 2383 4993 1237 2525 2022 1335 229610
internal_value=0 -0.0237619 -0.0663502 -0.0612362 -0.0234931 -0.0688454 -0.0404561 0.0482676 -0.103237 -0.0759146 -0.104544 -0.118529 0.0698128 -0.0914372 -0.29032 0.213161 -0.0372029 -0.205724 -0.082298 0.0386107 -0.0838591 0.243833 0.0018457 -0.00210964 -0.00933431 -0.0117439 0.0322468 -0.0115987 0.0381261 0.067398 -0.00735738 0.0808398 -0.00214899 0.132977 -0.0484484 -0.01227 -0.0296325 0.0194995 0.0944486 -0.0792258 -0.0151598 -0.0439322 -0.0942532 -0.154026 -0.149353 0.161552 0.292592 -0.0085642
internal_weight=0 23326.1 12033.2 11875 6261.64 3623.48 3148.36 1245.36 5613.36 4437.06 3711.59 3570.37 725.473 3087.85 482.517 376.827 1929.54 1176.3 496.416 2638.16 348.645 141.226 236665 177869 110892 104830 6062.18 3181.76 2050.05 1841.54 93652.4 2880.42 1108.05 1772.37 11177.6 5146.1 4682.12 2778.01 1484.75 6031.52 2013.24 1830.42 1405.75 1084.81 445.268 463.974 280.217 92674.3
internal_count=1275644 150303 87940 86061 35979 22216 19323 5968 50082 35667 28645 26427 7022 22838 3589 3779 14324 14415 6151 13763 3243 2218 1125341 792337 454796 430081 24715 12836 10263 8884 376714 11879 5472 6407 53367 23991 19158 7477 5044 29376 11310 10384 8001 6230 3493 4833 2811 374145
is_linear=0
shrinkage=0.5


Tree=69
num_leaves=49
num_cat=0
split_feature=14 3 0 8 2 9 4 12 5 6 8 6 1 6 9 8 7 1 0 14 0 1 9 2 5 2 6 14 2 2 12 0 8 6 3 3 2 14 5 5 2 6 0 6 0 9 14 3
split_gain=32.1444 46.2295 84.5479 62.2459 39.2428 33.0334 32.9532 35.1156 28.5085 28.4947 27.0491 42.4415 36.1475 34.1669 31.074 28.2079 32.2238 27.3621 26.8352 26.5353 24.2565 23.783 45.3457 40.351 36.085 29.1101 27.2395 31.3337 25.6599 24.2947 24.2846 23.7675 23.5815 22.2892 22.124 20.5754 25.8534 25.4572 22.7075 27.3304 25.2255 22.3151 19.3902 19.3507 18.8824 18.6249 18.0371 17.355
threshold=3.8518130779266362 0.1029924899339676 0.78032246232032787 0.076460648328065886 -0.08307079970836638 -0.002546688541769981 -0.045026024803519242 1.6320985555648806 -0.088148832321166978 0.007971790153533222 0.027521481737494472 0.084438718855381026 0.19368638843297961 0.036812685430049903 0.0060047083534300336 -0.04056409373879432 -0.04569361358880996 0.15705845504999164 0.85787501931190502 0.55512174963951122 0.66006013751029979 0.29106077551841741 0.00013476800086209553 0.056409105658531196 0.041226243600249297 0.091527290642261519 -0.01046732487156987 2.6620584726333623 -0.13940637558698651 0.10382395610213281 0.71643933653831493 0.9617789387702943 0.11232892796397211 -0.029844574630260464 0.032920675352215774 0.13633257895708087 -0.08307079970836638 1.8257141113281252 -0.012848262209445236 0.054887630045413978 -0.056613581255078309 -0.033628681674599641 0.084220454096794142 -0.062118034809827798 0.16148269176483157 -0.0023181409342214461 7.9914994239807138 0.066057484596967711
decision_type=2 2 2 2 2 2 2 2 2 2 2 2 2 2 2 2 2 2 2 2 2 2 2 2 2 2 2 2 2 2 2 2 2 2 2 2 2 2 2 2 2 2 2 2 2 2 2 2
left_child=6 4 -3 9 -2 18 20 8 -8 -4 12 47 -7 14 15 46 -17 -13 -6 44 35 22 25 30 26 28 27 -23 -21 43 -24 45 -9 -22 -25 36 -1 42 41 40 -40 -39 -38 -26 -10 -11 -14 -12
right_child=1 2 3 -5 5 10 7 32 19 31 11 17 13 -15 -16 16 -18 -19 -20 21 33 24 23 34 29 -27 -28 -29 -30 -31 -32 -33 -34 -35 -36 -37 37 38 39 -41 -42 -43 -44 -45 -46 -47 -48 -49
leaf_value=0.035128364999479793 -0.039046150111015289 -0.055500718530486749 -0.017878870247880953 0.14013162644086719 -0.066581630869808853 -0.03760914561498762 -0.034955403493751473 -0.023567052073500658 -0.02411477425267888 0.12489003906527074 -0.034869282588682694 0.18066831901541139 -0.00015722487467151967 -0.021046585377263293 -0.1007671715250474 -0.06713485704776205 0.028114657025958438 0.020451577375723964 0.037433494437909991 -0.1208894686444691 -0.061476994218125129 0.021758761849891874 -0.16520745943233248 -0.0076414381675799833 0.12085771526006243 -0.04789864714560934 0.012563416169476925 0.063505189209905971 0.018711135881417519 -0.034511381310460748 -0.030110939919049982 0.0060508918436099311 0.08626684893894225 0.0077694848499528287 0.086744983548968327 -0.13136058699157646 0.026986623113230374 0.068770595766028744 -0.09206514078507666 -0.069565176298068201 0.051292849777115054 -0.057645485624870416 -0.060344694768588281 0.0022868481087101062 0.047256324087617922 0.047143542911825903 -0.070285999500028382 0.023500111401091546
leaf_weight=1838.4505307995714 10850.341114468232 2922.6916117792425 2673.280443991971 1363.4626050124934 3601.2460692495661 4938.4564801168162 3424.1601683027111 10925.689818322659 1048.6261864826083 1026.3082071612153 13225.709580609924 356.81057663694082 4930.4130069187377 8194.1424214004946 565.72692481300328 917.78890966810286 24292.471365164791 1082.4833958130621 741.77810460256296 331.92463154159486 1242.7577197153587 16517.125846709234 342.91929509863257 1332.4260349813849 352.00873821973801 1871.8753569698893 54590.899567801862 6211.3792502912693 23756.717301115161 5229.2530858858954 12294.706499062711 2740.9483252012578 508.91444828966632 17544.337896907702 1147.2279869043268 430.21241736784577 705.85160258333781 399.82291507534683 338.83454787917435 739.38713633129373 2987.9958423059434 2564.1950351404957 5733.4049796937034 14235.154012877727 7414.8658000519499 3272.5151450964622 1129.4228728382732 1397.9601756463962
leaf_count=6047 74894 18981 25299 33445 18558 33552 11949 33476 2940 13791 85324 8972 19409 46673 2377 4150 120713 13346 4816 1259 4185 50207 767 4197 1144 6098 182079 21330 80721 19145 38636 36048 2166 72910 4312 1332 2072 1330 993 2156 10191 7817 15767 49268 23448 36205 9814 11335
internal_value=0 -0.00633629 0.0200598 0.0400458 -0.0111909 -0.00655949 0.00506683 0.00806525 0.0101022 0.0259319 -0.00355206 -0.021167 0.00272931 0.00771913 0.0151392 0.0172553 0.0246247 0.0606154 -0.0486965 0.0111577 -0.00894746 0.00948849 -0.000585728 -0.0223663 0.0137539 0.0120786 0.0186341 0.0331918 0.0167618 -0.00526222 -0.0338291 0.0426398 -0.0186279 0.00315922 0.0358429 -0.0234306 -0.0203563 -0.0279686 -0.00708055 0.0170933 0.0365184 -0.0404069 -0.0506914 0.00519049 0.0383526 0.0658459 -0.0133197 -0.029254
internal_weight=0 90224 13999.2 11076.5 76224.8 65374.4 196061 161536 150101 9713.05 61031.4 16063 44968.4 40030 31835.8 31270.1 25210.3 1439.29 4343.02 146677 34525.3 138214 41077.8 15117.3 97135.8 25960.5 77319.4 22728.5 24088.6 19816.4 12637.6 7039.77 11434.6 18787.1 2479.65 15738.2 15307.9 13469.5 7030.24 4066.22 3326.83 2964.02 6439.26 14587.2 8463.49 4298.82 6059.84 14623.7
internal_count=1275644 617702 163769 144788 453933 379039 657942 533142 497500 111343 355665 118977 236688 203136 156463 154086 124863 22318 23374 485551 124800 459163 135990 47912 323173 88078 253616 71537 81980 69557 39403 86044 35642 77095 8509 47705 46373 40326 22487 13340 11184 9147 17839 50412 26388 49996 29223 96659
is_linear=0
shrinkage=0.5


Tree=70
num_leaves=49
num_cat=0
split_feature=1 16 0 16 1 16 1 9 1 1 3 0 14 2 3 9 16 3 0 0 2 11 14 0 0 14 16 3 14 11 4 16 3 11 2 0 14 12 14 9 16 1 4 10 1 11 12 16
split_gain=65.9352 94.6741 83.0321 59.1331 105.044 56.2468 55.7638 51.1589 95.361 46.3235 37.6518 53.5513 50.8277 41.2941 38.8954 32.1432 36.2361 35.0768 31.2626 31.1929 30.5615 30.259 32.1674 50.5541 42.1235 38.245 33.3267 36.1521 30.0763 30.0363 29.4264 28.6783 28.1652 41.8815 29.4351 31.821 27.8868 29.183 32.6834 35.5798 27.0752 42.3839 28.0017 27.1604 26.4458 25.5407 25.4869 24.6272
threshold=0.52589416503906261 -1.2100517153739927 0.66923505067825328 -2.0733330249786373 0.19705756008625033 -3.4269832372665401 0.42629770934581762 -0.0026790085248649116 0.37952741980552679 0.069129168987274184 0.0050350488163530835 0.82031309604644786 4.4896421432495126 0.22998324781656268 -0.059925615787506097 -0.0017500338144600389 -0.23012739419937131 0.20520157366991046 0.47090423107147222 0.85787501931190502 -0.3358731716871261 0.45305432379245764 9.2630157470703143 0.59964588284492504 0.64178743958473217 3.4418380260467534 -1.5495625734329221 0.020468895323574546 4.4896421432495126 1.2627890110015871 -0.049769874662160866 -0.98284605145454396 0.089352872222661986 1.3308836817741396 -0.20069228112697599 0.95753124356269848 27.162702560424808 1.4689791202545168 12.530106544494631 -1.0000000180025095e-35 -0.044986754655838006 0.42173120379447943 -0.17257206887006757 10.106666564941408 0.25383411347866064 1.1186059117317202 0.92815095186233532 -3.853023767471313
decision_type=2 2 2 2 2 2 2 2 2 2 2 2 2 2 2 2 2 2 2 2 2 2 2 2 2 2 2 2 2 2 2 2 2 2 2 2 2 2 2 2 2 2 2 2 2 2 2 2
left_child=3 2 -2 4 36 -6 32 8 19 28 11 12 18 20 -13 -3 17 -17 -11 -5 -12 46 24 -24 25 -23 27 -25 -9 30 -29 44 33 -7 -34 -36 37 47 39 -39 41 43 -43 -26 -20 -37 -22 -1
right_child=1 15 -4 7 5 6 -8 9 -10 10 13 14 -14 -15 -16 16 -18 -19 31 -21 21 22 23 26 40 -27 -28 29 -30 -31 -32 -33 34 -35 35 45 -38 38 -40 -41 -42 42 -44 -45 -46 -47 -48 -49
leaf_value=0.076234248180175421 0.41311358028212258 -0.0064280546920228825 0.087427767169247397 0.22454633262624421 0.17463546532589308 0.031182538247029375 0.20731322560927132 0.013244254537156226 0.0040534283256118703 -0.064443590608230988 0.11389956671463516 -0.20805468085867937 0.0029992815128645368 -0.078753299814413091 -0.060161405183319971 0.098589605955476486 0.014982565637937149 0.00061155616920122342 -0.039145360242481705 0.06657220225948908 0.23867236238197115 -0.059672449052018892 0.031613789129943351 -0.27532590703579257 -0.0018755503093024631 -0.0019266727051982517 -0.035775447455815575 0.059109394211185655 0.20837941489977932 0.063034713110675197 -0.14981397975722929 -0.044224139877923764 0.11970995543567953 0.14049405287894526 -0.067657386696963542 -0.01359116894814087 0.14549086516172816 -0.11448383506147593 -0.22050039219674644 0.002695502399722844 -0.018999527559299768 -0.11120898251179144 0.050499647098634436 0.16221958708773135 0.062721974008320386 0.169351451151973 0.027060663436863776 -0.01282035457563643
leaf_weight=820.03682021866553 258.66852863045642 10462.897325412312 824.27074345725123 683.28404437075369 741.20628881838638 12420.754308172443 450.63417614396894 427.91854102011712 7763.9138530967757 6942.8687952299078 521.00851626554504 487.79386506247101 12672.73290892865 2040.860639571154 5385.2918018853525 2975.8862627092167 12197.26614482759 1332.7833101916476 1029.8459963392233 598.1556338648079 147.79874582169577 5882.8318782148708 2339.881817688467 286.20466965157539 22556.53682976088 5628.9261618115997 7489.5699452951085 197.90649302513339 375.52405446325429 289.46262927429052 1009.8693807097152 3746.149901204175 361.58988082467113 945.68063302553492 1897.2950019462733 546.00586468866095 266.56586655927822 1081.6349661108106 294.38411357090808 1592.7664253967814 10530.678109882865 275.85508471517824 6843.0971575733565 254.01486905361526 1652.0759682287462 288.66396497678943 3739.0899341698969 13929.692929617304
leaf_count=3668 1562 69744 12207 4147 5249 53362 6254 2210 49433 111470 4846 5414 95457 10179 49586 17996 92222 11101 7226 3720 1218 77642 12587 1124 127684 54475 42222 2369 2345 2428 5647 59862 5595 4263 11522 4010 3145 3925 1385 6798 84413 1739 38490 1522 13415 3148 29943 55675
internal_value=0 0.0210578 0.165991 -0.00538752 0.0123415 0.039749 0.0337973 -0.0110433 0.0249841 -0.0142199 -0.015167 -0.0294069 -0.0196531 -0.00866998 -0.0725632 0.0152135 0.0289616 0.0684056 -0.0411586 0.151306 -0.00655789 -0.00749713 -0.0101214 -0.0339184 -0.00479385 -0.0314824 -0.0505099 -0.112052 0.105216 -0.0803449 -0.115146 -0.015925 0.0290042 0.0389637 -0.0138655 -0.0317652 -0.0145311 -0.0169748 -0.0622202 -0.0445347 0.00278784 0.0104708 0.0441486 -1.92617e-05 0.023419 0.0492067 0.0352951 -0.00783048
internal_weight=0 28051.8 1082.94 147436 35636.9 17651.8 16910.6 111799 9045.35 102754 101950 31916.8 26043.7 70033.6 5873.09 26968.8 16505.9 4308.67 13370.9 1281.44 67992.7 67471.7 63584.8 11612.9 51971.9 11511.8 9273.01 1783.44 803.443 1497.24 1207.78 6428.07 16460 13366.4 3093.55 2731.96 17985.1 17718.5 2968.79 2674.4 40460.2 29929.5 7118.95 22810.6 2681.92 834.67 3886.89 14749.7
internal_count=1275644 204832 13769 1070812 167999 93403 88154 902813 57300 845513 840958 342430 287430 498528 55000 191063 121319 29097 191973 7867 488349 483503 452342 66377 385965 132117 53790 11568 4555 10444 8016 80503 81900 57625 24275 18680 74596 71451 12108 10723 253848 169435 40229 129206 20641 7158 31161 59343
is_linear=0
shrinkage=0.5


Tree=71
num_leaves=49
num_cat=0
split_feature=6 4 5 14 3 6 4 13 6 8 6 8 0 3 13 1 4 13 6 0 14 7 9 8 3 7 4 5 7 13 6 9 0 5 1 13 13 0 1 3 14 4 3 14 3 6 4 12
split_gain=69.0426 44.1151 42.5659 40.2163 36.9164 35.6573 34.7004 31.9723 31.3221 29.1058 31.3606 50.2913 52.4145 40.4433 38.8789 38.1332 37.0215 32.8923 33.1377 32.8279 29.9 28.7305 28.2909 27.995 27.5653 26.2032 25.574 25.0999 25.0087 30.9184 24.94 24.7522 23.8755 23.4668 23.3347 23.2215 35.0583 32.2856 35.4352 30.8164 29.6705 26.8872 38.1902 24.8152 23.0137 22.8335 22.578 22.4084
threshold=0.30216966569423681 0.030082490295171741 0.047060478478670127 1.3548020720481875 -0.079753044992685304 0.10632392019033433 0.11064275354146959 -0.21856275200843808 0.11819915845990182 -0.012436012737452982 -0.018551293760538098 0.0047719080466777095 0.13406878709793094 -0.098182700574398027 -0.55933016538619984 0.28760007023811346 -0.050745954737067216 -0.76293051242828358 0.10122157633304597 0.87673482298851024 3.1375684738159184 -0.04569361358880996 -0.0013490194687619803 -0.0032322182087227698 -0.023815446533262726 -0.034632530063390725 0.031397489830851562 0.11953289434313775 -0.0088753583841025812 -0.27026726305484766 0.023943529464304451 0.00047130437451414769 0.12693668901920321 0.0028714567888528113 0.23903895169496539 -0.68552905321121205 -0.29016585648059839 0.92302641272544872 0.39951401948928839 0.1029924899339676 9.4031214714050311 -0.059570744633674615 0.045502716675400741 8.5144090652465838 0.078055664896965041 -0.0092084091156721098 0.070158973336219801 1.2553492784500124
decision_type=2 2 2 2 2 2 2 2 2 2 2 2 2 2 2 2 2 2 2 2 2 2 2 2 2 2 2 2 2 2 2 2 2 2 2 2 2 2 2 2 2 2 2 2 2 2 2 2
left_child=1 3 6 5 -4 -1 7 22 31 21 13 14 -13 -11 15 -12 -16 20 27 28 -14 -5 -3 -17 -20 -24 33 -19 29 34 46 -6 -33 -9 -15 37 -37 38 -23 -40 -39 42 43 45 -34 -38 -28 -18
right_child=-2 2 4 9 8 -7 -8 26 -10 10 11 12 17 19 16 23 47 18 24 -21 -22 35 25 -25 -26 -27 30 -29 -30 -31 -32 32 44 -35 -36 36 41 40 39 -41 -42 -43 -44 -45 -46 -47 -48 -49
leaf_value=-0.010181848988110864 -0.23700222573624774 -0.057620571018124178 -0.097604392182354796 -0.052406105673707348 0.040496900188346209 -0.11224452783707665 -0.064663971585357874 -0.01049612131515869 -0.09151294077911673 -0.10238858147189721 0.055897098742020639 0.051624994492971962 -0.0080885653483813227 0.0069582286365963133 -0.0040726612436310849 -0.031515362553086901 0.072757892530967108 0.0010249920518864263 0.075116843610771533 0.057625686110305212 0.04665522121244281 0.030475200637902555 -0.072479994659566782 0.022334623016954453 -0.094786057822268829 -0.012726893345278994 0.022054961850766382 -0.10548451394449272 0.0038428453678924497 0.0073752187239904139 -0.026607140480175234 0.12718268131672 -0.034938942058543442 -0.15754594665669996 -0.085105542541075191 -0.026597717082778818 0.097341566940948365 0.05081288158288453 -0.039922391603029989 0.05837795132939045 0.22573285173405191 0.0094821737385823029 -0.10817620565402183 -0.10935200911763386 0.025176049374975088 -0.012116361895722015 -0.018581642536092652 0.03446206657416595
leaf_weight=30551.113942605618 306.85530437214766 5352.1980631266197 730.2920025078347 2768.2037646898534 8139.8120245420141 880.77053774800152 3563.8688566337805 638.90879063867033 631.91921003817697 1018.3112564021721 3369.6426285798661 5999.2968093347736 3811.4562531399133 899.03884908976033 3096.3630919386633 5065.2317217831442 8610.9673765234184 48854.857385700103 277.990955024492 2194.192656001891 7138.5124673598621 7372.0035337540903 1998.0354987071187 4601.0664230140974 1552.1523770738277 23083.718578843953 13744.584253585897 558.45972590177553 16655.137668174575 2728.3977829585783 5440.2161659100093 346.5237706117332 3476.523194744077 481.18884979793802 2803.1386470132275 14109.558015694958 659.2333962097764 1626.173672514793 4523.8063080090797 963.44489597599022 287.63902579766 26075.708312106319 1221.1826717299409 452.23826826177537 2928.4783912763523 1691.2212208036799 4535.8109758892097 6994.0959171783179
leaf_count=124067 9443 30069 3048 12771 41067 8638 22621 1868 9336 3081 15029 18688 32216 3117 10781 25210 28916 172053 1241 9176 93895 36658 10488 22449 10911 110238 42765 3629 54971 8311 17867 1170 11821 1232 9282 45128 2222 21826 19559 12967 9065 81336 3925 1228 17990 5158 13828 23289
internal_value=0 -9.06124e-05 -0.0105526 0.00348771 0.0120785 -0.0130612 -0.0168129 -0.0137175 0.0172767 0.00625757 0.0106099 0.0146541 0.00699222 -0.00473834 0.0311002 0.0100891 0.0457181 0.00267806 -0.00262853 -0.000781171 0.0275554 -0.00263128 -0.0245816 -0.0058319 -0.0686786 -0.0175095 -0.000386516 -0.00017075 -0.00635639 -0.0328466 0.00308081 0.0219326 -0.00037753 -0.0741982 -0.0626179 -0.000285879 -0.00602924 0.0168668 0.0078035 -0.0225643 0.077468 0.00359644 -0.0344132 -0.00206796 -0.00737563 0.0183991 0.0119442 0.0556293
internal_weight=0 294503 75092.1 219411 16253.5 31431.9 58838.5 55274.7 15523.3 187979 126228 99930.1 68192.7 26298.2 31737.4 13035.9 18701.4 62193.4 51243.5 25279.9 10950 61750.4 30434 9666.3 1830.14 25081.8 24840.7 49413.3 23085.7 6430.58 23720.6 14891.3 6751.53 1120.1 3702.18 58982.2 44209.1 14773.1 12859.3 5487.25 1913.81 30099.6 4023.88 2802.69 6405 2350.45 18280.4 15605.1
internal_count=1275644 1266201 335408 930793 84432 132705 250976 228355 81384 798088 546245 458307 332633 87938 125674 62688 62986 313945 187834 84857 126111 251843 150795 47659 12152 120726 77560 175682 75681 20710 74460 72048 30981 3100 12399 239072 138997 100075 69184 32526 30891 93869 12533 8608 29811 7380 56593 52205
is_linear=0
shrinkage=0.5


Tree=72
num_leaves=49
num_cat=0
split_feature=16 0 4 15 5 12 12 4 4 6 3 3 11 12 5 7 4 7 10 12 15 12 15 7 15 15 16 12 4 4 6 3 4 10 4 15 16 3 12 11 3 0 12 12 6 9 9 16
split_gain=45.3463 134.88 60.4824 76.683 92.6538 113.052 83.7492 69.6752 124.661 63.5898 53.0163 56.6794 49.8597 49.4321 47.348 45.4473 77.6764 55.1245 69.3301 58.3981 61.0415 53.7588 62.6701 127.23 43.6686 43.6095 50.197 52.5687 43.23 42.2326 40.4263 35.8209 34.189 54.9189 41.6209 36.8438 35.7835 82.2119 63.4611 48.5266 87.5228 55.6754 66.4024 86.6039 54.113 42.6076 43.6039 38.8612
threshold=0.78137969970703136 0.8722132444381715 -0.057221481576561921 5.2456095218658456 0.037547880783677108 1.1244473457336428 1.2407807111740115 0.041140126064419753 0.047230672091245658 0.04817203804850579 0.079419769346714034 0.00061056078993715357 0.83847695589065563 1.4162286520004275 -0.13900534063577649 0.050824709236621864 -0.015780645422637459 -0.00061694235773757089 0.47882443666458135 1.4569128751754763 5.2359015941619882 1.2234541177749636 5.1964592933654794 -0.0088753583841025812 5.2581949234008798 5.2559640407562265 -0.056764144450426095 1.2583341002464297 0.12038331106305124 0.00705014099366963 0.2711577713489533 -0.026428085751831528 0.19612582772970202 6.1233437061309823 0.12038331106305124 5.2674002647399911 0.033172627910971648 0.13379610329866412 1.1302279233932497 1.2904053926467898 0.14491192251443866 0.96033069491386425 1.1536787152290346 1.2702470421791079 0.042451407760381706 0.00026777137827593839 -0.0016142631066031752 -0.1951123774051666
decision_type=2 2 2 2 2 2 2 2 2 2 2 2 2 2 2 2 2 2 2 2 2 2 2 2 2 2 2 2 2 2 2 2 2 2 2 2 2 2 2 2 2 2 2 2 2 2 2 2
left_child=14 2 3 4 5 -2 -7 15 -9 10 11 -10 -13 -8 25 17 -17 18 -4 21 -21 22 23 29 -23 26 27 -1 -3 -20 32 -19 34 35 -16 -34 39 38 -38 41 -41 44 -43 -44 45 46 -36 -47
right_child=1 28 7 -5 -6 6 13 8 9 -11 -12 12 -14 -15 30 16 -18 31 19 20 -22 24 -24 -25 -26 -27 -28 -29 -30 -31 -32 -33 33 -35 36 -37 37 -39 -40 40 -42 42 43 -45 -46 47 -48 -49
leaf_value=-0.077555166391771443 -0.012144260680902932 -0.30688319919258183 -0.24354373347734742 -0.074596092014675597 -0.18053886675907052 1.2911302489374004 0.065501566126554098 0.57674471447228259 -0.15247490175090236 0.39207234257677831 -0.41420326453966433 -0.18263611599104002 0.35521072797961983 0.80472820450537408 -9.7523865960323476e-05 0.66353191276803569 -0.16729994892750347 -0.34629337876343402 -0.36679111783488277 0.68633355518660089 0 -0.41349992789662793 -0.023442340560102391 1.1408454327537909 0.098118914583997102 0.26643547291448488 -0.28225387383049799 0.38092690935820256 0.13373194231993357 0.46912337999848513 -0.20131740938835199 -0.12739737755118855 -0.33270497701003193 0.31545590918530858 0.11942342710936983 0.0041984841248760727 0.23966769708191527 -0.28263681322121775 -0.089145595182889448 0.055964352282572787 0.49535470504411239 -0.081344229206242291 0.79037787728101927 0.15289066336006416 -0.18676416097485216 0.051588949542169978 -0.23462668456076974 0.27027099272267446
leaf_weight=133.21948241706559 74.192431498348014 574.81287991441059 275.36710219043016 216.51942363369744 68.417651490104618 46.699330147879664 45.554687421143171 109.90690868260572 250.85742728780315 88.808893732100842 88.363371067483968 58.514842660457361 148.07880116062006 47.708351828245213 250574.80411527414 51.214954798284452 58.843118167191278 294.93920326401712 35.51289442673442 66.073455472709611 60.633513409644365 121.31528232042911 310.97492515086196 37.621201688772999 60.691566845402122 319.96608671778813 102.06572194137698 114.12505018438969 59.399248346438981 24.705571599508403 247.48193428234663 546.01056833770417 232.95820993039524 54.474546560726594 136.37675196491182 119.7653005393513 270.77805076621007 243.62401084633166 315.40351485856809 303.97213206154993 182.94438999230624 109.49648661722313 84.203678018035134 150.88373151610722 275.31609936668247 1254.897294953349 230.61375020845298 244.19824110215995
leaf_count=1399 1904 22033 8016 1412 2241 731 1113 1864 3553 1843 2178 1400 2395 1217 1133266 830 1429 5536 1624 1757 485 2705 2343 1024 303 676 1437 931 1461 831 13649 12580 7119 1657 1173 612 1831 4101 2676 1528 1718 1796 887 1948 4640 5229 1578 985
internal_value=0 -0.0542553 -0.0121604 0.147294 0.318743 0.480674 0.743691 -0.0419919 0.0876488 0.00138427 -0.0618705 0.00585208 0.200318 0.45348 0.000606751 -0.0919219 0.217315 -0.110862 -0.0304301 0.0508861 0.357643 -0.0145489 0.0851943 0.432289 -0.240561 0.133314 0.00957197 0.132658 -0.264683 -0.0136155 0.000255955 -0.205083 0.000454502 -0.144127 0.000688474 -0.217209 0.0525987 -0.0387688 0.0620429 0.0782741 0.222754 0.0496964 0.236054 0.385725 0.019379 0.0501443 -0.101733 0.0877013
internal_weight=0 3821.74 3187.53 499.092 282.572 214.155 139.962 2688.43 744.53 634.623 545.814 457.451 206.594 93.263 255702 1943.9 110.058 1833.85 992.896 717.528 126.707 590.821 408.815 97.8397 182.007 669.376 349.41 247.345 634.212 60.2185 255032 840.95 254785 407.198 254378 352.724 3802.71 829.806 586.182 2972.9 486.917 2485.99 344.584 235.087 2141.4 1866.09 366.991 1499.1
internal_count=1275644 84808 61314 8618 7206 4965 3061 52696 13233 11369 9526 7348 3795 2330 1190836 39463 2259 37204 19088 11072 2242 8830 5822 3479 3008 4443 3767 2330 23494 2455 1186393 18116 1172744 9388 1163356 7731 30090 8608 4507 21482 3246 18236 4631 2835 13605 8965 2751 6214
is_linear=0
shrinkage=0.5


Tree=73
num_leaves=49
num_cat=0
split_feature=4 3 6 9 12 8 9 15 10 11 12 11 12 12 12 11 12 11 12 11 10 15 12 1 11 10 12 11 12 11 10 10 11 12 12 12 11 10 12 10 1 7 15 1 10 15 15 12
split_gain=23.9099 28.1022 41.0507 32.2206 33.1979 24.9713 24.4595 23.6128 23.437 21.6446 253.062 153.49 137.786 75.8079 147.83 195.528 188.874 108.515 75.7591 69.7537 69.2427 67.9883 64.7372 59.621 55.9594 55.4451 50.7884 50.7145 42.0476 41.7567 40.3242 39.0178 38.4656 106.4 62.5981 71.2189 55.0766 40.1482 38.6146 33.2298 32.8406 32.2832 31.4031 31.1568 30.5158 36.2199 32.286 29.2038
threshold=0.16061789542436603 0.20023226737976077 0.0029758544405922298 0.0060047083534300336 0.82590743899345409 0.031869007274508483 0.0015084752812981608 5.0342743396759042 -0.81225627660751332 1.0731943249702456 1.420733690261841 1.1220605373382571 0.7421814799308778 1.1478486657142641 0.87587612867355358 0.8939255177974702 0.9447460174560548 0.99425438046455394 1.4630033373832705 1.1383641362190249 3.0585302114486699 5.2666351795196542 0.6849467158317567 0.23654650151729587 0.60658127069473278 1.8894616365432741 1.0048061609268191 1.0188742280006411 1.0830200314521792 0.7794942855834962 0.36013482511043554 3.418278813362122 1.1603264808654787 1.3810858726501467 0.96218046545982372 0.87587612867355358 1.3385276198387148 -0.87891888618469227 0.77363595366477977 -1.419318616390228 0.2978805154561997 0.09411108493804933 5.2666351795196542 0.3534857332706452 -0.051110353320837014 5.2737927436828622 5.2478022575378427 0.90757063031196605
decision_type=2 2 2 2 2 2 2 2 2 2 2 2 2 2 2 2 2 2 2 2 2 2 2 2 2 2 2 2 2 2 2 2 2 2 2 2 2 2 2 2 2 2 2 2 2 2 2 2
left_child=1 3 8 7 -5 -4 -2 -1 -3 13 12 18 19 14 17 21 27 20 -12 -11 42 23 -19 -16 -22 47 -23 -17 -27 -28 -24 32 38 34 35 36 -34 -36 -14 -40 -15 44 -9 -44 45 46 -42 -25
right_child=6 2 5 4 -6 -7 -8 9 -10 10 11 -13 31 40 15 16 -18 22 -20 -21 24 26 30 25 -26 28 29 -29 -30 -31 -32 -33 33 -35 37 -37 -38 -39 39 -41 41 -43 43 -45 -46 -47 -48 -49
leaf_value=-0.019486322530924659 -0.10581292092750692 0.11092762791993678 0.025043933945404068 0.12509041977785179 -0.053660439226203976 0.084613648033804001 -0.010236965305323141 -0.04299755721637695 -0.045349188568353641 0.31450537432537656 -0.0015434042347486866 0.55602900728105475 0.12950328733309599 -0.013186956783667138 0.16443788337989781 0.19914696421984251 -0.024698814611759087 -0.089906643189720387 0.34344910980791588 0.061067005594114293 0.44444773137982474 0.31192054695950211 0.21574468610109898 -0.024991615484102055 0.06142555808268238 0.21498267102733859 0.20396258853611374 0.049385963162092268 0.033194541726764504 -0.0084629593985607425 0.066101423940991888 -0.074156501330713734 0.0044601934925715689 0.32884984875076956 0.055111547399350279 -0.050985788192771664 0.2151152133988645 0.0032814539794939882 -0.11211435427424996 -0.023223020199355716 -0.0060325783309719888 -0.097029265906595247 -0.036818808054968802 0.090639312270045028 0.010998455567809508 0.058266358473875159 -0.054069771822515551 0.059234176081497704
leaf_weight=13754.626050207298 1042.8359128241427 264.42181970039383 6447.2600914493232 274.69908285394195 4136.9886156241701 2441.3785702699388 1904.9314324994921 12613.313501373807 2373.7364911875484 463.1744804285554 448.5644187295693 285.83308037329698 397.04857054539025 38642.596584484912 1738.068376098614 1297.6551531193836 10127.712556882252 406.85628555927542 243.2071013757959 670.68128731381148 119.41268093435792 568.19323775736848 787.04467351362109 1231.8398325282615 483.21287020295858 937.61575830040965 595.04001127247466 1021.3582227260631 492.42857753517455 370.78110777435359 1085.1790735299292 2317.0213857622148 5918.1811622714158 242.47433829959482 4218.2493275306188 11200.978420196421 326.84884694870561 32906.422639006254 1104.4437847547233 23072.297507257492 18713.664791925345 778.13699603332498 970.50238683773205 939.6802045116201 63337.513985217287 1814.4357781354338 4310.8792940061539 6013.8978393333964
leaf_count=70140 7583 1061 53600 1131 18242 27989 12083 39470 19017 1645 1628 1687 1307 149739 7135 4652 37958 1257 1401 2407 1517 1857 2661 4065 6164 4606 1678 3822 2762 947 3882 74163 20110 1085 14214 60886 1547 171790 3104 82820 64593 4532 2224 2111 238468 4105 10823 23976
internal_value=0 0.00101243 0.0251912 -1.28076e-05 -0.0423912 0.0414694 -0.044243 0.000685787 -0.0294601 0.00178359 -0.00478524 0.247972 -0.00777713 0.00503673 0.0235172 0.0486368 0.0047355 -0.0116617 0.119345 0.165222 -0.0270132 0.0943251 0.0899729 0.0797525 0.138762 0.0627124 0.19281 0.133453 0.152801 0.12197 0.129357 -0.0101861 -0.00831178 -0.000932892 -0.00241338 -0.027123 0.0155981 0.00918538 -0.0247497 -0.0273089 -0.00101354 0.00426916 -0.0339352 0.0256349 0.00516985 -0.00967236 -0.0150502 0.0448446
internal_weight=0 282906 11526.8 271379 4411.69 8888.64 2947.77 266967 2638.16 253212 83815.4 977.605 82837.8 169397 41799.8 24394.6 12446.7 17405.2 691.772 1133.86 15126.1 11947.9 2279.08 10413.9 602.626 8675.78 1534.01 2319.01 1430.04 965.821 1872.22 81704 79386.9 54813.2 54570.7 17446 6245.03 37124.7 24573.8 24176.7 127597 88954.6 14523.5 1910.18 88176.5 24839 23024.5 7245.74
internal_count=1275644 1255978 101667 1154311 19373 81589 19666 1134938 20078 1064798 439794 4716 435078 625004 152744 93458 46432 59286 3029 4052 51486 47026 7800 42544 7681 35409 4482 8474 7368 2625 6543 431026 356863 269632 268547 82543 21657 186004 87231 85924 472260 322521 43805 4335 317989 79521 75416 28041
is_linear=0
shrinkage=0.5


Tree=74
num_leaves=49
num_cat=0
split_feature=6 7 7 6 13 7 7 6 7 6 6 16 13 13 0 3 6 14 14 0 7 14 16 6 6 13 0 8 15 14 10 8 15 0 10 8 5 16 15 14 8 6 15 5 14 0 3 15
split_gain=77.3023 181.135 159.78 127.41 91.73 66.2181 57.0375 82.4238 82.1973 78.2671 59.1997 55.5023 54.9193 48.0432 47.1589 64.9474 50.8919 46.6837 44.6473 44.2644 44.1201 42.716 42.6011 41.6446 41.4168 40.4981 65.6702 59.7282 64.1083 56.9654 58.7292 48.9406 44.001 39.9644 39.9458 39.9001 38.1911 37.3361 38.1204 37.0293 35.986 44.3069 35.2998 34.1627 33.4769 49.266 63.0345 37.8024
threshold=0.10632392019033433 0.038360565900802619 0.057609122246503837 0.067136410623788847 -0.31981328129768366 0.075983606278896346 -0.013938312418758867 1.0000000180025095e-35 0.018898048438131813 -0.053497308865189545 -0.021610701456665989 -2.8308373689651485 -0.51526269316673268 -0.54538026452064503 0.90607604384422313 0.055460534989833839 -0.053497308865189545 5.5137534141540536 32.789495468139656 0.69922202825546276 0.09411108493804933 4.4071974754333505 -0.25315344333648676 0.035479869693517692 -1.0000000180025095e-35 -0.89563861489295948 0.66464197635650646 0.021775508299469951 5.1388301849365243 7.800262689590455 3.005060195922852 -0.056560235098004334 5.1545770168304452 0.75327795743942272 5.7249386310577401 0.13125675171613696 -0.029838513582944867 -0.54803371429443348 5.2666351795196542 9.2630157470703143 0.082564644515514388 0.04175445809960366 5.2801787853240976 0.042005209252238281 3.6031150817871098 0.6328864097595216 0.023801027797162536 5.0873548984527597
decision_type=2 2 2 2 2 2 2 2 2 2 2 2 2 2 2 2 2 2 2 2 2 2 2 2 2 2 2 2 2 2 2 2 2 2 2 2 2 2 2 2 2 2 2 2 2 2 2 2
left_child=2 22 6 4 5 -4 9 8 14 -1 -10 34 36 19 16 -16 33 -3 24 -12 -5 -14 -2 -7 -18 44 29 28 31 -27 -31 -28 -29 -8 40 -34 37 38 -11 42 41 -9 -30 -17 -13 47 -47 -46
right_child=1 17 3 20 -6 23 7 11 10 12 13 25 21 -15 15 43 18 -19 -20 -21 -22 -23 -24 -25 -26 26 27 32 39 30 -32 -33 35 -35 -36 -37 -38 -39 -40 -41 -42 -43 -44 -45 45 46 -48 -49
leaf_value=0.19682730696510442 0.10882170110670636 0.0073502742799316789 0.14230105413482119 -0.068487859667223358 0.047883115219402576 0.44994010195998069 0.075442066933414195 0.027793018796151696 -0.013690312445074021 0.074180600230896593 0.23791388641815064 -0.0055996745509196812 -0.053739312596144215 0.00050928051499686859 -0.1909738075825429 -0.098535852245153099 -0.036434934473061655 -0.061206224479514765 0.18171923958037078 0.055091403506003341 0.10935467412303254 0.0083196183926331733 0.041408379027699858 0.19317997606521642 -0.13310348638541777 -0.044353691330996224 0.1450585179875766 0.0003818572848456167 -0.009111435629543271 0.087159925052641821 -0.032574998665429199 0.015841758056288083 0.046294266367636588 -0.13171267275861376 0.17845086447996061 0.14595511848265447 0.0089344470213222078 0.013826004647801822 0.26252048375607789 -0.086704676270615996 -0.040776809037458409 0.1519334410183481 -0.18720423253947777 -0.0026894705298321484 -0.14712822099130637 -0.18948487084739232 -0.051257160540885 0.05320835154820782
leaf_weight=550.61439054238144 5339.9082821231277 8025.5386472111568 1198.3616049262346 1387.1702067434089 1528.3690424917731 379.72343807667494 1630.5081449555873 4210.9913057454396 4863.6339362379222 2834.0133209192427 655.51641199324513 7386.447474701039 5480.3976077504922 1022.6269612679025 1140.367143555166 2025.8720678437094 25632.680005542585 3588.4594166728784 225.87773101468338 687.36871837475337 463.44304595107678 5587.1932638876024 4234.7857174450182 289.63695768173784 1162.0195171274827 11633.780698457733 818.67519679054385 4877.9186435981537 8597.040693973453 1944.7940322286449 2153.7642371458933 7075.0269198406604 7396.452090667095 269.18978678123676 484.75714047072688 1169.6435996936634 19426.53353960294 2953.5153473719256 299.26482152834069 2261.8202340241987 1416.0637179176556 870.5204318605829 287.0546473430586 1737.8826540792943 278.87290346994996 996.20934302557725 4912.1678963619052 1463.203150655725
leaf_count=5498 33194 40178 6995 8194 12810 2422 17475 12756 40405 13150 4514 35558 86502 14515 12125 11065 216955 38235 1205 3684 2551 49849 21687 1658 4399 134037 5274 28757 68274 14032 8971 50361 42106 2313 5474 7386 106888 17029 1471 9734 10268 4264 1940 10653 1006 4042 37283 6502
internal_value=0 0.0281459 -0.00406866 0.0816672 0.139192 0.213578 -0.00710335 -0.012767 -0.0305658 0.00985793 0.0177784 -0.00235595 0.0070247 0.0826697 -0.0409132 -0.0863113 -0.0331949 -0.0137925 -0.0387666 0.144817 -0.0236463 -0.0223673 0.0790652 0.340038 -0.0406507 -0.00703278 2.23444e-05 0.0128744 -0.0051188 -0.0264815 0.0241255 0.0293232 0.0383922 0.045771 0.0399347 0.0599761 0.0197948 0.0543674 0.0924068 -0.0295564 0.0294978 0.0491838 -0.0149425 -0.0544249 -0.0296868 -0.0528737 -0.0746764 0.0207855
internal_weight=0 21188.7 153667 5246.7 3396.09 1867.72 148420 111289 41053.5 37131.5 7229.15 70235.2 36580.9 2365.51 33824.4 4904.12 28920.3 11614 27020.6 1342.89 1850.61 11067.6 9574.69 669.36 26794.7 63252.9 48216 32483.6 19039.6 15732.3 4098.56 7893.7 13444 1899.7 6982.33 8566.1 25513.3 6086.79 3133.28 11145.9 6497.58 5081.51 8884.1 3763.75 15036.9 7650.45 5908.38 1742.08
internal_count=1275644 133294 1142350 34630 23885 11075 1107720 827333 339308 280387 63118 488025 274889 22713 276190 33843 242347 78413 222559 8198 10745 136351 54881 4080 221354 455263 370872 213832 135583 157040 23003 55635 78249 19788 32762 49492 138538 31650 14621 79948 27288 17020 70214 21718 84391 48833 41325 7508
is_linear=0
shrinkage=0.5


Tree=75
num_leaves=49
num_cat=0
split_feature=6 6 0 7 3 7 7 13 13 13 1 7 7 6 10 4 5 15 11 3 10 11 10 13 15 13 6 7 13 7 6 6 3 5 5 0 6 3 11 9 6 15 3 15 4 4 1 10
split_gain=44.6233 47.9656 58.5535 50.5513 41.3207 35.5698 35.0045 49.3618 35.1148 32.0155 31.9469 31.9086 31.9013 31.0958 30.4301 30.3744 29.7292 28.7684 29.4633 30.4972 28.1777 35.6421 28.088 39.2038 27.2712 48.2668 46.3864 57.3443 26.9336 48.3927 40.1099 29.0144 26.7935 26.5246 28.1416 25.5568 24.7328 25.8748 24.135 23.6105 23.474 24.2026 27.0489 23.3958 23.2219 28.1864 22.9496 22.5162
threshold=0.019848139025270942 -0.018551293760538098 0.89614021778106701 -0.0073563228361308566 0.20023226737976077 0.049423370510339744 0.013309110421687366 -0.59401872754096974 -0.87258559465408314 0.025284154340624813 0.68099504709243786 0.03661665506660939 -0.0086105121299624426 0.30216966569423681 2.4565833806991582 -0.064985606819391237 0.067161027342081084 5.1883480548858651 1.0948764681816103 0.016574009321630005 2.7292695045471196 0.82038539648056041 8.4335350990295428 -0.036388576030731194 5.2177271842956552 0.79941660165786754 0.088199958205223097 0.033496335148811347 -0.87854418158531178 0.1085086837410927 0.14583700895309451 0.2074261158704758 0.046392781659960754 -0.043851794674992554 0.021077524870634082 0.88336253166198742 0.080915804952383055 0.29931443929672247 1.3228284716606142 -0.00071744641172699619 -0.070714622735977159 5.2530291080474862 0.0089581422507762926 5.2061264514923105 -0.037642411887645714 -0.010076906997710465 0.41421258449554449 1.7116178870201113
decision_type=2 2 2 2 2 2 2 2 2 2 2 2 2 2 2 2 2 2 2 2 2 2 2 2 2 2 2 2 2 2 2 2 2 2 2 2 2 2 2 2 2 2 2 2 2 2 2 2
left_child=1 2 3 9 10 -5 8 11 14 40 13 -8 -10 24 -3 -11 -6 22 -19 -20 21 -9 38 -24 28 26 39 -28 29 31 -31 -2 -22 -23 35 -35 37 -18 -14 -26 -1 42 -42 -16 -40 -46 -41 -36
right_child=4 6 -4 5 16 -7 7 20 12 15 -12 -13 17 -15 43 -17 36 18 19 -21 32 33 23 -25 25 -27 27 -29 -30 30 -32 -33 -34 34 47 -37 -38 -39 44 46 41 -43 -44 -45 45 -47 -48 -49
leaf_value=-0.15822863386641733 0.024641454108470469 0.058553688790246784 0.046982088814012148 0.00093611317296268814 -0.13073117216498864 -0.071706426699743073 -0.033718990577836463 0.029815501489764949 -0.00034723346410222189 -0.13214189287124634 -0.17059062741502887 -0.13797814869232203 0.012520792389301495 -0.18861261436852916 0.039420645213448312 0.0071969931039743669 0.073431230203608727 0.014929703010317721 0.025646078925173319 0.074496309170288114 0.083078283916149312 -0.083456889854774619 -0.0015192062605918052 -0.26287044733280962 -0.038343960306319501 0.063179414448295723 -0.11496549012427898 0.0058304812271378478 -0.0041947399381922316 -0.061635008542516051 0.36328849762087229 -0.16318375080818215 -0.039666632137805594 -0.0021261006325379666 -0.025871066704613064 0.096748651158426291 -0.10635821561530463 -0.08126813861904407 0.067480955660817216 0.0044045119401772007 -0.05784993924598187 -0.092174990510213883 -0.0015093029787571644 -0.058755112081880494 -0.17379087239043955 -0.02839329213927708 -0.037358178368486102 -0.12602803259211187
leaf_weight=483.26901704294141 7722.6000153501082 7058.3617538117978 4538.0366294647683 37968.419997125573 1141.1711425070971 1761.9428145561833 3902.757285030355 5168.0420783907175 42794.521327403505 422.65173139888793 297.74201731890207 910.64864907041192 27943.195026719259 233.62529865928809 1300.7653911765956 5060.9884018483572 731.96466196463734 18242.419618892134 7740.2332749337656 5497.9637580388226 1843.2786090096924 1455.5326372594573 393.57000675419113 228.41012200992554 7560.575296999712 1726.730356681277 2706.4287342980533 1529.9324009935517 51767.205193672242 76.066558869439177 185.46675353765022 209.65814961685101 578.97790494875517 5086.3597714384086 2846.4724449119531 747.47844812343828 634.82199422444683 425.52473991390434 379.94109889073297 14309.452594207483 4895.6875264911214 2201.7612739337492 3803.88380998309 1133.4987054372323 463.44461898552254 1224.2925680780318 4265.4806050909538 705.29743577959016
leaf_count=1937 74938 45421 18895 131330 24859 7291 19645 18341 140131 1186 3418 5511 101751 8020 12169 15810 12298 59534 19114 17492 6029 4254 2449 562 32807 5055 22034 23331 224154 916 5958 4879 2241 15616 9171 2708 24786 14033 1789 59056 16488 6867 15025 9209 1392 4477 19339 1928
internal_value=0 0.00401345 -0.00763603 -0.0120249 -0.00913571 -0.00227454 0.00919134 -0.0084844 0.0127873 -0.034959 -0.00727828 -0.0535722 0.0101457 -0.00674416 0.041924 -0.00347353 -0.0675699 0.0173829 0.0280022 0.045976 0.00326551 -0.00431116 0.00645295 -0.0985659 -0.00627515 -0.0180369 -0.0226726 -0.0712318 1.30386e-05 0.0266555 0.238032 0.0195941 0.0535287 -0.0206269 -0.0108221 0.0104712 -0.0270256 0.0161069 0.00864936 -0.01478 -0.0500791 -0.0452248 -0.0332755 -0.00609427 -0.0434094 -0.0686941 -0.0051603 -0.0459305
internal_weight=0 198782 61136.6 56598.6 95524.4 39730.4 137645 23244.8 114401 16868.2 92591 4813.41 104908 92293.2 9492.63 5483.64 2933.48 62113.5 31480.6 13238.2 18431.4 16009.2 30632.9 621.98 92059.6 32098.6 30371.9 4236.36 59961 8193.79 261.533 7932.26 2422.26 10841.1 9385.61 5833.84 1792.31 1157.49 30010.9 26135.5 11384.6 10901.3 8699.57 2434.26 2067.68 1687.74 18574.9 3551.77
internal_count=1275644 715763 214829 195934 559881 138621 500934 85444 415490 57313 483905 25156 348691 480487 66799 16996 75976 208560 96140 36606 60288 52018 112420 3011 472467 161622 156567 45365 310845 86691 6874 79817 8270 33677 29423 18324 51117 26331 109409 111202 40317 38380 31513 21378 7658 5869 78395 11099
is_linear=0
shrinkage=0.5


Tree=76
num_leaves=49
num_cat=0
split_feature=16 0 0 8 16 9 8 13 0 8 15 13 13 3 15 15 9 2 8 15 8 3 9 16 16 8 0 0 6 16 15 16 15 8 9 2 2 2 3 6 16 13 9 4 9 15 8 13
split_gain=44.767 66.5947 41.5134 55.3734 38.13 60.2417 50.312 39.0613 40.3004 33.8907 337.001 92.2996 91.5828 118.109 108.296 62.7233 58.4232 55.9879 53.4985 33.0744 70.7447 86.5626 51.9608 51.4579 88.3476 79.4759 76.8154 57.6499 35.6858 33.7639 222.749 138.278 109.862 120.34 89.4093 82.7262 87.0322 84.5411 81.1386 74.7844 84.7989 97.2484 66.477 74.4749 65.4075 65.1179 111.27 139.71
threshold=0.78137969970703136 0.8722132444381715 0.97610110044479381 -0.017884863540530201 0.81782159209251415 -0.0021193944849073883 -0.053921313956379884 -0.91798335313796986 0.8525361716747285 -0.095082201063632951 5.2209904193878183 -0.25999739766120905 0.090013440698385253 0.021141218021512035 5.1388301849365243 5.1004819869995126 0.00056505110114812862 -1.0000000180025095e-35 -0.10363097488880156 5.0114469528198251 0.11232892796397211 0.038236988708376891 -0.001646877499297261 -0.7494395077228545 -1.6978710889816282 -0.044171778485178941 0.59459450840950023 0.3098729550838471 -0.00067662078072316934 -0.4281476736068725 5.2374451160430917 0.44449040293693548 5.2193739414215097 -0.044171778485178941 -0.0018232458969578145 -0.084896229207515703 -0.012996101286262272 0.093421500176191344 0.11083980277180673 0.063349097967147841 0.34969441592693334 -0.87577849626541127 -0.00071744641172699619 -0.028533131815493103 -0.0012445022002793846 5.2712695598602304 0.035844214260578162 -0.48534309864044184
decision_type=2 2 2 2 2 2 2 2 2 2 2 2 2 2 2 2 2 2 2 2 2 2 2 2 2 2 2 2 2 2 2 2 2 2 2 2 2 2 2 2 2 2 2 2 2 2 2 2
left_child=9 4 -3 -4 5 -2 -6 -8 -9 10 11 15 14 17 -13 16 -1 -14 -12 20 21 22 -11 24 -24 -25 27 -27 -26 45 31 38 33 35 -32 -33 -37 -38 -31 -36 -41 -42 43 -34 -45 -21 -47 -48
right_child=1 2 3 -5 6 -7 7 8 -10 19 18 12 13 -15 -16 -17 -18 -19 -20 29 -22 -23 23 25 28 26 -28 -29 -30 30 34 32 42 -35 39 36 37 -39 -40 40 41 -43 -44 44 -46 46 47 -49
leaf_value=-0.12135556270177406 0.17856357456454114 -0.30067843433453445 0.53218717957746442 -0.19847416061030421 0.26015187409277984 -0.22069054414049022 -0.18714828642095374 -0.008442259668052534 0.39637434708709213 -0.35821774307050319 -0.45978421779741185 0.35938687076712617 -0.0033371221993428197 0.26564551581695234 0.043700687177123894 -0.26639909034053133 0.272110643284595 -0.30381406105187125 -0.1891922207954537 0.0089016296806728526 0.41698780995525603 -0.29172649908877002 0.093780383496780514 0.95932079504183609 -0.069592872117532178 -0.04650007282687528 -0.37203519600154583 0.71700177167064383 -0.42259452210857351 -0.0488431495080585 0.061365568183622154 0.64846676723463126 0.58471452501596122 -0.051407542600469328 -0.0040653657323098651 -0.31682317218826583 0.45072526743248448 -0.25853308965985555 -0.15175723629955251 0.10084201980275233 -0.37702018530100045 0.03899628414986149 0.065403339131427957 0.030095915541733818 0.47725205931846881 0.0022169347204989754 -0.18314156578053711 -0.021093920270408593
leaf_weight=259.84321211196948 115.43422776073567 391.0538779786948 37.414207605645061 78.140701064148743 169.97312793938909 479.23328579456575 306.27266512534698 2117.1155604877786 62.297160142683424 101.313351358418 427.41975138834096 497.02675772464136 334.62737556453794 241.64114669745322 607.55178715102375 356.83895558639779 146.48740491375793 293.48779295524582 336.90730077421176 157794.65103925829 69.199961128091672 406.08416718824446 471.09480737522244 32.016200288780965 142.5987107611727 43.887963325840246 54.01903683875571 52.103364545357181 152.27849824074656 20981.953097862177 8270.9216391360096 94.686279234214453 155.97565284866141 2728.9244707973339 32612.321028156643 83.80297039920697 169.29235340736341 54.076060172723373 2113.6393886755468 3312.7629069617251 209.03931286022998 418.46643439726904 809.49534521769965 263.4624514428433 119.50009428639896 14385.704101197553 2090.7775026255258 3676.6678928830079
leaf_count=1891 1790 17701 1435 4358 1788 8696 4289 43015 1736 1750 1588 1515 1302 1014 1656 2948 890 1544 892 598424 1249 10657 1335 735 780 1323 2505 1340 1383 226439 21014 1761 1178 87471 76938 1903 3446 1473 59502 11398 2396 2689 7373 2429 899 24659 14144 7003
internal_value=0 -0.0543269 -0.2229 0.0363448 -0.0278382 -0.14218 -0.0020021 -0.0202269 0.00307634 0.000645371 -0.0481937 0.0336299 0.090843 -0.0300119 0.186399 -0.113653 0.0195863 -0.14479 -0.341566 0.00132657 -0.0720623 -0.0959289 -0.0194736 0.0165408 -0.0397601 0.255111 0.096145 0.365887 -0.25439 0.00177579 -0.00732468 -0.0426882 0.0376371 -0.0136155 0.0144198 0.241271 0.112433 0.276403 -0.0582893 0.00378212 0.0688446 -0.099174 0.156927 0.293097 0.171809 0.00548116 -0.0212747 -0.0799466
internal_weight=0 3756.93 506.609 115.555 3250.33 594.668 2655.66 2485.69 2179.41 255373 3501.83 2737.5 1974.33 869.756 1104.58 763.17 406.331 628.115 764.327 251871 1524.6 1455.4 1049.31 947.999 765.972 182.027 150.01 95.9913 294.877 250346 72398.3 27574.8 4479.22 3130.78 44823.5 401.858 307.171 223.368 23095.6 36552.6 3940.27 627.506 1348.43 538.938 382.963 177948 20153.1 5767.45
internal_count=1275644 84808 23494 5793 61314 10486 50828 49040 44751 1190836 15240 12760 7031 3860 3171 5729 2781 2846 2480 1175596 23057 21808 11151 9401 3498 5903 5168 2663 2163 1152539 508309 393874 107933 96054 114435 8583 6822 4919 285941 93421 16483 5085 11879 4506 3328 644230 45806 21147
is_linear=0
shrinkage=0.5


Tree=77
num_leaves=49
num_cat=0
split_feature=16 15 10 2 14 0 6 10 16 8 15 2 11 9 10 5 16 5 11 9 8 10 10 14 10 14 7 14 8 14 8 8 5 2 11 8 8 14 16 6 9 6 11 11 11 10 0 10
split_gain=28.3704 29.6244 23.3575 23.6085 22.4119 22.6085 38.9659 31.5427 38.8738 35.8077 38.9685 29.7916 24.099 23.9528 23.042 23.1267 26.2403 22.6771 20.2179 27.1315 21.331 28.0775 25.7844 19.6493 19.2534 18.0937 17.6064 16.733 16.7021 18.7317 16.836 16.133 15.6619 23.4896 27.3312 19.4374 18.1336 24.3952 16.9398 18.8557 16.61 15.3194 17.4244 15.0294 15.7096 38.6061 19.5599 18.4623
threshold=-3.263436913490295 5.2405002117156991 10.877376079559328 -0.38654886186122889 21.19938945770264 0.3098729550838471 0.094320893287658705 1.8894616365432741 -2.3612127304077144 -0.014228141866624354 5.1752619743347177 0.035444339737296111 0.62279373407363903 -0.0024283269885927434 -1.8191765546798704 -0.011911267414689062 -0.57118329405784596 0.045284211635589607 1.0505791306495669 -0.0045554519165307275 -0.056560235098004334 0.064593579620122923 0.4938256591558457 5.0986816883087167 1.2523861527442934 0.20406152307987216 -0.044104686006903641 8.4088840484619158 0.031869007274508483 1.5106025934219363 0.041099537163972862 0.094671100378036513 -0.0024522556923329826 -0.11872535571455954 0.78854277729988109 0.10896757245063783 0.05313407443463803 2.6366069316864018 -1.7423544526100156 -0.055916186422109597 0.0024109060177579526 1.0000000180025095e-35 0.95696610212326061 1.3699313998222353 1.3025766611099245 1.8205806612968447 0.75680559873580944 0.36013482511043554
decision_type=2 2 2 2 2 2 2 2 2 2 2 2 2 2 2 2 2 2 2 2 2 2 2 2 2 2 2 2 2 2 2 2 2 2 2 2 2 2 2 2 2 2 2 2 2 2 2 2
left_child=1 41 3 -2 5 6 7 12 -9 10 -10 -12 13 -5 15 16 -7 -17 32 -20 21 -21 -23 31 -6 -16 -22 -4 -15 -30 -31 -11 35 -34 38 36 -14 -38 -35 -40 -41 42 -1 44 -27 46 -46 -48
right_child=2 -3 27 4 24 14 -8 8 9 23 11 -13 18 28 25 17 -18 -19 19 20 26 22 -24 -25 -26 43 -28 -29 29 30 -32 -33 33 34 -36 -37 37 -39 39 40 -42 -43 -44 -45 45 -47 47 -49
leaf_value=-0.057551734029482972 -0.074565891378655269 0.019854283480798263 -0.21107914207973782 -0.11172127463532625 0.2061511529633076 -0.081814780555982375 -0.13785745274864641 -0.1358445398776732 0.0084211757581482607 0.035830054780954003 0.18376062349137948 0.035644767784346255 -0.010585227966582091 -0.013166567324683943 0.06568652710171996 0.099757968051584656 0.049991587567163522 -0.0007251773767335477 -0.16105232273314452 0.017016538728568131 -0.086411611260493848 -0.23461273652907932 -0.063049473461213298 -0.038729303158538272 -0.16110153463445645 0.0038391161755465929 -0.0057893327554879252 -0.019586407884194114 0.014653972784659863 -0.19390618479235405 -0.064406724295977991 -0.087685139198340492 -0.076078082568415931 -0.088901432201512268 0.040406052552502035 -0.11694730136692863 0.14270661098565951 -0.018112530573222953 -0.10767447286664944 0.027233440766208438 -0.084472310614943494 -0.042785225266316229 -0.19735978626188352 0.062918219513040191 -0.026846269646555596 -0.086103728438928745 0.051994523688386592 -0.012372659830526284
leaf_weight=451.97218323434208 1018.3666809251881 1114.4683609834537 218.75063325429073 859.55570944584906 38.000694052076142 671.62805306911469 559.58081665588543 367.03429628541926 1161.3988384320401 3547.1867811731063 961.04236283118371 539.8844710867852 10132.982607742306 7359.3519055011566 1163.102709274739 1846.5458446033299 857.60395528096706 792.48195145465434 320.68288130988367 580.94949688529596 707.13123574270867 332.46849542902783 677.33077732054517 1643.7326728919288 330.36603515921888 201103.5675707779 16269.713584107347 251.01871588035283 537.32352054025978 329.07673411630094 1161.0760708665475 282.67365411249921 636.26853291224688 581.13866683095694 7546.5168423652649 397.12639881297946 468.36046182084829 463.86038936674595 347.51269453950226 2950.0702572790906 372.61333664506674 1210.3312272080948 467.5330808848521 1046.6403688552673 4299.057380188824 1654.7028877429111 2270.6715779274236 2166.4976627076394
leaf_count=3092 13327 12365 5797 2427 407 2003 2017 3214 7638 13838 4519 2363 28986 22920 3808 7121 3506 2993 946 1783 2428 819 2404 15232 26236 826950 58850 31933 1533 943 3657 1076 1682 1416 22262 1153 1371 1491 874 9011 1048 15497 4226 7466 23301 35395 13237 19083
internal_value=0 -0.0458259 0.0011896 0.00137755 0.00165548 0.00181962 -0.00659366 -0.00538962 0.0228619 0.0300989 0.0776675 0.130875 -0.00992922 -0.0317168 0.00421971 0.0410442 -0.00758574 0.0694053 -0.00469909 -0.0169301 -0.0144054 -0.0697984 -0.120206 0.00686049 -0.121407 0.00349893 -0.00918181 -0.110077 -0.0243263 -0.0645612 -0.0934508 0.0265626 0.00494793 0.0172505 0.0223322 -0.0083544 -0.00440164 0.0622158 -0.00963496 0.00280069 0.0145344 -0.0804219 -0.129319 0.00315596 0.00285754 -0.01609 -0.00276332 0.0204582
internal_weight=0 3244.3 281823 281353 280335 279966 62093.6 61534.1 8502.95 8135.92 2662.33 1500.93 53031.1 10246.4 217872 4168.26 1529.23 2639.03 42784.7 18888.3 18567.6 1590.75 1009.8 5473.59 368.367 213704 16976.8 469.769 9386.83 2027.48 1490.15 3829.86 23896.5 12434.1 11797.9 11462.3 11065.2 932.221 4251.33 3670.2 3322.68 2129.84 919.505 212541 211494 10390.9 8736.23 4437.17
internal_count=1275644 35180 1240464 1202734 1189407 1162764 217901 215884 47880 44666 14520 6882 168004 31480 944863 15623 5509 10114 136524 67230 66284 5006 3223 30146 26643 929240 61278 37730 29053 6133 4600 14914 69294 36293 34611 33001 31848 2862 12349 10933 10059 22815 7318 925432 917966 91016 55621 32320
is_linear=0
shrinkage=0.5


Tree=78
num_leaves=49
num_cat=0
split_feature=2 10 7 16 4 2 4 3 14 5 2 16 9 9 14 4 4 9 6 2 7 2 12 10 5 9 9 11 16 7 6 11 6 10 6 10 10 11 10 2 5 5 10 14 14 2 16 12
split_gain=48.6205 42.8199 42.4429 39.2714 47.9033 34.3193 34.4903 144.38 45.8164 40.5656 34.239 31.4283 30.5164 30.1898 30.025 29.8903 28.0573 27.9983 28.2136 27.8376 27.3498 34.2858 28.448 49.386 34.0953 27.2424 26.7724 26.0272 27.356 25.2956 35.4161 28.5757 28.4248 25.5574 23.9558 23.3781 29.8869 28.6891 23.3133 31.4588 29.174 23.2828 23.1325 31.6155 28.8952 27.8778 27.4443 26.4279
threshold=-0.38654886186122889 -2.7088938951492305 -0.092642463743686662 0.72105592489242565 0.033483019098639495 0.065535552799701705 -0.057221481576561921 0.10113544389605524 5.1996951103210458 0.043590316548943527 0.33282351493835455 -1.4715384244918821 0.0016719651175662877 -0.00032953191839624191 1.6232894062995913 -0.12398115918040274 0.079162772744894042 -0.00059751875232905139 0.017368718981742862 -0.090724989771842943 0.039327120408415801 -0.011381085030734537 1.267243027687073 3.352825522422791 0.12426292523741723 -0.0071501992642879477 0.00087033910676836978 1.1018136739730837 -2.3271954059600826 0.024812461808323864 0.058770773932337768 0.47278894484043127 0.069952219724655165 -0.51365646719932545 0.10373953729867937 0.71605828404426586 3.4881007671356206 1.3385276198387148 5.1881158351898202 -0.24383164197206494 0.054887630045413978 0.055916171520948417 2.9552571773529057 4.5342826843261728 23.693712234497074 -0.060663167387247079 -0.76272824406623829 1.1478486657142641
decision_type=2 2 2 2 2 2 2 2 2 2 2 2 2 2 2 2 2 2 2 2 2 2 2 2 2 2 2 2 2 2 2 2 2 2 2 2 2 2 2 2 2 2 2 2 2 2 2 2
left_child=-1 -2 -3 4 5 6 7 15 19 12 13 34 14 16 35 -4 -6 18 -17 -9 21 22 23 -10 38 -5 -15 -28 -29 30 31 -16 33 -31 -7 -8 37 -37 -25 -40 -41 -18 46 -44 45 47 -33 -45
right_child=1 2 3 25 10 11 9 8 20 -11 -12 -13 -14 26 29 17 41 -19 -20 -21 -22 -23 -24 24 -26 -27 27 28 -30 32 -32 42 -34 -35 -36 36 -38 -39 39 40 -42 -43 43 44 -46 -47 -48 -49
leaf_value=0.096732656112497081 -0.18832270047846408 0.11021363701520534 0.14899445078216192 0.10287285718913448 0.02066121690785578 -0.0023998789934438656 -0.01751381452478714 -0.012892877272467235 -0.071351611894832884 0.023294052206958567 -0.084134372710075206 -0.038126986018587515 0.024566907346947556 -0.010841814969238358 0.032985356300680203 0.050577093117800689 0.0999643287517573 0.037756440761908046 0.16946946662910595 0.058160306407954804 0.03290608762521504 0.10234695169333669 -0.032962439335864097 -0.39031270112374561 0.024660119581265929 -0.036807376237633312 0.00276293209757697 0.17744396408683635 0.037073234846009141 -0.077685457021793178 0.019440063467178005 -0.005415143982236156 -0.013939845167315544 0.046538146639765222 0.13020020476022903 -0.066198550839825246 0.099594831332353723 -0.23381720820471519 0.094744605710985155 -0.12330952852548693 -0.48024922374191042 0.028679517644928765 0.024646887595393078 -0.17031467593964916 0.023192402003119429 -0.047546201790748512 -0.042974173195695978 -0.058196978007554953
leaf_weight=1284.5644651961629 303.1138168607431 859.7498548476724 943.1765255862847 359.64346606761683 10956.166737256659 5809.9437262252904 5506.1655274418154 5941.022034383961 1295.2845362582011 10586.07875436882 849.34817613777705 12730.457767998043 5841.4569982365938 11840.242713378146 2329.5947641016683 1101.6956624675076 2503.8856303694774 6189.0842933081149 938.30753166915383 1792.7015903232386 637.76979360787664 238.88577653910033 1249.259807458322 278.18027232016902 102.53804634092376 9534.0308495166537 8334.514006535901 370.50861432909733 5898.2826908235438 445.05261863226769 6602.3382167030941 17170.149415950582 5209.3004940125684 5351.654246979102 360.48386932071298 3574.0730157311191 247.78158288216218 277.39960054599214 73.367029879358597 145.38572137977462 100.53043541801162 2157.9354063943028 1337.3038269759854 1122.7143288033549 939.73239214241039 4512.3688591506798 6807.2619809921889 1023.8138926742831
leaf_count=14771 4874 4698 6224 1994 75690 25319 55214 30292 9198 74087 3872 117375 46303 77506 18695 8636 15248 46239 6069 8825 10011 1554 10712 2366 3088 104989 58811 2742 35246 4729 37036 96898 34173 36798 2629 30158 1266 1371 1824 1743 1335 12493 7052 4080 4488 18779 94057 4087
internal_value=0 -0.000865093 -0.000531663 -0.00109002 0.000777823 -0.00439047 -0.000689139 0.0172981 -0.0191127 -0.00549028 0.0150993 -0.0239284 -0.00995939 0.0171169 -0.0131969 0.0644098 0.0345544 0.0546374 0.105563 0.00351822 -0.0616932 -0.079161 -0.0927064 -0.129827 -0.23706 -0.0316695 0.00679828 0.0211347 0.0454764 -0.00851081 -0.0141264 -0.0204292 0.0127937 0.0369027 0.0052856 -0.0389254 -0.0675524 -0.0784585 -0.282778 -0.1866 -0.272605 0.0670874 -0.0242259 -0.0459684 -0.0584636 -0.0700641 -0.0161005 -0.117124
internal_weight=0 172780 172477 171617 161723 118812 99911.4 21027.2 11854.9 78884.2 42910.9 18900.9 68298.2 42061.5 62456.7 9172.26 15618 8229.09 2040 7733.72 4121.2 3483.43 3244.55 1995.29 700.002 9893.67 26443.5 14603.3 6268.79 52851.3 41845.3 35242.9 11006 5796.71 6170.43 9605.42 4099.25 3851.47 597.463 319.283 245.916 4661.82 32913.3 8935.93 7598.63 6658.9 23977.4 2146.53
internal_count=1275644 1260873 1255999 1251301 1144318 862710 717387 148116 80948 569271 281608 145323 495184 277736 448881 67168 103431 60944 14705 39117 41831 31820 30266 19554 10356 106983 174305 96799 37988 360872 285172 248136 75700 41527 27948 88009 32795 31529 7268 4902 3078 27741 229441 38486 31434 26946 190955 8167
is_linear=0
shrinkage=0.5


Tree=79
num_leaves=49
num_cat=0
split_feature=3 9 16 8 14 5 10 1 11 3 0 4 0 8 14 10 0 15 8 16 8 1 16 8 1 1 8 14 15 5 16 14 4 9 11 0 10 9 5 8 0 0 5 11 3 8 16 14
split_gain=34.8938 27.2902 25.9449 26.2051 23.5636 22.3497 26.759 21.5928 21.3526 23.2026 31.8596 20.0342 18.9285 17.8251 17.7528 21.3987 18.3784 16.653 31.1705 31.4857 75.6672 48.7084 44.0398 37.1882 40.8136 26.794 25.8573 27.7454 25.6883 24.8191 24.0713 37.1167 21.1841 21.2922 21.3286 24.8568 20.311 20.0317 19.5249 20.6075 18.6703 18.0185 29.5975 23.6986 22.3807 17.4793 17.3513 52.9287
threshold=0.40004810690879827 0.0094279032200574892 0.78137969970703136 0.22005929052829745 2.9620617628097539 -0.042082069441676133 10.877376079559328 0.39389668405056005 1.3435728549957278 0.018568060360848907 0.3030246794223786 0.10637795552611352 0.62366715073585521 -0.05142810940742492 5.3052797317504892 3.1729606389999394 0.38653247058391577 5.2530291080474862 -0.024124497547745701 -0.13672894239425656 0.022927718237042431 0.5936858355998994 -0.81586128473281849 0.047171361744403846 0.21422924846410754 0.3143251240253449 -0.075366057455539689 3.7437071800231938 5.276416778564454 0.00080826799967326235 0.30376066267490393 2.6115986108779912 0.022199435159564022 0.0003332453925395385 1.2321265339851382 0.59964588284492504 3.5622975826263432 -0.00041993234481196845 -0.004960377234965562 0.062593586742877974 0.16148269176483157 0.6282610595226289 0.051726715639233596 0.93194887042045604 0.069419685751199736 0.043025519698858268 -1.9623499512672422 3.6031150817871098
decision_type=2 2 2 2 2 2 2 2 2 2 2 2 2 2 2 2 2 2 2 2 2 2 2 2 2 2 2 2 2 2 2 2 2 2 2 2 2 2 2 2 2 2 2 2 2 2 2 2
left_child=1 2 3 5 -5 6 11 -8 17 -10 -11 14 -6 -4 15 -1 -17 46 26 22 21 40 23 -20 28 37 27 -19 32 -30 31 -22 33 34 35 -25 -26 -24 39 -27 -21 43 44 -42 -43 -39 47 -7
right_child=-2 -3 13 4 12 8 7 -9 9 10 -12 -13 -14 -15 -16 16 -18 18 19 20 30 -23 25 24 36 38 -28 -29 29 -31 -32 -33 -34 -35 -36 -37 -38 45 -40 -41 41 42 -44 -45 -46 -47 -48 -49
leaf_value=-0.013443057790826819 -0.15923494560289667 -0.080874673965905891 -0.053346819619542865 -0.17371207559580309 0.09406952641272695 -0.037480220716569042 -0.0015962870026303079 -0.22963305834835898 -0.044447985545838176 0.12994794293627426 -0.009819736103667662 -0.10451379687739927 -0.084675028527941634 0.020877771737356624 0.0071232647521992419 0.026064954864534175 -0.1122582475904447 -0.060129161808721819 -0.012136749046639472 0.1349967755796655 -0.083140608880020284 -0.12297148556598096 -0.05884173863361964 0.17511827568793861 0.091173758903913438 -0.038520373972105275 -0.048604226185867114 0.19495445049067345 0.25209513057152666 -0.011107119222429363 -0.080725840185234876 0.055359210230988477 -0.18242864294054878 -0.16293106786155037 -0.12104514736940802 -0.034068792411044241 -0.030052156322612447 0.059285602078562247 -0.074942107830332255 0.092797414443340831 -0.025586579280836734 0.13325378356846695 -0.032118525957113883 0.067033068841862206 0.02001840835177909 -0.044664406217337305 0.0055651060412060041 0.013208897673664269
leaf_weight=22827.212819068271 344.43940791260684 1044.1939198177424 840.96954199136235 409.54147085642035 230.73584147371002 9418.3629622023582 182.81678564209142 253.6188283397787 5276.1381261506176 455.96308877761476 3759.9905056682765 563.06042992050061 404.9174776814325 18710.907233751088 11066.829362503224 308.35245692403987 999.90437947437749 191.32204919308424 9260.7038837736472 801.83236455776205 799.56362395640463 368.8366609091172 927.69816347910091 273.06913985451683 2719.8054241123609 1771.6976735190256 5814.7752107738925 232.59935613778362 146.81601115246303 218.51657942601014 1658.4717928497121 1221.1845101455692 263.79642811563099 209.93636124243494 204.11502550065052 287.59118869024678 388.53749657457229 1438.2142829184886 4381.1896104654297 356.96517649199814 1280.9358973409981 1729.65669694799 471.99428461660864 1483.5597985074855 598.64581645722501 556.22479827189818 165355.42268683808 11342.659967367988
leaf_count=93673 14928 10973 3477 6816 3160 44284 2234 3154 17650 1567 22661 5023 19191 78824 50423 972 4349 1281 31588 2592 2918 1873 2536 1123 12711 5228 21529 1075 1283 1194 5531 4428 1383 834 1033 2568 4196 4130 15023 1336 4161 5950 2200 4019 2557 1720 671278 73007
internal_value=0 -0.000225107 6.14033e-05 -0.0011974 -0.0801837 -0.000891605 -0.0124591 -0.135477 0.000883246 -0.0223435 0.00520506 -0.0109402 -0.0189613 0.0176571 -0.00942634 -0.0170355 -0.079279 0.00186033 -0.00738312 -0.00137692 0.0214754 0.0530016 -0.0115676 0.00622146 0.0424013 -0.0379717 -0.0398568 0.0787841 -0.0221297 0.0937004 -0.0361018 0.000296685 -0.0567484 -0.0220697 0.0161071 0.0670558 0.0758551 0.00163877 -0.0558264 -0.0162311 0.0632925 0.0528483 0.0811869 0.023943 0.104375 0.0300368 0.00385253 -0.00976314
internal_weight=0 293510 292466 272914 1045.19 271869 36201.8 436.436 235667 9492.09 4215.95 35765.4 635.653 19551.9 35202.3 24135.5 1308.26 226175 40058.3 33819.6 10414.7 6735.46 23404.9 13972.9 4712.18 9431.99 6238.7 423.921 1603.84 365.333 3679.22 2020.75 1238.51 974.712 764.775 560.66 3108.34 2922.14 6509.85 2128.66 6366.62 5564.79 2800.3 2764.5 2328.3 1994.44 186116 20761
internal_count=1275644 1260716 1249743 1167442 29167 1138275 159828 5388 978447 41878 24228 154440 22351 82301 149417 98994 5321 936569 148000 124115 36229 23352 87886 57913 26325 29973 23885 2356 9418 2477 12877 7346 6941 5558 4724 3691 16907 8386 21587 6564 21479 18887 10707 8180 8507 5850 788569 117291
is_linear=0
shrinkage=0.5


Tree=80
num_leaves=49
num_cat=0
split_feature=4 15 13 3 6 8 15 8 1 11 12 7 0 12 6 13 6 13 4 11 7 7 14 14 12 8 14 13 13 0 13 8 0 1 8 7 0 7 15 8 13 8 6 8 1 13 8 1
split_gain=92.2121 96.0412 88.5959 83.5434 78.8643 65.4208 57.6337 134.376 107.152 74.1675 69.827 89.1916 71.2513 65.6235 128.14 63.9814 93.7783 80.2569 89.4937 104.292 78.2642 65.0299 72.9253 67.9582 63.142 67.2502 105.403 65.7849 69.1515 67.2769 62.9336 61.6236 65.2086 61.0185 58.015 66.3233 66.3802 60.7061 74.4783 74.2519 77.6089 71.8718 66.958 59.9049 58.9724 57.118 123.658 67.4331
threshold=0.056653445586562164 5.0603187084198007 -0.89292278885841359 0.10685919225215913 0.12494546547532083 0.11921292543411256 5.2111895084381112 -0.10363097488880156 0.56760942935943615 0.50485336780548107 0.82590743899345409 -0.003274634480476379 0.40501019358634954 1.5896685719490053 -0.0027497153496369715 -0.14025596529245374 -0.049088535830378525 -0.18558874726295468 0.0089860726147890108 1.0269723534584048 0.084148690104484572 -0.038855431601405137 0.9648234248161317 15.525126934051515 0.98721417784690868 0.11921292543411256 1.7364958524703982 -0.52989730238914479 -0.89292278885841359 0.45959910750389105 -0.91320833563804615 0.1696804687380791 0.83126214146614086 0.16562481224536899 -0.085289746522903429 0.015302194282412531 0.45959910750389105 -0.0043401543516665688 5.1073834896087655 -0.024124497547745701 0.29346850514411932 -0.062572430819272981 0.00034585934190545237 0.020576151087880138 0.19368638843297961 0.48060245811939245 0.17747282236814502 0.55805549025535595
decision_type=2 2 2 2 2 2 2 2 2 2 2 2 2 2 2 2 2 2 2 2 2 2 2 2 2 2 2 2 2 2 2 2 2 2 2 2 2 2 2 2 2 2 2 2 2 2 2 2
left_child=6 2 3 -2 -3 -4 8 -8 15 -9 11 -10 -13 -12 -15 17 -17 20 -19 -20 21 23 -23 33 -24 -26 -27 28 30 -29 -28 34 -33 -1 35 36 -18 38 44 40 41 -40 -42 -41 -36 46 -11 -47
right_child=1 4 5 -5 -6 -7 7 9 10 45 13 12 -14 14 -16 16 31 18 19 -21 -22 22 24 -25 25 26 27 29 -30 -31 -32 32 -34 -35 37 -37 -38 -39 39 43 42 -43 -44 -45 -46 47 -48 -49
leaf_value=0.068550131995182104 0.23447181164251668 0.036189162682893336 -0.23022822150478614 -0.32165717841768143 -0.15945245189863413 0.32333034761790869 -0.26507474511987517 0.039561033226154139 -0.41034899393214513 -0.0024068143712988582 -0.17939690872190681 0.95863037233631176 0.057132391591273028 0.53941585323404173 -0.23207401324665475 -0.17007431540947784 -0.02483154716272792 0.01435181251036473 0.017639286925752319 0.39743067109147956 -0.20150531803747743 -0.062127187301497244 -0.026463810568017717 -0.39307603562185123 0.012674731239854976 0.60128559989132635 0 0.53220121147387722 -0.29021520284112673 0.089029009343009155 0.61575179029509441 0.038945931817449229 0.42517827868956415 -0.096771529189928748 0.0052625440695448942 -0.14953328518382639 0.18243555333538194 -0.01380771999373729 -0.2806332186173004 -0.13206193849413453 -0.0025892070857998517 0.011520909308850115 0.2352863107438623 -0.025121235717651229 -0.19587976372309951 0.024496631287476908 -0.26450802007631902 0.23262998012146502
leaf_weight=738.07459894601197 274.89651355418027 27671.788315803526 828.78059108421803 87.91506314806611 523.02360062035223 55.458780391665641 464.34969059820287 13291.875211256352 36.455290263576899 111210.44685041951 1768.3115132146268 43.164163499146525 46.286269451862609 96.120855007960927 118.88833520777553 1152.1432404908119 646.90738503751345 1221.3350433619926 320.10022876376752 423.22233550698729 499.57163985944499 4201.6270198897255 11280.487271669488 156.89533794904128 37816.374471181814 111.746976808412 241.98621700584772 128.44103405997157 173.94930167851271 265.40151982387761 49.285528529027943 449.57249643217074 145.05519276706036 2247.0247981155553 466.70100983802695 324.3419263844844 943.16947668686043 14086.51033870428 279.59245840692893 2459.9079648057814 557.54024480225053 831.03153557926998 619.43702597687661 2830.3032781087677 1586.204618777916 13451.004488954059 450.89159753342392 400.52561199816409
leaf_count=3416 2598 142258 16477 4418 16004 548 1708 40204 1382 313146 58021 364 2246 1777 5117 10669 2377 7566 2110 1761 20411 26011 72551 2330 228173 1281 7832 458 4380 2720 993 2389 1726 21825 2500 1611 3187 110692 1168 21698 2973 4200 3547 14499 29316 34866 17328 1169
internal_value=0 0.0265159 -0.109126 0.0978248 0.0325367 -0.194619 -0.00321284 0.00314331 -0.0131242 0.0040461 -0.124477 0.233787 0.503466 -0.147579 0.11141 -0.0104253 -0.0304484 -0.00126088 0.0980871 0.234795 -0.00464158 -0.00291636 0.00112421 -0.0728433 0.00644332 0.016027 0.145949 0.0855071 -0.0408918 0.235806 0.106778 -0.0242892 0.13456 -0.0557186 -0.0279989 0.0556077 0.0978341 -0.0347706 -0.0653758 -0.0423868 0.0327171 -0.0617635 0.122272 -0.0749579 -0.149929 0.000280777 -0.00347202 0.0305674
internal_weight=0 29441.9 1247.05 362.812 28194.8 884.239 228632 139269 89363.2 138805 2109.23 125.906 89.4504 1983.32 215.009 87253.9 27378.4 59875.5 1964.66 743.323 57910.9 57411.3 54269.3 3141.99 50067.7 38787.2 970.811 859.064 465.221 393.843 291.272 26226.3 594.628 2985.1 25631.6 1914.42 1590.08 23717.2 9630.72 7577.81 2287.6 1110.62 1176.98 5290.21 2052.91 125513 111661 13851.5
internal_count=1276001 182303 24041 7016 158262 17025 1093698 408421 685277 406713 68907 3992 2610 64915 6894 616370 212552 403818 11437 3871 392381 371970 344399 27571 318388 245837 17664 16383 13205 3178 8825 201883 4115 25241 197768 7175 5564 190593 79901 48085 11888 5368 6520 36197 31816 366509 330474 36035
is_linear=0
shrinkage=0.5


Tree=81
num_leaves=49
num_cat=0
split_feature=11 12 12 12 12 12 11 12 14 12 12 12 1 11 11 11 8 12 14 14 10 5 4 8 15 15 14 10 14 12 16 10 15 11 4 15 14 16 12 12 3 8 4 16 12 16 12 11
split_gain=39.1822 122.943 120.46 127.223 130.369 207.503 213.72 104.078 55.5226 42.4464 39.5079 34.4617 33.5965 30.6605 24.907 23.4574 22.7151 22.0764 21.9932 21.2812 25.1718 25.614 24.289 26.4453 98.4494 26.8943 28.5871 29.8539 22.9887 22.7216 20.7224 27.7693 20.6274 20.8022 27.8451 19.3706 20.3348 23.6863 18.9883 18.8593 18.9991 22.9377 22.788 22.8413 21.2121 18.1694 17.8864 364.396
threshold=0.48614172637462622 0.80955988168716442 0.92815095186233532 1.1942723393440249 1.5235816240310671 1.6583425998687746 0.37917630374431616 1.6194626688957217 7.8946077823638925 1.3346793055534365 1.6981823444366457 1.6495076417922976 1.0000000180025095e-35 0.41512539982795721 0.45305432379245764 0.43110367655754095 0.084827315062284483 1.4813809394836428 5.1996951103210458 0.88305845856666576 0.42042988538742071 -0.069405946880578981 0.056653445586562164 -0.078229214996099458 5.259646177291871 5.2078197002410898 2.2898253202438359 0.22411211580038073 5.2495274543762216 1.6672401428222658 -2.7817513942718501 1.5719954371452334 5.2177271842956552 0.35715846717357641 0.0023202473530545835 5.2177271842956552 2.4867757558822636 -0.78934377431869496 0.79227194190025341 0.7421814799308778 -0.021419680677354332 -0.046083649620413773 -0.0081183239817619306 -0.4281476736068725 1.6453019976615908 -1.5908601880073545 1.0686025619506838 1.3540780544281008
decision_type=2 2 2 2 2 2 2 2 2 2 2 2 2 2 2 2 2 2 2 2 2 2 2 2 2 2 2 2 2 2 2 2 2 2 2 2 2 2 2 2 2 2 2 2 2 2 2 2
left_child=1 -1 -3 18 8 7 -7 32 9 -5 14 13 16 -9 -8 -12 -2 -10 35 20 21 -14 23 24 25 -21 -27 -28 -29 -22 31 -25 -6 -34 -35 36 37 -4 -33 -23 41 -41 43 -43 -42 -11 -32 -48
right_child=12 2 3 4 5 6 10 11 17 45 15 -13 19 -15 -16 -17 -18 -19 -20 22 29 39 -24 30 -26 26 27 28 -30 -31 46 38 33 34 -36 -37 -38 -39 -40 40 44 42 -44 -45 -46 -47 47 -49
leaf_value=0.3231730755051499 0.057403043475993294 -0.17249663298577822 0.32050782963815067 -0.0057243069319946162 0.086102161638911046 0.38481041721394871 -0.17781572853129221 0.16863526777444399 -0.19279522577621511 -0.11828962841770667 0.13122393081825973 0.10273591327634343 -0.090453637329161757 0.37256241791943123 -0.06979320061329003 -0.059891819088072715 0.26637945752897946 0.05804637682352163 0.21001444640639036 -0.0017354862986467073 0.037219930617939566 -0.084834175190847891 -0.012599806894722159 -0.011321473070903232 0.26793858676026089 0.20465714737720811 -0.10795883344561949 0.22313332152442092 -0.019670981232336356 -0.088988434740010877 0.009658471909380982 0.14842025716890106 -0.094037369742865959 0.12885076850130331 -0.039492409593745323 0.019497569884067659 0.044072309397022974 0.10015066219272296 -0.11961553824597376 0.16326442081109832 -0.0070878680650849806 0.16393146791681434 -0.006968273616330593 0.020759421433646744 0.11095303979749198 -0.055247036292033425 -0.0021123277739259283 0.53614344034949835
leaf_weight=259.81692593771731 515.63810511837801 1259.4974882056704 215.46543527394533 4591.2330765384249 1843.8114395685843 241.41396450152388 1393.3946961439506 336.36689838021994 886.60561184558901 1373.2729633222334 222.25746674038237 395.07825290807523 721.58138563483953 450.88403238751926 898.59795911502442 568.69837885018205 177.88303609321156 93.598646014084807 392.93714793308754 3854.3286793061561 11019.243196976837 540.52570492020459 31045.127420443896 4453.3780950461733 424.90248519783199 352.9744517961517 247.98010481661186 213.37648169684689 172.10152236706926 365.39554690057412 58318.18443870201 68.348618827774771 381.04201753664529 483.42037676094333 491.29311180044897 794.75211003609002 430.36664204671979 304.35713052283973 987.45359302599536 353.75477535277605 8344.39263817342 496.35078753624111 1785.7546219318174 655.34704688936472 397.64486553473398 7453.4893995122984 133050.96929665891 314.1804090286314
leaf_count=878 5939 4748 754 17123 8038 909 5826 1607 12015 5634 1218 1371 2068 1938 3573 2647 4777 676 2092 19568 35062 1468 156865 23716 1474 1102 669 920 1504 1048 292071 1106 1073 1820 1686 2509 1743 1699 24742 1180 26147 1459 5105 2159 1457 25440 554672 2706
internal_value=0 -0.0182507 -0.0217613 -0.0139025 -0.0251867 0.0272547 -0.0668412 0.0987545 -0.0532893 -0.0448385 -0.102484 0.225583 0.00219547 0.28639 -0.135731 -0.00545933 0.11203 -0.168298 0.102493 0.00189806 0.0158613 0.00104577 0.000420026 0.00241902 0.0373895 0.0169984 0.0906323 0.026085 0.113666 0.0331178 0.00148248 -0.0287417 0.0516759 0.00445907 0.0435334 0.0778876 0.126128 0.192888 -0.101667 0.00634326 0.0104871 0.0428664 0.0281462 0.0829852 -0.00164933 -0.0651242 0.00235391 -0.00083655
internal_weight=0 25761.7 25501.8 24242.3 22104.5 7706.26 3324.36 4381.9 14398.2 13418 3082.95 1182.33 258877 787.251 2291.99 790.956 693.521 980.204 2137.88 258183 24680 13295.4 233503 202458 5265.66 4840.76 986.433 633.458 385.478 11384.6 197193 5509.18 3199.57 1355.76 974.713 1744.94 950.189 519.823 1055.8 12573.8 12033.2 3291.21 2937.45 1151.7 8742.04 8826.76 191683 133365
internal_count=1276001 107017 106139 101391 92594 31706 14173 17533 60888 48197 13264 4916 1168984 3545 9399 3865 10716 12691 8797 1158268 77153 41043 1081115 924250 25237 23763 4195 3093 2424 36110 899013 49564 12617 4579 3506 6705 4196 2453 25848 38975 37507 9903 8723 3618 27604 31074 849449 557378
is_linear=0
shrinkage=0.5


Tree=82
num_leaves=49
num_cat=0
split_feature=7 16 8 6 7 13 8 15 13 5 13 15 8 13 15 8 3 16 3 16 15 16 13 8 6 13 8 13 15 15 5 6 13 14 16 16 15 13 8 7 8 3 16 14 6 7 6 7
split_gain=50.0518 46.282 34.3311 30.7752 53.2505 49.6313 81.9327 98.5017 78.6146 69.0334 68.7002 166.558 59.6817 53.1996 134.116 61.6252 51.1718 44.2184 42.8617 41.4653 46.5192 65.515 75.7277 55.1176 41.0444 40.7824 54.9033 40.6432 67.2085 60.2628 50.2361 46.9297 40.6227 40.4084 40.2101 47.5868 38.3925 37.892 37.3836 37.1721 35.7491 34.7975 35.7384 33.9187 33.0223 42.8809 32.9891 30.6051
threshold=-0.037749681621789925 -1.5298316478729246 -0.11804120615124701 0.18052783608436587 0.045582108199596412 -0.8900998830795287 0.017736261710524562 5.2522990703582773 -0.73378732800483693 -0.026157404296100136 -0.42754244804382319 5.1179468631744394 -0.02890069596469402 -0.78941202163696278 5.2559640407562265 0.092029463499784483 -0.00068379970616661001 -0.67148926854133595 0.25270245969295507 -0.1951123774051666 5.1723198890686044 -3.263436913490295 0.41660419106483465 0.15627872943878177 -0.022967028431594368 0.87102797627449047 0.19649057090282443 -0.63884821534156788 5.2674002647399911 5.2433784008026132 0.034637639299035079 0.016563164070248607 -0.84021010994911183 6.1721482276916513 -2.0733330249786373 0.36146658658981329 5.1353554725646982 0.20908053219318393 -0.08961204811930655 0.03746380656957627 0.029649541713297371 0.11083980277180673 0.055428234860301025 9.4031214714050311 0.039566848427057273 0.031348876655101783 0.030084314756095413 0.034210452809929855
decision_type=2 2 2 2 2 2 2 2 2 2 2 2 2 2 2 2 2 2 2 2 2 2 2 2 2 2 2 2 2 2 2 2 2 2 2 2 2 2 2 2 2 2 2 2 2 2 2 2
left_child=1 -1 -2 5 -5 9 7 36 12 17 11 -8 -9 14 -13 27 -17 24 -11 20 21 22 -12 -23 33 26 -22 29 30 -15 39 -31 40 -4 -10 -36 -7 -25 -38 -29 -16 42 -6 -19 45 46 -26 -40
right_child=2 -3 3 4 41 6 10 8 34 18 19 13 -14 15 32 16 -18 43 -20 -21 25 23 -24 37 44 -27 -28 28 -30 31 -32 -33 -34 -35 35 -37 38 -39 47 -41 -42 -43 -44 -45 -46 -47 -48 -49
leaf_value=0.086051966477214178 0.095969110945037017 0.012365303794754066 0.05916876883872671 0.1072615422916119 0.0033629344455804937 0.0097981014768334772 -0.037819009487539565 0.21428862547534125 -0.035229971078581251 -0.041297375063620634 -0.0074341305657503525 -0.017730157525042211 -0.032492301333991246 0.055105777108377642 -0.079749125148100994 0.29917578004031076 0.10766293379116132 -0.0067773206372383921 0.0093636823529960854 0.034088845428449435 -0.041755776709766101 0.020391440387303939 0.37762884974055283 -0.17528103917999305 -0.0036708444936506381 -0.15411286317424164 0.12574372104164624 0.012908831050279885 -0.098832677281166029 0.26673339927936368 0.1517010323521025 0.098727895985706901 0.28516677470239493 0.28039750900141275 -0.17869625301899489 0.0045905768932523417 -0.13038238219556356 0.029518340713668521 -0.019397122843493989 0.20803161729875236 0.16173448192688578 0.051928874533054656 -0.11515912496141704 -0.11917814461797359 0.066371030048247612 0.1910530742192495 -0.14881846830762108 0.033036630149671807
leaf_weight=2720.7618983092252 845.97365422791336 9930.5512821566954 620.58753732393961 1612.3714704589802 2193.6768282023841 24340.478938001805 6305.408952657177 261.13406951038633 1081.9019348651636 26237.291642681725 249.71478984551504 5071.1583345885156 3686.4078620031069 3761.5133259959985 208.17926917923614 488.79067746084183 1274.4896122928476 4667.8344114369247 4946.3889054016327 4901.4338295559719 8017.0593963682186 5081.0538081825071 254.97208884637803 677.70194355584681 2946.908240448538 739.1217654607608 518.7844775946578 3515.2915578266839 850.58782420033822 714.21371732687112 1024.350523215835 1031.9157792356564 457.16042573886807 315.04296801896999 2260.220945454028 413.5580261140567 706.89204106130637 332.38196660927497 27291.26297572878 262.1190005565295 552.1692594535416 2166.5996290918556 890.36442166659981 785.41507355961949 2478.3372991211945 249.66415154741844 451.89692495731288 3091.7523713408154
leaf_count=14644 4394 70340 2700 9747 17679 209219 34636 1279 4775 139353 974 27953 20353 19821 815 3027 9958 24980 40677 62709 57546 38569 1053 2921 12669 5769 3717 18882 4182 3963 5510 4635 2715 1494 37013 12735 4208 1327 261261 1389 3043 16571 4102 3923 17517 1439 1934 25881
internal_value=0 0.0282573 -0.00440182 -0.00493629 0.0278038 -0.00640715 -0.000713688 -0.0124333 -0.0654134 -0.0206518 0.0152597 0.0326415 -0.0159907 0.0557936 0.017967 0.0741591 0.161174 0.0106862 -0.0332454 -0.00606927 -0.0185043 0.0135378 0.186476 -0.000737393 0.0368265 -0.0413437 -0.0315035 0.0603527 0.0304263 0.0909635 0.0534432 0.167846 0.166956 0.134414 -0.11721 -0.150169 -0.00506056 -0.107432 -0.0167095 0.0266324 0.094943 0.00329284 -0.0307186 -0.0230766 0.0218227 -0.00831096 -0.0231545 -0.0140441
internal_weight=0 12651.3 160832 159986 6863.01 153123 109423 63133.6 7703.22 43699.4 46289.6 25517.3 3947.54 19211.9 6288.67 12923.3 1763.28 12515.7 31183.7 20772.2 15870.8 6595.82 504.687 6091.14 7062.44 9274.97 8535.84 11160 5652.35 5507.64 4801.76 1746.13 1217.51 935.631 3755.68 2673.78 55430.4 1010.08 31089.9 3777.41 760.349 5250.64 3084.04 5453.25 6126.81 3648.47 3398.81 30383
internal_count=1276001 84984 1191017 1186623 48099 1138524 891838 576724 76155 246686 315114 140529 21632 105893 34526 71367 12985 66656 180030 174585 111876 44844 2027 42817 37753 67032 61263 58382 29963 28419 25781 8598 6573 4194 54523 49748 500569 4248 291350 20271 3858 38352 21781 28903 33559 16042 14603 287142
is_linear=0
shrinkage=0.5


Tree=83
num_leaves=49
num_cat=0
split_feature=10 6 7 2 5 2 7 6 6 4 13 4 7 11 13 6 7 4 15 6 0 13 2 11 0 10 10 15 2 15 4 13 0 2 14 13 11 7 6 6 8 15 5 14 15 7 7 8
split_gain=29.6687 25.7263 44.5127 24.5336 22.5666 21.9818 22.2058 35.2829 28.5452 23.7208 27.568 72.6945 32.8576 30.5188 29.8155 28.8134 27.5332 26.1652 25.3602 23.5849 26.7254 23.0965 22.4664 21.7438 21.694 21.0658 26.8084 22.1038 21.4546 27.9377 20.6653 20.5143 34.3854 22.2457 20.8944 20.7312 52.2358 23.483 41.829 25.0036 20.3931 49.3635 31.9536 21.4509 20.1729 26.853 20.0001 22.9679
threshold=10.877376079559328 0.21874164044857028 0.084148690104484572 -0.3358731716871261 -0.13900534063577649 0.024232498370110992 0.06934297084808351 0.12148446962237359 0.13666047900915149 0.045399475842714317 -0.44475483894348139 -0.016847537830471989 -0.015283440239727495 0.94861528277397167 0.78076148033142101 0.10122157633304597 0.010685420595109464 -0.13592640310525891 5.1192309856414804 0.07285423576831819 0.95894715189933788 -0.57365721464157093 -0.0082676401361823065 1.2450675368309023 0.87673482298851024 2.4936358928680424 1.6096634864807131 5.0717570781707773 0.0056462020147591838 5.2201826572418222 -0.070761300623416887 -0.3571945428848266 0.98351868987083446 0.13074740767478946 17.144672393798832 -0.43640594184398646 1.2976737022399905 0.054026557132601745 0.074355524033308043 0.15059489011764529 0.084827315062284483 5.2574503421783456 0.00041285440966021275 2.9339592456817631 5.1892676353454599 0.023777407594025139 0.013309110421687366 -0.0080087576061487181
decision_type=2 2 2 2 2 2 2 2 2 2 2 2 2 2 2 2 2 2 2 2 2 2 2 2 2 2 2 2 2 2 2 2 2 2 2 2 2 2 2 2 2 2 2 2 2 2 2 2
left_child=1 3 -3 -1 -5 6 8 22 9 10 12 17 -6 -14 15 -13 -15 -12 -11 20 -18 -20 30 -19 -10 26 27 -16 29 -27 -8 35 33 34 -33 37 -37 39 -39 -7 41 43 -42 -29 45 -25 -23 -48
right_child=-2 2 -4 4 5 31 7 -9 24 18 11 14 13 16 25 -17 19 23 21 -21 -22 46 -24 44 -26 28 -28 40 -30 -31 -32 32 -34 -35 -36 36 -38 38 -40 -41 42 -43 -44 -45 -46 -47 47 -49
leaf_value=-0.14560444025948149 -0.047106811967736542 -0.20074799812845898 0.0096370427973242294 -0.10243702159800175 -0.01163958306337245 0.0033023374717804179 -0.27002795918412098 0.05596739950526633 -0.0022736532074871191 0.012664913323021337 -0.11404704662146031 0.0039203542069119503 0.0021286750096499627 0.042861676953423224 -0.036095417216102266 -0.13785977619980189 -0.011556247559687361 -0.012764477550045273 -0.049976950624400419 0.067913359048128036 0.12294619211532329 0.00064573619268954569 -0.0044285640871883497 -0.052715234919311862 -0.11504405814024467 0.013157915464459659 0.10719416416226847 0.072276244910932527 0.08076888472622569 -0.15704468261820387 -0.084314074001726899 0.01176005343882142 -0.063080889898094281 0.048767180969501528 0.090931871793893004 -0.0086705122257163553 -0.14809968869687803 -0.030858700110286585 0.11893489860710484 -0.098845633641130901 -0.080311229485456367 0.22533743224289071 0.073530038063160469 0 -0.017008854669093732 -0.17764050101672132 -0.11115538567123909 -0.011613723323171272
leaf_weight=282.01302595733432 3207.9013824463473 427.81936486928316 597.32104159983282 518.49123590887757 12143.853210515474 55928.160066961223 169.10162761382526 708.95702975837048 784.64969143312192 5939.7857965479197 738.0903388861334 45288.174887233326 17458.944875147718 14787.202057875838 1062.5894391112961 360.06381420465186 6799.3264639323606 28262.65650185768 6062.0956823008601 1343.7428156154347 389.27050549013074 8154.8129819916794 885.95854899974074 2764.1131760012358 958.03105963006965 522.39914794173092 1351.2897128621116 2422.1619122836273 344.67467966675758 438.92495315149426 1529.7650048089563 44685.920318278833 1383.9513452048413 4897.244835704565 850.41219465597533 5152.5222204111051 773.30264486651868 775.35698059824063 1149.7652975484962 604.3480542745674 756.22646220214665 401.89680828154087 606.40226457454264 1778.4510442754254 3318.8428944451152 515.40736773959361 959.61330731236376 1494.2535150888143
leaf_count=21864 40096 8073 19020 4116 70265 232213 1842 14412 6858 28029 2833 142433 106375 73811 3926 1283 33635 92552 40002 15183 4839 24146 4010 10264 16762 2090 4511 7802 1209 705 8141 139703 4623 16523 2928 16361 1998 4141 12300 5430 1994 1138 1974 6149 8097 1888 2718 4736
internal_value=0 0.00123402 -0.0777852 0.0015168 0.00166299 0.00185269 -0.00174246 -0.0423976 -0.000943149 -0.000273502 0.00208975 -0.00318642 0.0111647 0.0179682 0.0081464 0.00278807 0.029805 -0.0208153 -0.0153307 0.00711586 -0.00418716 -0.0253357 -0.0695813 -0.0188238 -0.0645859 0.0333472 0.0425755 0.030066 -0.0254639 -0.0641167 -0.103242 0.00716307 0.0145691 0.016711 0.0132516 0.00119458 -0.0269719 0.00405876 0.0583602 0.00219977 0.0419394 0.0578619 -0.0114778 0.0416697 -0.044696 -0.072549 -0.0112045 -0.0507738
internal_weight=0 289528 1025.14 288503 288221 287703 171502 3293.78 168208 166465 143855 90932.4 52922.3 40778.5 55333.3 45648.2 23319.5 35599.1 22610.6 8532.34 7188.6 16670.8 2584.83 34861 1742.68 9685.02 8379.02 7027.73 1306 961.324 1698.87 116201 51817.5 50433.6 45536.3 64383.5 5925.82 58457.6 1925.12 56532.5 5965.14 4602.51 1362.63 4200.61 6598.36 3279.52 10608.7 2453.87
internal_count=1276001 1235905 27093 1208812 1186948 1182832 746612 28405 718207 694587 594956 290848 304108 233843 175214 143716 127468 115634 99631 53657 38474 71602 13993 112801 23620 31498 27494 22983 4004 2795 9983 436220 163777 159154 142631 272443 18359 254084 16441 237643 19057 15089 3968 13951 20249 12152 31600 7454
is_linear=0
shrinkage=0.5


Tree=84
num_leaves=49
num_cat=0
split_feature=15 6 1 6 11 8 10 13 1 3 11 15 8 15 11 5 3 5 1 14 7 15 6 13 4 14 14 5 8 11 1 10 7 8 1 4 10 7 5 13 11 15 14 14 10 4 5 13
split_gain=60.6661 66.2358 149.616 106.779 77.7781 52.6293 50.2478 63.7148 49.8787 48.4624 74.4055 68.1845 67.2192 122.857 155.408 83.2365 73.5777 96.3635 58.7858 81.3007 90.1488 83.5454 79.1045 72.0223 74.8533 57.585 84.6038 67.4541 68.2711 66.2713 106.369 56.3245 52.7566 86.9455 59.8183 76.228 75.4294 52.1811 51.7279 50.4654 71.796 67.847 60.1698 55.6352 55.1468 49.5721 47.7464 47.3517
threshold=5.015864610671998 0.0093764197081327456 0.32843819260597235 0.011191181838512422 1.2828840017318728 0.035019187256693847 0.016651051118969921 -0.78941202163696278 0.72590965032577526 0.095872003585100188 0.35715846717357641 5.0990729331970224 0.016676020808517936 5.1086890697479257 0.74703198671340953 -0.015196507796645163 0.18653950840234759 -0.030502781271934506 0.3577698171138764 13.48255491256714 -0.021467421203851696 5.1566998958587655 0.013834745157510044 -0.84722045063972462 0.0047044476959854373 3.1650354862213139 2.9620617628097539 0.0054184340406209239 0.009522988926619293 1.3359992504119875 0.36956031620502477 -1.346710681915283 -0.02397973649203777 -0.031493263319134705 0.50544652342796337 0.038723979145288474 1.3180562853813174 0.038360565900802619 0.02210843097418547 -0.52262091636657704 0.98605716228485119 5.2581949234008798 2.8227866888046269 4.6645710468292245 2.1742435693740849 -0.0018548442749306557 -0.033062176778912537 0.29346850514411932
decision_type=2 2 2 2 2 2 2 2 2 2 2 2 2 2 2 2 2 2 2 2 2 2 2 2 2 2 2 2 2 2 2 2 2 2 2 2 2 2 2 2 2 2 2 2 2 2 2 2
left_child=1 5 4 -4 6 -1 -3 -8 9 -2 -11 25 31 14 -14 16 39 -18 19 20 -17 22 -22 24 -23 26 27 28 46 -27 -31 -13 33 -33 35 36 -35 47 -25 40 42 44 -15 -44 -42 -24 -12 -20
right_child=8 2 3 -5 -6 -7 7 -9 -10 10 11 12 13 15 -16 18 17 -19 37 -21 21 23 45 38 -26 29 -28 -29 -30 30 -32 32 -34 34 -36 -37 -38 -39 -40 -41 41 -43 43 -45 -46 -47 -48 -49
leaf_value=-0.21150813888806294 -0.0014644194048621438 0.42280220216354902 0.5819527261989379 -0.34977379923690233 0.52491576896092595 0.019097096037465112 0.2897474346043804 -0.16717624330501699 -0.17400520931619456 -0.18121185096273032 0.33092604522871172 -0.17601993008821171 1.2530394737042905 -0.45509544194124701 0.080143341480422181 -0.19555694264779058 0.096326487731882418 0.73776195499402331 -0.087430479913751982 -0.39194662788602286 0.1022577937466541 0.0078608914571527688 1.096699115405948 0.11196722465001956 0.40084331773740278 -0.20573628044171194 0.63103385136077228 -0.14588148845338192 0.5368552044820023 0.74741495458930085 -0.39487989796907974 -0.21315395665899003 0.068060591734497716 0.00048200909908415487 -0.18718280078671462 -0.11484077419502024 0.31091848732692429 -0.2963924857965381 -0.15515041976546204 0.14921957208301931 0.32791181050647311 -0.16228004560751386 0.20671845272148398 -0.24596156451630846 -0.055942551394080733 0.34625042468010453 -0.32383266262873078 0.050622408096025091
leaf_weight=987.39107513520867 229759.46795123784 83.070778999826871 33.215751817042474 282.83067799048149 126.87057747889776 324.68132009546389 115.4014060338377 220.07429583440535 407.74526776411221 441.40098956679867 46.958010254733381 262.94530114522786 42.285491884278599 140.59586943950853 84.659473167106626 284.95054387755226 167.98436405905522 91.063979397586081 3129.6231465250057 104.49575868663669 103.56966968812048 238.83488338497409 48.25950557278702 322.51033681086847 250.71792514412664 787.86617944192039 53.796234254157753 370.73401652762914 89.227876116405241 47.138084516394883 33.894691103698278 450.97330846617115 12659.595731041365 359.11119019989565 236.98362585424911 324.0640512665268 437.64192483673105 249.0581898813798 408.56643976998021 638.01507004327141 269.10855390617508 193.22065653854224 117.03289729342214 157.40055956201832 139.6705484372942 46.814627718849806 64.807111797956168 769.26438746979693
leaf_count=12635 950309 1128 520 13063 992 2985 1525 2732 14607 5263 1313 3436 775 1507 2320 2776 2450 987 40884 4135 714 5030 1195 1526 3343 34947 1351 12382 1982 582 2147 5267 96342 2402 3430 2111 2294 10474 3221 2630 2793 1242 944 2690 2493 917 1768 3442
internal_value=0 -0.0833569 0.023851 -0.248748 0.182892 -0.154091 0.0770211 -0.00811756 0.000512218 0.000794551 0.0218569 0.0255852 0.0324038 -0.0044418 0.481484 -0.0124028 0.0781875 0.325705 -0.0416049 0.033412 0.0600009 0.111763 0.412093 0.0621816 0.210548 -0.0777372 0.0372668 -0.0187345 0.212876 -0.161051 0.264527 0.0524403 0.0566387 -0.0230203 0.0398722 0.0884501 0.171802 -0.0744369 -0.036638 0.0389707 -0.0297794 0.0799075 -0.189892 -0.05105 0.195721 0.739832 -0.0438073 -0.0600579
internal_weight=0 2173.54 861.463 316.046 545.417 1312.07 418.546 335.476 254832 254424 24664.8 24223.4 22729 7997.7 126.945 7870.76 1914.09 259.048 5956.67 1808.72 1704.22 1419.27 198.644 1220.63 489.553 1494.42 625.523 571.727 200.993 868.899 81.0328 14731.3 14468.4 1808.77 1357.8 1120.82 796.753 4147.95 731.077 1655.04 1017.03 602 415.029 274.433 408.779 95.0741 111.765 3898.89
internal_count=1276001 35580 19960 13583 6377 15620 5385 4257 1240421 1225814 275505 270242 213770 98488 3095 95393 17736 3437 77657 22857 18722 15946 2826 13120 8373 56472 18796 17445 5063 37676 2729 115282 111846 15504 10237 6807 4696 54800 4747 14299 11669 6528 5141 3634 5286 2112 3081 44326
is_linear=0
shrinkage=0.5


Tree=85
num_leaves=49
num_cat=0
split_feature=11 10 3 16 0 4 4 16 1 6 15 10 14 1 14 10 10 15 10 11 3 0 15 16 1 3 7 6 3 3 0 11 6 3 15 0 10 16 10 15 8 0 14 15 11 16 15 1
split_gain=23.687 23.1191 20.1042 67.137 21.8321 18.3694 17.9769 17.911 35.4329 56.3393 25.3327 21.8648 40.0975 44.804 39.8684 46.321 43.1952 39.1529 38.9231 35.8162 29.2984 36.4877 24.8299 23.8073 23.1461 22.7754 22.5341 24.5034 21.3839 21.2817 35.0422 23.2134 22.4102 28.8954 21.6478 21.1253 26.8621 20.9283 20.574 20.0016 50.2063 19.8194 19.8949 19.5979 19.4481 28.3199 25.0641 19.3144
threshold=1.3125094175338747 0.36013482511043554 0.26942016184329992 -1.0855503082275388 0.7344767451286317 -0.12398115918040274 0.17457968741655353 -0.11355269327759741 0.57415115833282482 -0.0071538046468049279 5.1982109546661386 -0.84493875503540028 3.6731528043746953 0.48922224342823034 2.9339592456817631 0.55416917800903331 3.5622975826263432 5.1165795326232919 -0.10608045011758803 0.93616744875907909 0.015948806889355186 0.76011651754379284 5.210379123687745 -1.1158547997474668 0.42778049409389501 0.017235264182090763 0.027579054236412052 0.056705316528677947 0.0044056379701942214 0.11735057458281518 0.70693433284759533 0.8939255177974702 0.0076274774037301549 0.15389880537986758 5.2822251319885263 0.34272913634777075 -1.5843983888626096 -0.17207486182451245 -0.42123298346996302 5.250798463821412 -0.048124022781848901 0.89614021778106701 3.3474572896957402 5.179028034210206 1.1633988022804262 -2.3271954059600826 5.0962364673614511 0.30443032085895544
decision_type=2 2 2 2 2 2 2 2 2 2 2 2 2 2 2 2 2 2 2 2 2 2 2 2 2 2 2 2 2 2 2 2 2 2 2 2 2 2 2 2 2 2 2 2 2 2 2 2
left_child=2 -2 5 -4 -5 -1 7 8 11 10 -10 12 13 19 15 26 17 -17 22 20 21 28 -16 -22 -20 -15 39 -28 35 31 -31 34 -32 -34 -19 -7 -37 43 41 -13 -41 42 -24 -11 45 -14 -47 -21
right_child=1 -3 3 4 -6 6 -8 -9 9 37 -12 14 44 25 18 16 -18 29 24 47 23 -23 38 -25 -26 -27 27 -29 -30 30 32 -33 33 -35 -36 36 -38 -39 -40 40 -42 -43 -44 -45 -46 46 -48 -49
leaf_value=-0.029289502573655889 0.0034590586470296218 -0.039807124747852904 0.19181497083812055 -0.17033774307843288 0.018528740555499724 9.4994833853740009e-05 -0.058609754033788743 0.0071780735972752996 0.093057792240889933 -0.013545448790284713 0.30817214271621157 -0.016401116234132779 0.14360098462061768 0.17754486880242437 0.04046486291000382 -0.010301313505725192 -0.08552168413388439 0.044582983528565941 -0.0098484368994335072 0.020300495215636916 0.026286502460100645 -0.19467037842599733 -0.16712659893230047 -0.072815804657893918 -0.036067382021034509 0.0037681375787497872 0.054564473711222986 -0.016161790558366564 -0.17626694389686751 -0.17815687033915006 0.096416389271184524 0.01907844017641111 -0.10471059117648181 0.04868821168440552 0.16263977101919536 -0.20302417948129398 -0.045421539309692005 -0.10018786035533714 0.025848200450011034 0.16464372576151251 0.0018294292798029547 0.063031625909172481 -0.037768355737332018 0.083959052862777203 0.088256888150695489 0.084477462112914709 -0.030412633549944664 -0.040141590983406278
leaf_weight=4886.0647535827302 5529.2087553283491 6934.230490565853 581.80165548772493 156.36684604849142 5099.6798587322992 1045.7880076621659 1230.3890779910143 100083.82860293178 303.79366835085966 971.57430551391735 264.37685498088831 25686.39727625862 331.21206751652062 342.6148868817836 5727.414810384158 7388.2732451050542 950.51719317026436 13937.764045335818 42584.343684469583 2404.6719988826662 1121.0868931850418 775.48504037503153 379.5431596878916 1304.1020508566871 10524.905200995447 431.33539745025337 3034.5905118091032 2037.5267358021811 413.47992912679911 294.88913438934833 506.35099922027439 13706.919145178283 617.65718265390024 603.72365722735412 402.24530726112425 399.00878769904375 874.45241290330887 316.52332620264497 2052.0004317625426 506.42356642894447 7189.0502711115405 357.52803440112621 1447.2220419421792 1078.1178158667753 865.0271051810123 576.43079785257578 2644.4841455006972 2915.4681245842949
leaf_count=30693 29603 86386 12639 704 38739 2915 7779 396316 1827 7442 1152 73501 1267 1140 20696 26019 5888 37508 280884 6837 3422 2193 789 4329 65356 1468 8851 7379 1019 704 1801 41539 2200 2880 969 1002 2484 1281 6727 1231 16016 1320 4117 5862 3194 2062 8064 7807
internal_value=0 -0.0205739 0.00171628 0.0307413 0.0127835 0.00107611 0.00164741 0.00193537 -0.00135506 0.0530632 0.194397 -0.00237972 -0.0196263 -0.0346036 -0.00034927 0.00729212 0.0195763 0.0222588 -0.00966916 -0.0426375 -0.0693634 -0.0986244 0.0189839 -0.026806 -0.0150544 0.0814712 -0.00496464 0.0260568 -0.0711246 0.0302757 -0.0190919 0.0338542 0.00785541 -0.0284993 0.0479405 -0.0520963 -0.0953155 0.0188474 -0.00994287 -0.00969372 0.0126289 -0.0437915 -0.0649951 0.0375131 0.021041 0.00451144 -0.00967631 -0.0127295
internal_weight=0 12463.4 271352 5837.85 5256.05 265515 260629 259398 159314 2934.39 568.171 156380 16444.6 12027.5 139935 76862.3 38408.3 37457.8 63073 11253.5 5933.4 3508.21 9963.71 2425.19 53109.2 773.95 38454 5072.12 2732.73 30069.5 2022.62 28046.9 1727.73 1221.38 14340 2319.25 1273.46 2366.22 4236.29 33381.9 7695.47 2184.29 1826.77 2049.69 4417.15 3552.13 3220.91 5320.14
internal_count=1276001 115989 1160012 52082 39443 1107930 1077237 1069458 673142 17564 2979 655578 49203 34616 606375 226486 119508 113620 379889 32008 17364 9613 33649 7751 346240 2608 106978 16230 7420 87601 7585 80016 6881 5080 38477 6401 3486 14585 12953 90748 17247 6226 4906 13304 14587 11393 10126 14644
is_linear=0
shrinkage=0.5


Tree=86
num_leaves=49
num_cat=0
split_feature=1 2 2 14 2 13 8 10 14 13 14 14 2 6 6 3 6 6 7 16 16 3 10 13 16 14 14 16 1 13 3 3 7 6 7 6 8 13 13 10 6 3 16 16 2 3 5 8
split_gain=57.2043 62.4537 50.6941 39.1966 42.5091 37.812 45.015 34.5208 33.3809 55.2467 41.7433 41.4932 39.0252 41.9909 38.5091 38.4249 56.3331 38.2383 43.7044 29.6486 29.3751 51.5119 28.6861 30.0987 28.4655 30.3984 26.8174 26.5263 70.9812 82.5458 87.3943 43.5362 40.978 38.0007 39.8199 69.2968 35.4247 51.3894 38.9212 35.4699 34.7964 31.6708 29.6771 29.5255 29.4595 27.1895 27.3923 26.6009
threshold=0.56108045578002941 -0.10827251151204108 0.22998324781656268 17.144672393798832 0.1620229780673981 1.0000000180025095e-35 0.015033137053251268 22.718782424926761 9.2630157470703143 -0.93145951628684986 7.6142508983612069 16.04859828948975 -0.16510441899299619 0.0069412763696163901 0.051742406561970718 0.10882358998060228 0.077551644295454039 0.064612321555614485 0.022374955005943779 -0.63367804884910572 -0.84281170368194569 0.080696895718574538 5.3615732192993173 0.62538510560989391 -1.885078966617584 12.248938560485842 11.99032497406006 -0.78934377431869496 0.40240086615085607 -0.59401872754096974 0.19113461673259738 0.14194054901599887 -0.033726474270224564 -0.026603588834404942 0.0092982710339128988 0.024896782822906974 0.055681778118014343 0.32286588847637182 0.78076148033142101 7.982689857482911 0.025862659327685836 0.08637819811701776 -1.9356992244720457 -1.6322681307792661 -0.14946816116571424 -0.021419680677354332 0.052754076197743423 0.087192058563232436
decision_type=2 2 2 2 2 2 2 2 2 2 2 2 2 2 2 2 2 2 2 2 2 2 2 2 2 2 2 2 2 2 2 2 2 2 2 2 2 2 2 2 2 2 2 2 2 2 2 2
left_child=2 -2 3 7 5 6 -5 8 10 11 27 12 13 -10 -14 16 -12 -16 19 -19 21 -3 23 -11 -20 -26 -15 28 36 30 32 45 -30 -34 35 42 -1 39 47 41 -36 44 -35 -32 -38 -29 -47 -39
right_child=1 20 -4 4 -6 -7 -8 -9 9 22 15 -13 14 26 17 -17 -18 18 24 -21 -22 -23 -24 -25 25 -27 -28 31 29 -31 43 -33 33 34 40 -37 37 38 -40 -41 -42 -43 -44 -45 -46 46 -48 -49
leaf_value=0.0019524033277132015 -0.01328305085193761 0.32923653664844627 -0.068976437851218125 0.016289647038557953 -0.11955907053240129 -0.059202485475211709 0.098561817937077453 0.16414106062192474 -0.44004965534375184 0.0014294699507536855 0.060906117738708174 0.14403416625852808 -0.029190109077666723 -0.22095605698130463 -0.36343987069089517 -0.0368814547705884 -0.044886106656165561 0.15469279822152532 0.046686580176682924 -0.13427248230450248 0.038632995194878235 0.053815418839243574 -0.054212017594928052 -0.14289636543162201 -0.15112324527104756 -0.44980012627438043 0.13926807262225624 -0.047313505180237081 0.29633163140066904 -0.038676565236541519 -0.17273513164745127 0.017025670801872419 0.24470053731129984 0.15236145633944459 0.26305687737792471 0.16545892795994196 0.1287685521997089 0.022546857678368316 -0.023019488113244647 -0.23924263810470339 0.09401260729632005 -0.08892836171307722 -0.015350835261651917 -0.0013451484626129735 -0.028427090628288094 -0.021089690853217682 0.020659730605818223 0.17772855550650177
leaf_weight=38873.502932334202 7208.8165903801273 244.05937881203135 3027.0243992249307 3926.5188607053133 445.88774410932092 867.01155211334117 2906.160999409738 297.83421390200965 163.63889293198008 12727.838373969658 6975.2449329851079 183.78102305741049 1638.6012775232084 161.13305990590015 180.18386550713331 1889.0808150219964 1528.9264954417013 195.41913575527724 84.948795947682811 160.03731921780854 11663.350029176509 573.8254879117012 3400.154888293182 370.65994062134996 229.15208261250518 144.09776744188275 73.256661851366516 8194.8403481974019 248.65690845402423 2407.432356483012 321.09228915872518 8906.2566796997562 362.21738062228542 297.66846598614939 442.12045540229883 903.9292125441134 305.53301816538442 513.01158270379528 1125.1322547298041 218.05965772247873 1033.4225734063657 2286.826925998088 2245.7263066557352 1170.7569144426379 9669.4305967780529 26432.318746640791 4602.163930419425 619.4079466375988
leaf_count=219316 51263 1518 16071 21542 2266 5228 29516 2297 910 66878 44027 1953 7181 2244 1010 12109 8502 2363 2257 834 82420 5563 17111 4799 1849 1354 1943 137291 1305 20928 3958 42634 2019 1475 2363 4345 1905 3877 6708 1564 6047 14214 9883 7068 47803 301757 41157 3376
internal_value=0 0.0237152 -0.00491692 -0.00361806 0.0300979 0.0388439 0.0513651 -0.00556153 -0.00592397 -0.0250126 -0.00282448 -0.0850008 -0.0990983 -0.245426 -0.0766987 0.0274685 0.0418244 -0.154418 -0.107127 0.0231774 0.0451238 0.136914 -0.013291 -0.00262707 -0.209133 -0.268661 -0.106133 -0.00566104 0.00108011 0.0410809 0.0684838 -0.0145002 0.0974608 0.0879553 0.0762733 0.0466154 -0.00594947 -0.0268252 0.0424744 -0.0394037 0.145146 -0.0357898 0.00413318 -0.0386595 -0.0235496 -0.0216706 -0.014882 0.107951
internal_weight=0 19690.1 152756 149729 8145.58 7699.69 6832.68 141583 141286 19712.9 121573 3214.25 3030.47 398.029 2632.44 10393.3 8504.17 993.839 813.655 355.456 12481.2 817.885 16498.7 13098.5 458.199 373.25 234.39 111180 63043.9 9433.02 7025.59 48135.6 5533.74 5285.08 4922.87 3447.32 53610.9 14737.4 2257.55 12479.9 1475.54 12261.8 2543.39 1491.85 9974.96 39229.3 31034.5 1132.42
internal_count=1276001 140764 1135237 1119166 58552 56286 51058 1060614 1058317 112686 945631 23898 21945 5097 16848 64638 52529 9667 8657 3197 89501 7081 88788 71677 5460 3203 4187 880993 358154 59391 38463 522839 27437 26132 24113 15703 298763 79447 13961 65486 8410 63922 11358 11026 49708 480205 342914 7253
is_linear=0
shrinkage=0.5


Tree=87
num_leaves=49
num_cat=0
split_feature=1 3 6 13 3 13 3 5 7 4 13 9 1 11 12 11 6 1 2 3 1 12 4 2 1 12 15 13 12 4 9 13 1 6 7 7 12 2 7 15 1 1 12 9 2 5 9 6
split_gain=25.541 55.1867 45.1792 39.2266 32.71 28.4237 26.7764 31.2292 22.4665 22.4374 23.7683 20.3433 20.2646 19.823 19.492 43.0053 21.5152 18.0196 17.2864 17.2847 18.3106 17.0606 16.9685 16.821 24.2955 22.3388 25.703 22.047 24.5456 21.3248 44.8016 19.8318 27.5032 20.5853 21.758 18.0156 17.6741 20.3797 20.0657 16.9909 20.9943 24.3339 22.1774 19.4785 16.14 17.5682 19.8452 17.8611
threshold=0.55805549025535595 0.15092483162879947 -0.027361004613339898 -0.3571945428848266 0.35525751113891607 -0.84373477101325978 0.19555321335792544 0.075244206935167326 0.023777407594025139 -0.1295468211174011 -0.87854418158531178 -0.0014602158335037527 0.049107266589999206 1.1286104917526247 1.6723495721817019 0.68396875262260448 -0.047178993001580231 0.69314378499984752 0.33282351493835455 0.26942016184329992 0.42017862200737005 1.4076473116874697 -0.0013763082679361103 0.13074740767478946 0.35487668216228491 1.321654796600342 5.2120265960693368 -0.53749442100524891 1.1625031828880312 0.061577644199132926 0.00038430439599324023 -0.87854418158531178 0.33878971636295324 -0.034703033044934266 -0.01834126096218824 -0.092642463743686662 0.95161187648773204 0.14879733324050906 -0.0016366767231374977 5.10451364517212 0.22455557435750964 0.46760320663452154 1.2789245843887331 -0.0026790085248649116 -0.13295882940292356 0.027662320993840698 -1.0000000180025095e-35 0.011191181838512422
decision_type=2 2 2 2 2 2 2 2 2 2 2 2 2 2 2 2 2 2 2 2 2 2 2 2 2 2 2 2 2 2 2 2 2 2 2 2 2 2 2 2 2 2 2 2 2 2 2 2
left_child=6 2 -2 4 9 17 12 -8 11 10 -3 -7 22 -12 23 16 -16 -4 -6 20 -9 -13 -1 29 25 26 -25 -26 36 31 39 32 44 -34 -35 -33 38 -38 -29 -31 -41 42 -42 -43 -14 -46 -47 -48
right_child=1 3 5 -5 18 8 7 19 -10 -11 13 21 14 -15 15 -17 -18 -19 -20 -21 -22 -23 -24 24 27 -27 -28 28 -30 30 -32 35 33 34 -36 -37 37 -39 -40 40 41 43 -44 -45 45 46 47 -49
leaf_value=0.036572664721543705 -0.12275356582788775 0.092478785277761599 -0.055103365982863257 -0.086518652238759181 -0.12974581864826742 0.019341294205527902 -0.087498722466370762 -0.029245774777698973 -0.092477097192280824 0.066022371247287562 0.2259335647436333 -0.034420925400685101 -0.05105329115303156 0.75373730820295493 -0.12990746849314505 -0.14580273356512902 -0.0023904169910581082 -0.19404225080474874 0.085737285473637126 -0.059979467820200708 0.091564292079603857 0.02140927373689867 -0.094462049301905021 0.10721804109937501 -0.0089436962921507976 -0.0030735050456191068 0.018120927994054993 0.10139067788151904 0.0014108902981371956 -0.0011027681669527913 0.0069998894056411149 -0.10596739136550612 -0.051295715255981533 -0.029221675824761331 0.025218987068344606 0.002285312740086191 0.019948090476618035 0.15061852153853497 -0.045926766757678823 0.079077455715019951 -0.10178208149293101 -0.12764679607988072 -0.028894062369772773 0.021680941454726082 0.053266936913398052 0.046226142274380114 -0.12236514236738356 0.015138041651149296
leaf_weight=326.86411812857841 1183.0494623304694 121.38464565352479 2311.49336741148 537.88648622622713 316.5077148523269 4644.4580484387698 1807.8626086754666 551.26474108567345 817.77499481313862 2615.9601303252857 49.305612947122427 6263.0845284695024 485.16249995137332 32.417460885611945 352.99795241642278 658.62316867441405 5201.2441894667281 263.32898425214808 127.9888104184065 687.56478852467262 711.41357694301405 1738.3800234709634 949.04305864227354 1985.2035747691989 8307.5917805424833 1458.1569694839418 1392.6109330241161 405.51738226506859 2844.6079169255681 2077.2623095916497 11459.234178114741 383.89607387266005 1609.6778456239263 2537.4459695787373 6581.4086602177704 200568.59641811115 458.18123943265527 910.29164718417451 530.53056046087295 282.51590694674815 3111.0610531013663 263.10094654583372 1604.7760681612563 1254.3804552423535 7394.5634411007195 1100.3422695012996 464.25132236548234 467.79831921146251
leaf_count=2081 5425 6188 17064 2401 19059 19245 24546 10921 3665 34507 1511 23810 12419 1136 1279 4735 22863 2751 999 19380 9506 7897 14465 9340 33324 6758 6107 1470 9416 9995 51622 1473 7467 16184 50386 695294 1455 3225 1741 2382 12582 1385 7446 5692 55921 9673 2150 5660
internal_value=0 -0.0163584 -0.0284109 0.0381043 0.0588175 -0.0214135 0.00173126 -0.0401672 -0.0121611 0.0787746 0.239441 -0.00692086 0.00232207 0.447925 0.00262533 -0.0250404 -0.0106067 -0.0695767 -0.0665239 0.00347496 0.0384435 -0.0222277 -0.0604994 0.0032886 0.0179108 0.0483207 0.0706492 0.00694234 0.0326667 0.00217955 -0.0134289 0.0035943 0.018356 0.00076454 0.0100138 0.00207549 0.0710134 0.10728 0.017401 -0.0407274 -0.053281 -0.0593719 -0.077096 -0.00394724 0.037344 0.0419514 0.000529632 -0.0528738
internal_weight=0 21023 17221.6 3801.45 3263.56 16038.5 271185 3758.11 13463.7 2819.07 203.108 12645.9 267427 81.7231 266151 6212.87 5554.24 2574.82 444.497 1950.24 1262.68 8001.46 1275.91 259938 18292.7 4835.97 3377.81 13456.7 5149.13 241645 20052.3 221593 20640.7 10728.5 9118.85 200952 2304.52 1368.47 936.048 8593.1 6515.83 6233.32 4715.84 1517.48 9912.12 9426.96 2032.39 932.05
internal_count=1276001 145658 79857 65801 63400 74432 1130343 64353 54617 43342 8835 50952 1065990 2647 1049444 28877 24142 19815 20058 39807 20427 31707 16546 1020567 72836 22205 15447 50631 17307 947731 91104 856627 159860 74037 66570 696767 7891 4680 3211 39482 29487 27105 20028 7077 85823 73404 17483 7810
is_linear=0
shrinkage=0.5


Tree=88
num_leaves=49
num_cat=0
split_feature=1 0 6 6 10 16 16 0 5 0 11 11 3 1 1 14 10 6 3 5 10 11 14 12 3 3 0 0 7 6 16 0 12 14 4 1 1 7 16 3 16 5 3 11 4 16 5 6
split_gain=41.6982 71.8131 69.7756 97.4637 69.9881 65.8814 58.6027 55.4598 55.3594 52.4086 46.892 47.8929 46.7057 50.3467 45.61 45.3715 63.9638 49.8362 42.9725 37.338 41.6456 55.3043 32.5933 46.6996 37.9344 57.8897 47.3554 41.4054 40.62 33.2371 30.8534 28.392 73.7745 55.0614 66.0339 43.3009 64.931 72.6994 62.9194 42.3789 102.133 72.0047 77.1096 72.9679 63.8021 47.8506 74.5502 39.5167
threshold=0.11841195449233057 0.86988371610641491 0.030660805292427543 -0.020980328321456906 1.1571797132492068 -2.5124797821044917 -2.8308373689651485 0.43563422560691839 -0.0032831031130626793 0.68684169650077831 0.99425438046455394 1.151364326477051 -0.015156192239373921 0.11101743951439859 0.082200404256582274 5.5707862377166757 1.5541368126869204 0.002650306792929769 -0.00068379970616661001 0.0058248005807399758 0.22411211580038073 0.93616744875907909 1.5323348641395571 1.0013062357902529 1.0000000180025095e-35 0.023801027797162536 0.92987248301506054 0.92987248301506054 0.0074959343764930972 0.077551644295454039 -2.471586942672729 0.82310774922370922 0.77363595366477977 0.41700738668441778 0.0051525018643587836 0.12503442913293841 0.14257233589887622 0.0072399431373924026 -1.9105944633483884 -0.03091373015195131 0.53723964095115673 0.024297200143337253 -0.033752823248505585 0.51087844371795665 0.005634572822600604 -1.0704801082611082 -0.032393148168921464 0.0016672779456712308
decision_type=2 2 2 2 2 2 2 2 2 2 2 2 2 2 2 2 2 2 2 2 2 2 2 2 2 2 2 2 2 2 2 2 2 2 2 2 2 2 2 2 2 2 2 2 2 2 2 2
left_child=1 2 3 10 7 6 8 -4 -6 -7 14 -12 -3 22 -1 19 -17 -18 -10 20 -5 -22 -14 29 26 27 -25 -26 -27 -24 -31 -2 -33 34 -34 -35 37 -37 -39 40 41 42 43 -38 -43 -45 -47 -41
right_child=31 12 4 15 5 9 -8 -9 18 -11 11 -13 13 -15 -16 16 17 -19 -20 -21 21 -23 23 24 25 28 -28 -29 -30 30 -32 32 33 35 -36 36 39 38 -40 47 -42 44 -44 45 -46 46 -48 -49
leaf_value=-0.089992488298071896 -0.0043787029622544453 0.14693923490013711 0.22200606486027163 -0.070285517640759826 0.49816787598134343 0.23299280428527536 0.61682236429710413 -0.046884900860562226 0.29251083330802019 -0.055918449366313745 0.26611246838452357 0.084937588539562792 -0.32819382646711287 0.11655290750600414 0.10601095411045251 -0.29787982951958603 -0.16781302627581479 0.074250633536860428 -0.19581895321623716 -0.086878241831151531 -0.038955446778109887 0.16617904691561561 -0.45309086808204757 0.0044015842419657513 0.34458721530045938 -0.42934818155406407 -0.41609585115829956 -0.0085722674928300647 0.05694917723705379 0.23390038687434184 -0.33401129556726145 -0.094774281127593854 0.23960230370367003 -0.2036967335694021 -0.024697902154305309 0.22697737385088634 0.21578855627854754 -0.2684591017935738 0.16149225917615748 0.024367838001277575 -0.28692051658674117 0.32254276970410078 0.25872595098309453 0.068815859431077195 0.034112758547805919 0.11228170863555549 -0.16108374513600937 -0.0056821489291597731
leaf_weight=522.00064458732959 188852.80907379623 221.42467989725992 267.10303836944513 556.43005248508416 115.40862985848798 374.9374579496216 153.0556630606734 667.55980364663992 90.424644385435386 264.97329502791399 584.34828197024763 1005.3941555323545 194.46796426401124 224.426586880174 682.43182045593858 323.69808314059628 390.41876388993114 461.64841782354051 87.021137121584616 738.160987283336 513.91564347362146 892.0235770404106 139.07361293397844 137.66684146747866 159.22983308119001 88.248285340756411 125.18506056162005 166.5276706883742 79.301801825989969 44.123134465771727 49.069454162323382 1683.7819291133419 565.67646172901004 236.34720771909633 399.65014792956936 694.51657907370827 357.96212000800006 170.64250667202577 166.63868956101942 16129.515331707502 200.46535697713261 491.8221954148903 350.14010260050418 777.37839401430392 321.04459582702839 336.81213830335764 936.39874216394674 33958.287236438598
leaf_count=1587 744629 1520 790 1882 557 924 603 4007 596 1502 1019 2095 1491 1392 1478 1543 1215 1654 1453 2099 1445 1856 1003 1879 845 788 3625 1474 1375 1481 1090 17231 3410 1877 2888 2429 1370 1867 1337 86539 4114 1875 1332 2720 1440 1469 5401 347805
internal_value=0 0.0310298 0.0491193 0.0243615 0.130555 0.216908 0.364777 0.0295781 0.229697 0.11268 0.0955698 0.151973 -0.0651593 -0.0989661 0.0206442 -0.0268505 -0.108819 -0.036144 0.0504719 0.00867907 0.0449043 0.0908661 -0.140342 -0.102583 -0.0414221 0.039513 -0.194786 0.163048 -0.197244 -0.298524 -0.0601899 -0.00140967 0.0082863 0.0113905 0.129751 0.00930652 0.0102365 0.13445 -0.0547079 0.00784514 0.0589558 0.0785841 0.0397886 0.00765915 0.209423 -0.0285168 -0.0883445 0.003985
internal_weight=0 10319.7 8690.95 6670.47 2020.48 1085.82 445.91 934.663 292.854 639.911 2794.17 1589.74 1628.74 1407.32 1204.43 3876.3 1175.77 852.067 177.446 2700.53 1962.37 1405.94 1182.89 988.426 756.159 493.308 262.852 325.758 167.55 232.266 93.1926 246630 57777.1 56093.3 965.327 55128 54891.6 1031.8 337.281 53859.8 3772.02 3571.56 2758.69 2408.55 812.867 2050.59 1273.21 50087.8
internal_count=1276001 46268 28305 17873 10432 5635 3209 4797 2606 2426 6179 3114 17963 16443 3065 11694 4412 2869 2049 7282 5183 3301 15051 13560 9986 4482 5504 2319 2163 3574 2571 1229733 485104 467873 6298 461575 459698 5633 3204 454065 19721 15607 12292 10960 3315 9590 6870 434344
is_linear=0
shrinkage=0.5


Tree=89
num_leaves=49
num_cat=0
split_feature=9 3 0 1 10 3 11 7 11 6 7 6 1 11 1 6 6 2 7 7 2 0 9 5 9 10 4 10 1 2 2 5 1 10 5 10 0 7 0 1 7 4 3 0 10 10 1 1
split_gain=17.7547 15.9573 14.2396 16.8718 15.3296 17.3275 14.3392 26.6714 18.0358 37.708 20.3606 20.0859 23.7062 25.9025 17.4764 17.6762 26.3913 23.5797 19.4946 38.998 20.7789 22.9382 23.7241 20.2333 17.6894 18.8694 17.3503 17.7021 19.9298 17.2151 16.4861 16.4103 21.9658 20.1682 18.5973 17.8813 16.9239 15.9591 24.2375 15.5718 15.1753 14.6766 14.6485 15.8813 14.6272 16.2942 16.2229 14.4586
threshold=-0.0071501992642879477 0.069419685751199736 0.98580691218376171 0.22704500705003741 -0.44484747946262354 -1.0000000180025095e-35 1.0731943249702456 -0.0024287187261506911 0.48614172637462622 -0.025781318545341488 -0.044104686006903641 -0.028179223649203774 0.35065633058547979 0.46628582477569586 1.0000000180025095e-35 -0.0075530644971877328 0.0013345545739866795 -0.24383164197206494 0.0074959343764930972 -0.0064009788911789647 -0.056613581255078309 0.34272913634777075 -0.0021193944849073883 0.0050036942120641479 0.0017566684982739391 0.13055027276277545 -0.00090762489708140482 0.17764523625373843 0.32547044754028326 0.0056462020147591838 -0.010577526409178971 -0.078518770635128007 0.31266595423221594 2.0364841222763066 -0.011911267414689062 -1.1701458096504209 0.87448132038116466 0.066533911973238005 0.66923505067825328 0.25183208286762243 0.0033291357103735213 -0.066402480006217943 -0.024679656140506264 0.45365129411220556 -1.0713317990303037 0.73062604665756237 0.51638460159301769 0.38814391195774084
decision_type=2 2 2 2 2 2 2 2 2 2 2 2 2 2 2 2 2 2 2 2 2 2 2 2 2 2 2 2 2 2 2 2 2 2 2 2 2 2 2 2 2 2 2 2 2 2 2 2
left_child=1 -1 6 4 -4 -6 8 31 9 11 -11 12 13 -2 -10 17 18 -16 19 44 21 -21 -23 -24 29 -26 27 40 -29 -22 -28 -8 33 34 42 -36 -37 -18 -39 -12 41 -9 -33 -44 -17 46 -46 -19
right_child=2 -3 3 -5 5 -7 7 26 14 10 39 -13 -14 -15 15 16 37 47 -20 20 24 22 23 -25 25 -27 30 28 -30 -31 -32 32 -34 -35 35 36 -38 38 -40 -41 -42 -43 43 -45 45 -47 -48 -49
leaf_value=-0.11991289591698372 -0.051605563912347656 -0.019357545940863478 0.1961445527566362 0.011393444076705408 -0.074747755774885474 0.082561500566824791 -0.045474319782901687 -0.10477734777160856 0.10296774426075851 -0.06875785281725634 0.034602306561406303 -0.15944146394806058 0.0021787651724093364 -0.20083827116895656 -0.091916162047224498 0.086680544045231789 0.0056768698061555991 0.0055343821967611334 0.015666719244368549 -0.18236826123440389 0.019849169619192 -0.19495420573626726 -0.087689623183044976 0.046689688241480107 -0.17905128651442415 -0.040730614221198384 -0.037334005705056184 -0.039544586100814468 -0.0010420440868120157 -0.043590547296902794 -0.011564200036811783 -0.097028091534642313 0.015065396960166288 -0.070740929588371762 0.098527598769436425 -0.0077123593170985282 0.057719456279015827 -0.093795934294358813 -0.0053041334896378519 -0.0040143592613178184 0.024069091601513389 -0.0018624768218157082 -0.067943078413624292 0.0082902165342371124 -0.040929666285035436 0.02134436952421187 0.052410140107966761 0.022703067425248621
leaf_weight=540.01798814274662 1600.1905865655281 1523.0433028461848 214.52605220768601 8407.5571075775406 220.53243248116632 792.95431675748478 1571.8006894694481 443.66260913037695 447.8599229385436 1063.2185273230571 3120.5924744543736 412.8804099127301 1612.7762756554876 360.04022737004561 539.98241618071916 468.24550389265642 83465.010140670362 28616.80499444918 3742.4040726698004 540.85601910261903 1659.5294446420303 264.07693471841048 629.00069566149614 498.5108326804766 396.4695201497525 686.00017274601851 10362.452001995865 5061.6920505566595 10082.799789195422 2963.2564074280672 15681.559076811765 712.6416444266215 25308.70777415928 1254.2974251629785 538.0863899840042 5576.920298424433 1198.7057095719501 992.11721077217953 3569.6844696512562 15886.749695209161 7465.8378556678072 1616.1514629405028 1022.1084807652514 2029.1469831894501 3169.0143571244553 3232.3206586985762 540.46887008612975 21592.747566668084
leaf_count=1931 5344 12937 894 53174 1224 7364 8569 1568 4629 4502 15269 1313 6156 927 3051 1658 334852 90743 13316 1329 5677 1031 2156 2413 1003 2411 57925 39449 72809 9864 90376 2488 127932 20930 1821 23587 6147 3559 22203 67496 27805 5542 3914 9051 8627 12785 1844 74406
internal_value=0 -0.0459661 0.000575396 0.0194642 0.074259 0.0477986 -9.19731e-05 -0.00525938 0.00245753 -0.0102901 -0.00144175 -0.054708 -0.0424244 -0.0793589 0.00440147 0.00411749 0.000462289 0.0118009 -0.0165426 -0.0245869 -0.0496577 -0.0946072 -0.0600324 -0.0278442 -0.0343312 -0.0919725 -0.0128336 -0.0033072 -0.0139454 -0.0207089 -0.0218378 0.00452381 0.00662607 -0.0106532 -0.00379865 0.010847 0.0037965 0.00409798 -0.0246756 0.00230084 0.0135533 -0.024312 -0.032385 -0.0170965 0.00118991 -0.00451633 -0.0271849 0.0129281
internal_weight=0 2063.06 281633 9635.57 1228.01 1013.49 271997 89926.6 182071 24056.4 20070.6 3985.89 3573.01 1960.23 158014 157567 106817 50749.5 18790.2 15047.7 7637.7 1932.44 1391.59 1127.51 5705.26 1082.47 50714.2 24670.1 15144.5 4622.79 26044 39212.4 37640.6 12331.9 11077.6 7313.71 6775.63 88026.8 4561.8 19007.3 9525.65 2059.81 3763.9 3051.26 7410.05 6941.8 3709.48 50209.6
internal_count=1276001 14868 1261133 62656 9482 8588 1198477 499913 698564 101007 87267 13740 12427 6271 597557 592928 424728 168200 64114 50798 25884 6929 5600 4569 18955 3414 295474 147173 112258 15541 148301 204439 195870 67938 47008 31555 29734 360614 25762 82765 34915 7110 15453 12965 24914 23256 10471 165149
is_linear=0
shrinkage=0.5


Tree=90
num_leaves=49
num_cat=0
split_feature=12 11 8 12 11 11 12 11 0 13 11 13 7 4 3 16 7 13 8 8 11 3 0 16 12 11 16 13 10 5 5 16 3 8 0 5 16 5 4 11 10 12 11 4 12 16 12 10
split_gain=32.206 46.4881 36.5597 35.7212 87.6626 41.6931 89.069 36.2752 34.0072 51.8941 46.6933 40.2127 39.9377 39.0695 36.5041 57.872 34.4516 34.5327 86.4642 43.14 42.8957 36.641 46.7131 34.1802 32.7031 32.396 33.2167 36.2703 31.9252 31.4969 30.5689 28.904 28.6648 32.3178 28.886 28.2628 28.2321 28.1186 36.0232 27.4868 27.345 27.2653 27.2499 26.9091 34.939 28.5143 25.3439 48.4512
threshold=1.3739988803863528 1.1542854905128481 0.27697925269603735 1.5486806035041811 0.97363024950027477 0.57972732186317455 1.6723495721817019 0.53975582122802745 0.947210192680359 -0.63247376680374134 1.1946251392364504 -0.50052464008331288 0.0053219578694552192 -0.037642411887645714 0.13379610329866412 -1.3793957233428953 -0.01361316069960594 -0.76746317744255055 0.097211360931396498 -0.03080873470753431 1.3540780544281008 0.10488036274909975 0.78337788581848156 -2.6398479938507076 0.76366382837295543 1.1052771210670473 -3.1934465169906612 0.19560264796018603 0.8793562948703767 0.046167705208063133 -0.07353507354855536 -0.96861988306045521 0.067152541130781188 0.074508219957351698 0.44180493056774145 -0.019668991677463051 -1.6978710889816282 -0.013764386996626852 0.12038331106305124 0.81145352125167858 1.1416860818862917 1.3923946022987368 0.61756798624992382 0.0047044476959854373 1.0597771406173708 -2.3612127304077144 1.0048061609268191 0.79091331362724315
decision_type=2 2 2 2 2 2 2 2 2 2 2 2 2 2 2 2 2 2 2 2 2 2 2 2 2 2 2 2 2 2 2 2 2 2 2 2 2 2 2 2 2 2 2 2 2 2 2 2
left_child=2 3 8 7 5 6 31 -2 11 10 -10 16 35 -13 15 43 -1 19 21 20 -18 22 32 -24 -15 42 27 28 -27 -25 -8 -5 33 34 36 -11 -19 38 -21 -20 -28 -3 -26 45 -45 -12 -17 -48
right_child=1 41 -4 4 -6 -7 30 -9 9 12 14 13 -14 24 -16 46 17 18 39 37 -22 -23 23 29 25 26 40 -29 -30 -31 -32 -33 -34 -35 -36 -37 -38 -39 -40 -41 -42 -43 -44 44 -46 -47 47 -49
leaf_value=0.032000064261388537 0.0089114667732822905 -0.072799164486615345 0.11717490895260826 -0.12184897974592507 -0.41138988958934491 0.02089377814394959 -0.15017205336892256 -0.039747233884918597 -0.0095116662168680047 -0.093021512392739314 0.22012705574374353 0.028193521244389518 0.059545253136154226 0.075500955622911994 -0.028588339684149623 -0.088372178796561868 0.02299486955032512 0.038253558013083534 0.012481905384907208 0.0041080943502829004 0.21732126414842828 -0.030489557025124993 0.20290378155539918 0.04231792984381038 0.0066724268332856804 -0.10038988913496877 0.012964814559945918 0.1671398636949768 0.09733762957860731 0.1923022963333294 0.049461492336295272 -0.035044060983393389 -0.069713900919739585 0.16099528669067284 0.038745231019118163 0.0095146788340822273 -0.050614496471800448 -0.022866482385400014 0.16797744639008658 0.28064274750136553 -0.031358018757868977 -0.42990224786096903 -0.052726207917243195 -0.19196189845405082 0.085422295128219417 -0.020899584368510173 -0.060165993886557009 -0.28893257183606014
leaf_weight=18154.451819538466 5198.1132493141486 120.39232291927328 701.35205007606419 1864.2819053614512 125.98673149576643 14163.91733023402 203.15362778701819 14389.274061813601 10136.972777985444 887.76560602211975 192.22898681339575 6164.1723520628002 3455.8461052489438 943.5509448344892 3199.7299207612523 726.49134509265423 7915.7458929836284 1373.9529126482084 128.51024471910205 10134.095990608934 294.4278788214724 3129.3374496283941 444.57545667840168 3757.6776339897333 2461.9830923526315 392.01143229939044 6284.0893233098541 563.98205946944654 423.58515037293546 388.2115808960516 2934.2099860498274 2019.747845026257 1012.8115487365867 382.70757934532594 4752.6970418067067 2730.7280965697864 2532.8689784781382 18302.816333084142 346.23378791799769 424.0530975710135 7766.5926197522203 102.16078607201052 8709.9198296404211 323.51071732671699 170.96582026855322 327.15396402962506 357.71491102068103 691.77776457637083
leaf_count=94402 41314 1214 11556 12282 2450 113711 1086 131165 61174 7050 2180 68534 22807 12895 28017 3697 37853 4701 884 52183 1659 14656 1726 20261 30363 973 80755 1905 1434 2011 19674 25691 5275 1524 28331 19132 24727 96909 1996 3690 63520 1813 106586 1813 1247 2188 1681 3306
internal_value=0 -0.0126498 0.00338771 -0.0113937 0.00275153 0.00525728 -0.0262127 -0.0268088 0.00277091 -0.0145782 -0.0302525 0.00653101 0.0210811 -0.00775755 -0.0652641 -0.107124 0.0130933 0.00687924 0.0246287 -0.00190119 0.0300502 0.0185364 0.0290474 0.070852 -0.0158216 -0.0190822 -0.0041984 0.0697568 0.00168227 0.0565257 0.0363316 -0.0768586 0.00990726 0.0188876 0.0125315 -0.0155223 -0.0192316 -0.0110332 0.00958498 0.219315 -0.0114998 -0.24015 -0.0395922 -0.01126 -0.095068 0.0675976 -0.161531 -0.211566
internal_weight=0 41121.2 131087 40898.7 21311.3 21185.3 7021.39 19587.4 130386 23200.9 16126.5 107185 7074.34 33709.9 5989.57 2789.84 73475.2 55320.7 18327.4 36993.3 8210.17 17774.8 14645.5 4590.46 27545.7 26602.2 15430.3 1379.58 815.597 4145.89 3137.36 3884.03 10055 9042.23 8659.52 3618.49 3906.82 28783.1 10480.3 552.563 14050.7 222.553 11171.9 1013.86 494.477 519.383 1775.98 1049.49
internal_count=1276001 350400 925601 347373 174894 172444 58733 172479 914045 154292 105303 759753 48989 366965 44129 16112 392788 298386 107786 190600 39512 103212 88556 23998 298431 285536 148587 4312 2407 22272 20760 37973 64558 59283 57759 26182 29428 151088 54179 4574 144275 3027 136949 7428 3060 4368 8684 4987
is_linear=0
shrinkage=0.5


Tree=91
num_leaves=49
num_cat=0
split_feature=6 2 12 11 13 12 1 2 0 3 6 13 3 0 6 11 6 13 13 9 2 0 1 11 6 6 1 4 9 2 4 15 13 1 5 11 2 6 4 2 5 2 6 1 11 13 0 2
split_gain=26.526 22.3043 17.9381 30.1177 19.1325 16.2758 13.9151 15.8953 13.8504 56.9695 45.285 40.5047 44.3774 31.1643 30.1196 23.3693 21.5936 21.4315 20.9784 20.8876 19.9947 22.3388 19.6339 19.4593 23.1768 19.5404 19.0945 18.133 30.5542 21.1019 22 20.359 17.3109 18.2242 25.0491 17.1933 16.2636 16.2069 15.9535 24.7825 18.7246 23.2434 23.2024 23.1587 36.0648 19.1589 21.0276 18.9414
threshold=0.2711577713489533 -0.26310312747955317 1.6904397606849673 0.67909875512123119 -0.25016865134239191 0.6849467158317567 0.4709393978118897 -0.38654886186122889 0.33629450201988226 -0.022198569029569622 -0.035798510536551469 -0.61295711994171131 0.0050350488163530835 0.0071430709213018426 0.022062582895159725 0.36836244165897375 -0.0059506208635866633 0.83738607168197643 -0.40149220824241633 3.9717666368233047e-05 0.009472804609686138 0.20180862396955493 0.29443933069705969 1.3099997043609621 0.027902281843125824 0.002012593788094819 0.16145215928554538 -0.069241829216480241 0.0007520180952269585 -0.18407724797725675 -0.11874548345804213 5.2161424160003671 0.48060245811939245 0.53315183520317089 0.0093996138311922568 1.2976737022399905 0.025990789756178859 -0.05866498872637748 0.0075397477485239514 -0.20069228112697599 -0.021213449537754055 -0.047595040872693055 -0.026603588834404942 0.32698012888431555 1.1862304806709292 0.15404919534921649 0.51076170802116405 0.20821332186460498
decision_type=2 2 2 2 2 2 2 2 2 2 2 2 2 2 2 2 2 2 2 2 2 2 2 2 2 2 2 2 2 2 2 2 2 2 2 2 2 2 2 2 2 2 2 2 2 2 2 2
left_child=1 6 5 4 -4 -3 -1 -8 9 10 18 12 14 -13 -11 19 -14 23 -7 -15 21 -19 -18 35 25 36 -17 28 29 31 -31 -10 33 34 -28 -12 -25 -34 -29 -40 41 42 -41 44 45 46 -44 -42
right_child=-2 2 3 -5 -6 8 7 -9 27 11 17 13 16 15 -16 26 22 20 -20 -21 -22 -23 -24 24 -26 -27 32 38 -30 30 -32 -33 37 -35 -36 -37 -38 -39 39 40 47 -43 43 -45 -46 -47 -48 -49
leaf_value=-0.16353815857874426 -0.12699652477627785 -0.042541504806143722 -0.059931539812163329 -0.2319590209274652 0.019987922011891413 -0.082368271765599632 -0.21848332985694485 -0.0083873446981270802 0.13771448518333063 -0.015058117244102968 -0.0017505622081498144 -0.091297147028055442 0.047219797820933357 0.026314756831367445 0.098359360631139606 -0.030988593611693337 0.18989767697875654 0.17460813448043122 -0.016069140603200617 0.18819588707583113 -0.020334897553729987 0.009894955905041438 0.084221238054872319 -0.069364358525313891 0.067581463358127647 -0.12803117777754786 0.038389427300298991 0.0049102139273749408 0.0042189008013420685 -0.12251419946128579 -0.036150962169459476 -0.096059074794640764 0.093707962431073599 -0.026585755430937486 0.0037208610020799072 0.093685347314026141 0.054148505072524632 -0.017058786182740246 -0.10337074920272797 -0.06794288015252839 -0.0014086900733367362 -0.026078814370308553 0.11075240544494487 0.038129629216226285 0.083821905284839279 -0.20167949676898461 -0.070612399709109597 0.033365594380939584
leaf_weight=295.85861170303542 408.78857165260706 2129.4727117198054 1681.5400358438783 185.46879387047375 1336.4312302458857 2739.2744257965824 103.11009621089033 712.85072836345353 305.01369445312594 3254.7499888626626 22142.711846238293 733.98907994455658 3515.3228244499187 479.07122967392206 712.08253517851699 2536.2078522262163 574.67486535129137 500.26065460126847 2152.6942761540413 351.47228701040149 479.11428666021675 360.89353032596409 2064.0671883088071 774.78079125855584 365.22742765769362 820.78892836440355 12869.28648018511 101275.40916930597 8105.6852172248182 841.80456239622436 6338.1310882927501 130.52928728221741 349.62877568788826 1903.0088508153567 8811.8703280228656 481.17459910479374 401.02412232011557 5439.8186128186062 624.4207586759585 887.17676914937329 65014.082820854048 16382.89848812217 186.26191251631826 4482.0560547440691 534.2988980585651 226.49505694396794 1034.2044531158754 4165.2788025609334
leaf_count=12984 14528 9772 11480 2788 5004 10461 13889 22836 8002 11744 73821 2013 12808 1535 2882 7293 2317 1770 6210 1203 1436 1134 7631 2030 1384 2155 38936 423188 47575 8479 34279 3966 1204 6659 26251 1405 1184 16673 7409 3895 276402 65213 937 25435 4393 521 8139 22748
internal_value=0 0.000302901 0.000575083 -0.0366235 -0.0243807 0.000991464 -0.0703451 -0.0357834 0.00131824 0.0071625 -0.0091315 0.0188418 0.0465718 0.0104416 0.005195 0.0127405 0.0731563 -0.000902351 -0.053305 0.0955654 0.0606456 0.106251 0.107488 -0.00422618 -0.0474039 -0.0687112 0.0105661 -0.000756168 -0.0170913 -0.0398364 -0.0463618 0.0664492 0.014172 0.020193 0.024323 0.000261162 -0.0268035 -0.0102681 0.000559573 -0.00414565 -0.00347232 -0.0155913 0.00771572 0.0181871 -0.0266715 -0.0678469 -0.042456 0.000678289
internal_weight=0 291792 290680 3203.44 3017.97 287476 1111.82 815.961 285347 74813.2 31217.9 43595.3 10120.9 33474.4 3966.83 32740.4 6154.06 26326 4891.97 830.544 1340.27 861.154 2638.74 24985.7 2361.82 1996.59 31909.8 210534 15721.2 7615.48 7179.94 435.543 29373.6 23584.2 21681.2 22623.9 1175.8 5789.45 194813 93537.2 92912.8 23733.4 7350.49 6463.32 1981.26 1446.96 1220.47 69179.4
internal_count=1276001 1261473 1211764 19272 16484 1192492 49709 36725 1182720 242139 102990 139149 37382 101767 14626 99754 22756 86319 16671 2738 4340 2904 9948 81979 6753 5369 97016 940581 102301 54726 42758 11968 89723 71846 65187 75226 3214 17877 838280 415092 407683 108533 43320 39425 13990 9597 9076 299150
is_linear=0
shrinkage=0.5


Tree=92
num_leaves=49
num_cat=0
split_feature=15 9 16 15 3 6 5 16 0 8 6 8 0 5 3 15 8 4 9 7 12 6 10 3 9 6 6 3 6 10 15 5 15 9 7 15 0 10 16 9 16 3 9 10 6 0 8 16
split_gain=32.8175 46.8206 48.1161 209.822 169.027 49.6199 54.2377 39.9974 51.0468 61.5659 65.0511 35.3111 68.882 67.4595 84.9334 70.2217 71.4106 58.159 60.335 59.102 74.1668 69.7243 82.4063 69.4173 64.5371 57.9603 70.0453 55.7998 55.6388 78.8086 53.929 67.8473 61.8696 97.1477 53.6565 56.6879 51.2621 49.4796 56.7987 67.1551 68.9858 106.668 88.5345 49.3974 48.6714 66.6807 48.0989 103.192
threshold=5.015864610671998 -0.0016142631066031752 0.24691640585660937 5.0046255588531503 -0.0066963401623070231 -0.0067552628461271516 -0.013309554196894167 -2.3612127304077144 0.21511088311672213 -0.029527684673666951 0.047274596989154823 -0.014228141866624354 0.76011651754379284 0.039723480120301254 0.025859652087092403 5.1577219963073739 -0.038818227127194398 -0.079809680581092821 -0.00090611816267482926 -0.0052349229808896771 1.0349325537681582 0.041002873331308372 -0.19623262435197827 0.043811058625578887 0.00070863799192011367 0.050796266645193107 0.016168615780770782 -0.026428085751831528 -0.0027497153496369715 3.1729606389999394 5.2035303115844735 0.11953289434313775 5.2351479530334482 -1.3178634162613888e-05 -0.0014269616222009061 5.1513714790344247 0.96708819270133983 0.081195861101150527 -1.6753014326095579 2.5754636226338338e-05 0.12162919342517854 0.1194460801780224 0.0009186878742184491 2.1160582304000859 0.046449072659015662 0.83394625782966625 0.0055981534533202657 0.17713376134634021
decision_type=2 2 2 2 2 2 2 2 2 2 2 2 2 2 2 2 2 2 2 2 2 2 2 2 2 2 2 2 2 2 2 2 2 2 2 2 2 2 2 2 2 2 2 2 2 2 2 2
left_child=1 -1 5 4 -4 6 -3 -7 -9 -10 -11 12 -2 17 15 16 -15 18 -14 21 34 22 -19 -23 25 26 -22 -26 29 -16 37 -32 33 -33 -21 -36 44 -30 43 -40 42 -42 -41 -39 -29 -46 47 -13
right_child=11 2 3 -5 -6 7 -8 8 9 10 -12 46 13 14 28 -17 -18 19 -20 20 24 23 -24 -25 27 -27 -28 36 30 -31 31 32 -34 -35 35 -37 -38 38 39 40 41 -43 -44 -45 45 -47 -48 -49
leaf_value=-0.28541531101354101 -0.00055491545830036783 0.0067463162974774789 3.0581157280599487 -0.2126908683427445 0.21915034045526863 0.17508353173965652 -0.30656017050836371 0.20399289768386455 -0.33683305600020119 0.069312750071649568 -0.33046233230212796 -0.0074661104744973431 0.38159085966248724 0.17823432603254527 0.07219399968390712 0.13603180997695311 0.72334549063054243 0.19265434507558701 0.073355729978095252 0.079189078577837677 -0.00061287280209853601 0.029440014435805514 0.041571810324882705 -0.18533765169284638 -0.15067872490697715 0.074997933824236335 -0.1369829375952078 0.11767795298461502 -0.36697426334194694 0.40311234191132944 0.10204038021625282 -0.4184289111218023 -0.29238440621169759 0.61960433835521078 -0.26557016340307754 -0.072409185924572989 0.29477858897847636 0.3286163798076514 -0.31465236833482929 0.32125655661320524 -0.34768506177801162 1.2123232444939311 -0.33274589039303815 -0.11471657716339136 0.20477933169580606 -0.29275079981573648 0.0021770763687350265 -0.071645423096242986
leaf_weight=211.56329199314496 57907.426315914607 232.37076924485154 9.85234632548236 46.973533460553881 11.265660123885025 264.40611000685021 328.73798657389125 169.00853878503403 199.93687747180229 470.92139384888287 128.56537110033605 49321.745522898418 198.03182108837063 132.14417092414806 885.56385644893453 945.7007602439262 115.65977300074883 1091.5404081963643 824.18962325469329 439.13606841834553 3052.2572726290418 1028.8871385688835 5295.2234941579009 589.24085109532462 219.59336411814002 1361.4930361099687 1365.5591786685618 1304.523602164234 137.46649732983133 227.02694705179601 1504.8372632537212 36.860260974135599 225.95441726418358 53.823237641729065 473.31473280747741 1990.9473746676231 326.6400546356017 154.27251808290021 262.17791446860065 84.188121212311671 16.754196953377686 26.965387490825378 129.79510198066419 102.71880465430149 104.70796442210849 181.5982998751424 115218.13792815931 7178.2287135703227
leaf_count=7916 207881 1734 590 5111 1544 1510 3320 1160 2927 5905 3863 173525 2072 1135 5644 2778 1261 5517 6686 1872 11912 6088 20575 6695 1197 14280 7645 5813 4844 1794 8757 1318 3481 1134 7134 9575 2118 1453 10132 1241 712 1918 4166 2307 737 2923 592236 99865
internal_value=0 -0.0627332 -0.0370243 0.371568 1.64462 -0.0530098 -0.176141 0.00272344 -0.0439515 -0.0971841 -0.0159975 0.000408332 0.00889153 0.0308893 0.082557 0.19916 0.436553 0.0177349 0.133872 0.0113951 -0.0126666 0.0439779 0.0674972 -0.0485286 0.0123504 -0.0150307 -0.0428998 0.086604 0.0462227 0.140469 0.00767488 0.0575729 -0.151843 0.192258 -0.0810306 -0.109805 0.114103 -0.0911362 -0.0412752 -0.136756 0.0428133 0.60891 -0.0728163 0.149721 0.0765298 -0.108974 -0.00367907 -0.01563
internal_weight=0 2073.6 1862.04 68.0915 21.118 1793.95 561.109 1232.84 968.432 799.424 599.487 254514 82796.2 24888.8 5041.91 1193.5 247.804 19846.9 1022.22 18824.7 10819.8 8004.89 6386.76 1618.13 7916.37 5779.31 4417.82 2137.06 3848.4 1112.59 2735.81 1821.48 316.638 90.6835 2903.4 2464.26 1917.47 914.339 776.872 519.881 257.703 43.7196 213.983 256.991 1590.83 286.306 171718 56500
internal_count=1276001 35580 27664 7245 2134 20419 5054 15365 13855 12695 9768 1240421 374795 166914 54075 5174 2396 112839 8758 104081 65206 38875 26092 12783 46625 33837 19557 12788 48901 7438 41463 14690 5933 2452 18581 16709 11591 26773 21929 18169 8037 2630 5407 3760 9473 3660 865626 273390
is_linear=0
shrinkage=0.5


Tree=93
num_leaves=49
num_cat=0
split_feature=13 7 15 8 6 11 15 8 8 15 3 13 12 15 12 6 8 8 13 0 8 11 12 11 8 12 11 11 10 11 12 11 12 15 0 13 11 10 9 0 5 12 11 11 12 12 12 11
split_gain=17.6769 25.7001 24.9622 23.5785 18.5188 17.106 16.3062 16.0171 15.9773 34.3965 32.5908 34.4586 29.5264 26.7247 64.0283 33.3105 25.2654 23.4173 25.4225 35.8994 32.2551 40.8246 19.9453 24.2663 18.8378 18.616 470.117 43.7899 26.5288 22.7404 176.743 19.9868 38.2407 18.686 18.4725 18.2368 18.6621 17.7295 18.0459 30.6252 26.054 16.8897 90.8725 34.6025 138.559 93.996 79.0732 92.8688
threshold=-0.96898314356803883 -0.032876806333661072 5.2389767169952401 0.04941226355731488 -0.0847959630191326 0.84736987948417675 5.2746751308441171 0.048272084444761283 -0.016921984031796452 5.2642586231231698 -0.058239443227648728 -0.34774318337440485 1.3739988803863528 5.2634766101837167 1.5486806035041811 -0.0079886727035045606 -0.021886510774493214 -0.081459458917379365 -0.48534309864044184 0.86279895901680004 -0.030164145864546296 0.99840059876441967 1.7221525311470034 0.55113649368286144 -0.036483960226178162 1.6022533774375918 0.8897436559200288 0.37917630374431616 2.9071198701858525 0.80229651927948009 1.6364470124244692 0.59084966778755199 1.6583425998687746 5.2589197158813485 0.83126214146614086 -0.34774318337440485 0.78421181440353405 6.3633384704589853 -0.0035174489021301265 0.53791645169258129 -0.065728805959224687 1.3635034561157229 1.1662922501564028 0.8897436559200288 1.4813809394836428 1.5853167772293093 1.4630033373832705 0.80229651927948009
decision_type=2 2 2 2 2 2 2 2 2 2 2 2 2 2 2 2 2 2 2 2 2 2 2 2 2 2 2 2 2 2 2 2 2 2 2 2 2 2 2 2 2 2 2 2 2 2 2 2
left_child=1 2 7 5 -3 -4 -6 -1 13 22 11 12 -11 -2 16 -16 17 -15 19 20 21 -19 25 -24 -17 37 27 -27 29 33 -31 32 -30 -29 35 -20 -37 38 39 40 -10 -40 43 46 -45 -46 47 -43
right_child=8 4 3 -5 6 -7 -8 -9 9 10 -12 -13 -14 14 15 24 -18 18 34 -21 -22 -23 23 -25 -26 26 -28 28 31 30 -32 -33 -34 -35 -36 36 -38 -39 41 -41 -42 42 -44 44 45 -47 -48 -49
leaf_value=0.0035756852187439057 -0.010333606861512232 0.12748801066587614 0.27682603078928653 -0.0072902679804786232 0 0.10612913520691454 0.063456848909189914 0.1297081356475088 -0.21634982374520817 0.023433933901024238 -0.022351135762851585 -0.047708027641640206 0.14535795962872469 0.13838928835007899 0.020256584477687863 0.2638180326865755 -0.062729867701771094 0.31348001602199532 -0.11764716188790868 -0.055687886171582407 0.024241594095532563 0.048761992572159907 0.017649595484866477 0.29887205212538265 0.11197413242143044 0.15598823902992731 0.56666999165545018 -0.036567508036919202 0.31583271524494666 -0.073769473669217017 0.3619805887342139 -0.012103319158423128 0.0019302836846125232 -0.12336988556117764 0.054128497441998803 0.061546468543482613 -0.04401992007258599 -0.068810885949355832 0.0039484087320010002 0.00203690272254984 -0.048907014225017718 -0.029720358425180251 0.29780311347579813 0.037850611054114462 -0.088957149042834027 0.20396232157275801 0.050595764145034833 0.098294311913038834
leaf_weight=1407.1060560323094 69645.678535699815 313.30715522739047 271.8588108093827 217.84132318178308 13636.636931687019 353.0804944280535 1093.4106489873884 308.0056652900239 275.6149877886055 1436.2666245687069 22424.509104686025 943.53653792850673 768.79320460360032 355.0561366439797 569.30160511273425 367.8978917619097 1315.9089886520451 301.75489321025088 567.78410211554728 523.41101600468392 682.91875213390449 291.43806865061197 205.25976860968512 125.72398957330734 504.46412116207648 323.76825747004477 341.66853418992832 12215.170191233046 170.04118779761484 988.12027321336791 303.04682653583586 503.87427458507591 231.73348960280418 658.44597581599373 678.20552286319435 560.14784299442545 1624.8240050236927 794.32325681281509 103224.94467867757 4519.0549652531336 1568.0821900599985 8365.568226946838 284.14851474406896 6941.8539069579274 4651.6117340776836 289.1295621037716 13401.464738710958 1703.8430276627187
leaf_count=8316 295007 1227 1187 1860 97498 1880 6878 2925 934 3967 78489 2666 1960 1044 1199 1191 3504 958 1051 2479 1725 1114 1390 1657 1398 1436 1568 42616 1388 3332 1568 6367 3353 1540 1748 1447 4261 44341 471011 26347 5775 32492 1625 25083 17279 1114 50799 6007
internal_value=0 0.0152519 0.061602 0.132164 0.00733401 0.181507 0.00473591 0.0265807 -0.00110931 0.00138823 -0.0156495 0.0319134 0.066216 -0.00712534 0.0195944 0.115393 -0.000358597 0.0142547 0.00570774 0.0538974 0.0992448 0.184565 0.00407951 0.126556 0.176812 0.00382503 -0.0125044 -0.0254274 -0.0293681 -0.0346948 0.0283184 0.0533382 0.136477 -0.0410553 -0.0194301 -0.0377476 -0.016712 0.00558827 0.00599911 -0.0200161 -0.0743129 0.00719488 0.0165839 0.0143012 -0.00765057 -0.0716767 0.0254358 -0.00800176
internal_weight=0 17601.2 2557.89 842.781 15043.4 624.939 14730 1715.11 265648 187660 25573.1 3148.6 2205.06 77988.8 8343.11 1441.66 6901.45 5585.54 5230.48 1799.52 1276.11 593.193 162086 330.984 872.362 161756 15735.9 15394.2 15070.4 14164.8 1291.17 905.649 401.775 12873.6 3430.96 2752.76 2184.97 146020 145225 6362.75 1843.7 138863 35637.6 35353.5 11882.6 4940.74 23470.9 10069.4
internal_count=1276001 121771 16168 4927 105603 3067 104376 11241 1154230 836104 87082 8593 5927 318126 23119 3788 19331 15827 14783 6276 3797 2072 749022 3047 2589 745975 63168 61600 60164 49056 4900 11108 4741 44156 8507 6759 5708 682807 638466 33056 6709 605410 134399 132774 43476 18393 89298 38499
is_linear=0
shrinkage=0.5


Tree=94
num_leaves=49
num_cat=0
split_feature=6 1 16 3 6 16 3 6 6 6 12 13 13 1 16 6 16 16 3 6 8 8 3 0 13 13 13 4 13 14 1 13 8 13 14 13 16 4 8 13 12 0 3 6 3 0 14 8
split_gain=26.9498 28.3064 104.83 79.3815 63.0187 42.6269 46.49 41.2884 45.3709 40.79 36.1442 36.0785 35.1585 50.4234 55.6923 56.6138 54.5992 42.1246 46.665 37.223 36.0498 28.0013 27.8162 42.0692 27.3409 26.4158 26.2169 26.0573 45.1967 33.2618 29.5441 28.1829 25.9789 25.8506 24.7776 32.4094 24.5666 24.4896 25.6097 27.8729 23.6797 23.5799 54.4278 35.3283 35.9938 34.7968 32.0557 39.3633
threshold=0.35398235917091375 0.44785432517528539 -1.2608538866043089 0.066057484596967711 0.025400692597031597 0.011164844036102297 0.11735057458281518 0.0066099094692617663 -0.0044740138109773389 -0.020980328321456906 1.4689791202545168 0.30803345143795019 -0.79368308186531056 0.2691579014062882 -0.17207486182451245 0.094320893287658705 -2.9392497539520259 -2.0733330249786373 -0.040894411504268639 -0.011374009307473896 0.0064413498621433982 0.0020792136201635007 -0.041953597217798226 0.65081155300140392 -0.85039642453193653 -0.63884821534156788 -0.41882793605327601 -0.045026024803519242 -0.40149220824241633 4.4071974754333505 0.25970138609409338 -0.59401872754096974 0.14018902927637103 0.03826404735445977 9.7088484764099139 -0.81786394119262684 -1.5298316478729246 -0.0042125738691538564 0.019429813139140609 -0.97773760557174672 1.5486806035041811 0.78337788581848156 -0.013729104772210119 0.020266504958271984 0.12885538488626483 0.85520634055137645 6.8061246871948251 0.035844214260578162
decision_type=2 2 2 2 2 2 2 2 2 2 2 2 2 2 2 2 2 2 2 2 2 2 2 2 2 2 2 2 2 2 2 2 2 2 2 2 2 2 2 2 2 2 2 2 2 2 2 2
left_child=1 12 3 7 11 6 25 8 -3 -5 34 22 13 -1 15 16 -15 18 20 -20 33 -16 23 -4 -8 -6 -7 30 -29 -30 -19 -32 37 -14 -11 -36 -10 -24 39 -39 -12 -18 -43 44 45 -44 -46 -48
right_child=-2 2 4 9 5 26 24 -9 36 10 40 -13 17 14 21 -17 41 27 19 -21 -22 -23 32 -25 -26 -27 -28 28 29 -31 31 -33 -34 -35 35 -37 -38 38 -40 -41 -42 42 43 -45 46 -47 47 -49
leaf_value=-0.034074363987962229 0.11033794254638626 0.28438049400570736 -0.02751999540593332 0.29757860082141913 0.11714159828298866 -0.0042732579119576829 0.0438289983366381 0.29551122102539013 0.13599139743564054 0.02220025567420067 -0.30591335517843232 -0.085342225320827983 -0.017234065540957647 0.16547913310990944 -0.011208212385106098 0.058232734771296195 0.0094001410135820147 0.11318559749909853 0.062340176999693006 0.0039279578798913127 0.17871405599253234 -0.074432357300457719 -0.020814097342457018 -0.19265626643652389 -0.040355346312358299 0.017986219653500432 0.064157526641428209 0.0050805283708287357 -0.050272303448646513 -0.0074660422389434856 -0.033055335502532965 0.037553698896277701 0.10123095590401256 0.1587209976355182 0.32244837305141444 -0.01995678916594373 -0.095498822751645507 0.098521775082928031 0.044123096666433222 -0.013361245069021928 -0.037407118920403805 -0.24692776275234571 -0.019943730114495788 0.0078399645525338759 0.040224016371427272 -0.15823139205068618 -0.012579994735258556 -0.31614848493861447
leaf_weight=20077.987464707752 549.8314523375011 245.46592458873056 2602.8469065041572 138.07795549795264 2851.7100795684382 9944.1713744296576 3175.9514990792959 559.00542037488776 222.79798735550139 1327.7592537055025 115.47970577713568 1570.7861804517306 694.4397202427499 471.1772624659061 3710.6231691487483 4728.9146176667709 10644.364658484759 804.06281306904566 3326.4983180270065 15253.861676423083 792.66998877737205 3353.4918975668261 11459.647733164296 454.50732098473236 1378.6942459847778 895.43691085226601 1626.3574037161889 21825.377799907059 8997.4775079705796 9219.7686059340995 2254.3473655565758 3768.0078455992916 597.14720258757006 295.04031426762231 170.47726849155151 111.17750294547295 232.58354375488125 600.76357543736231 4006.6086336683366 7358.4385001695482 298.48039934586268 268.04201382034807 766.29643945104908 5217.6679083292256 1213.509472604841 1152.8819813683513 338.50446475762874 157.62037913445965
leaf_count=97258 4499 1502 28755 1310 14512 55586 25216 3964 1056 12050 810 40300 2200 5442 24617 33138 49475 7377 13692 62961 3572 21083 82254 6129 7979 6950 18158 154429 180680 98680 13640 46255 3515 1413 6420 1046 1088 3015 24929 60011 2818 1491 3034 28741 5309 4389 1739 1514
internal_value=0 -0.000434928 0.0093043 0.0938869 0.00332836 0.0249716 0.0523148 0.193683 0.111446 0.0354245 0.0171496 -0.0116664 -0.00467855 -0.0144292 -0.00209571 0.00898119 -0.00250929 0.00287038 0.0218626 0.0144154 0.0991742 -0.0412992 -0.00737133 -0.0522877 0.0182333 0.0935915 0.0053069 -0.00537053 -0.010247 -0.0286371 0.0231582 0.0110385 -0.00163208 0.0348342 0.0512618 0.18593 0.0167133 -0.00427975 0.0115138 -0.00484214 -0.114072 -0.00654867 -0.0252283 -0.0184273 -0.056325 -0.103315 -0.00325383 -0.110472
internal_weight=0 171277 51944.4 3421.3 48523.1 19872.3 8301.79 1259.85 700.847 2161.45 2023.37 28650.7 119333 52101.1 32023.1 24959 20230.1 67231.6 20362.5 18580.4 1782.15 7064.12 27080 3057.35 4554.65 3747.15 11570.5 46869 40042.6 18217.2 6826.42 6022.36 24022.6 989.48 1609.41 281.655 455.382 23425.5 11965.8 7959.2 413.96 19758.9 9114.52 8846.48 3628.81 1919.18 1709.63 496.125
internal_count=1276001 1271502 409373 32064 377309 128401 54657 7610 3646 24454 23144 248908 862129 277230 179972 134272 101134 584899 83838 76653 7185 45700 208608 34884 33195 21462 73744 501061 433789 279360 67272 59895 173724 3613 19516 7466 2144 170209 87955 63026 3628 95692 46217 44726 15985 7423 8562 3253
is_linear=0
shrinkage=0.5


Tree=95
num_leaves=49
num_cat=0
split_feature=10 0 6 6 7 6 8 8 7 5 8 4 3 0 11 3 10 11 3 3 0 1 6 8 1 8 6 12 3 6 4 7 12 6 5 6 0 3 7 11 6 6 1 3 7 10 1 5
split_gain=21.2052 29.9804 40.2377 22.4535 38.4027 28.2017 21.8432 20.3202 20.3183 27.1327 22.8913 25.7939 21.0328 40.1071 31.0454 19.624 19.3612 29.3605 18.896 30.5878 30.7207 26.3193 25.9591 20.8738 19.1915 23.0396 25.2309 24.6995 21.3325 24.1991 18.8425 24.1689 20.788 18.9314 21.4708 23.7717 20.2993 18.6528 18.5797 42.2135 19.8939 22.9697 24.2267 18.132 33.2371 18.2557 17.8259 35.0949
threshold=2.2026187181472783 0.9117204248905183 0.039566848427057273 0.094320893287658705 0.013309110421687366 0.14583700895309451 0.11921292543411256 0.027521481737494472 -0.034632530063390725 0.021077524870634082 -0.0066112985368818036 -0.030476131476461884 -0.059925615787506097 0.56980711221694957 1.1805897951126101 0.16048529744148257 1.9848252534866335 1.1542854905128481 -0.0039703166112303725 0.058577923104166991 0.29005569219589239 0.54917195439338695 0.10373953729867937 -0.08961204811930655 0.22959413379430774 0.043025519698858268 -0.022967028431594368 1.4403302669525149 -0.036793975159525864 0.02346762735396624 -0.034698743373155587 -0.014591630548238753 1.1067515015602114 -0.0048194520641118279 0.030745276249945167 -0.012743582949042319 0.49415257573127752 -0.019739837385714051 0.0053219578694552192 1.2215591073036196 -0.0087941237725317461 0.039566848427057273 0.33277016878128057 0.02245980687439442 0.0092982710339128988 3.2299073934555058 0.43229895830154424 -0.071421008557081209
decision_type=2 2 2 2 2 2 2 2 2 2 2 2 2 2 2 2 2 2 2 2 2 2 2 2 2 2 2 2 2 2 2 2 2 2 2 2 2 2 2 2 2 2 2 2 2 2 2 2
left_child=3 8 6 16 5 -5 -3 -4 9 10 11 -2 13 14 -10 -6 -1 -18 21 20 43 24 23 -22 25 26 -14 28 -28 -30 31 -26 -33 34 35 36 -32 -9 40 -40 -19 42 -42 -20 45 -45 -25 -48
right_child=1 2 7 4 15 -7 -8 37 12 -11 -12 -13 18 -15 -16 -17 17 38 19 -21 22 -23 -24 46 30 -27 27 -29 29 -31 33 32 -34 -35 -36 -37 -38 -39 39 -41 41 -43 -44 44 -46 -47 47 -49
leaf_value=0.0024946131781371371 -0.24535114946660139 0.049135724711598473 0.0027541789774776213 -0.042677781199082457 0.012722962867883575 -0.1623779843821086 -0.078638034016467948 0.19367979845934144 -0.030098645027932979 0.020331943762537111 -0.032813842468149459 -0.079980327098577816 -0.014799276987229508 0.045736387425959243 -0.12032583353398453 -0.086430273394461604 0.045888874557458728 -0.048631870385201371 -0.01470961708322829 0.0094855732282435896 -0.1701795158531533 -0.080566963126594421 0.076841377738463806 -0.025696690746090409 0.16354406598222582 -0.022873077396112915 0.030028878946279158 -0.016520464666853432 0.24905550693783468 0.085036387395197491 -0.05006934946098679 0.090367424746157152 -0.017114425572635192 -0.024612254992208014 0.12361532821959088 0.086383259350963346 0.053972400925641345 -0.081510967218385258 -0.18137532391025091 0.0049110573174700302 0.18618291031027628 -0.079158905912117855 0.031388217327834741 0.068571425304608011 0.15350355655818748 -0.051945621747594699 0.086191284777690058 -0.080468547148201217
leaf_weight=207995.44009140445 319.56081263307715 5990.4652532730252 3167.2913280865687 2649.2730577689363 5057.4245765431697 610.58664368411701 350.49416360729083 62.555263398884563 2775.325507526577 1101.9522890068474 1714.0673747786204 966.37848802571534 556.83732537459582 1091.6800364331284 1469.6207354102226 552.2684193214518 6243.6264353844454 740.75836838700343 2486.0427664225645 9737.8995530502507 296.09257424037787 787.19826621672837 500.42015901418199 11214.017036621794 358.2073221023893 799.65073532072711 342.84530624491163 312.83438384335022 527.99664661381394 414.25459446373861 1548.1585776011925 703.59432543453295 1229.2684328672476 5542.6774401936273 456.42157775675878 712.57687026989879 667.80826880224049 1363.6676508799574 453.38499670475721 904.466384640662 380.81122430611867 266.28371981772943 780.45861491479445 604.15997028537095 549.41360684222309 650.86870416160673 343.68120485266263 3486.481670669571
leaf_count=803333 1151 36675 38752 18799 47318 6885 6345 895 9215 6132 8584 4168 1455 4585 4160 17425 23448 2038 7265 64772 1193 3328 5835 39873 1265 4685 1283 1040 1940 1915 4103 2348 3781 18930 1500 2118 2025 34594 1376 3492 1345 1155 2928 1851 1937 1799 1967 12995
internal_value=0 -0.00771914 0.0161451 0.00251271 -0.0221381 -0.0652944 0.041983 -0.0194145 -0.012537 -0.0463992 -0.0710759 -0.121623 -0.0097573 -0.0394449 -0.0614745 0.00285865 0.00351912 0.025277 -0.00621125 -0.0134824 -0.0246173 0.00827255 -0.0347906 -0.0384696 0.0132474 0.0491074 0.0760501 0.108011 0.138704 0.177642 0.00375572 0.0442235 0.0217787 -0.00657717 0.0228051 0.00688603 -0.0184794 -0.0689633 -0.0110806 -0.0570095 0.0174638 0.0521209 0.0826962 0.0128259 0.0510265 0.00568057 -0.0358329 -0.065365
internal_weight=0 65202.5 10934.5 226635 8869.55 3259.86 6340.96 4593.51 54268 4101.96 3000.01 1285.94 50166 5336.63 4244.95 5609.69 217765 9769.79 44829.4 29869.1 20131.2 14960.3 15840.7 15340.3 14173.1 2954.42 2154.77 1597.93 1285.1 942.251 11218.7 2291.07 1932.86 8927.64 3384.97 2928.54 2215.97 1426.22 3526.16 1357.85 2168.31 1427.55 1161.27 4290.49 1804.44 1255.03 15044.2 3830.16
internal_count=1276001 346459 117261 929542 90427 25684 43020 74241 229198 20035 13903 5319 209163 17960 13375 64743 839115 35782 191203 139487 74715 51716 61863 56028 48388 12318 7633 6178 5138 3855 36070 7394 6129 28676 9746 8246 6128 35489 12334 4868 7466 5428 4273 12852 5587 3650 54835 14962
is_linear=0
shrinkage=0.5


Tree=96
num_leaves=49
num_cat=0
split_feature=2 1 2 13 8 1 8 3 1 7 7 13 3 13 13 2 7 10 10 14 13 5 5 13 1 10 6 1 13 5 1 8 1 1 16 1 13 14 13 8 13 13 3 3 7 2 16 14
split_gain=51.0048 62.1046 42.2092 121.057 85.5726 75.6981 63.8635 63.0425 66.3025 58.413 55.5868 50.3926 77.5393 58.3256 69.8867 73.6433 63.669 86.6245 104.941 52.6504 48.9248 45.5578 64.3033 54.2596 51.3646 50.6063 57.6763 65.4112 55.421 55.38 51.7065 85.503 49.4022 91.6208 58.1304 74.2838 50.9684 45.3329 44.2186 38.9922 38.6179 52.032 41.9355 45.9964 52.0834 45.58 43.0651 38.606
threshold=0.33282351493835455 0.56108045578002941 -0.10827251151204108 0.52916985750198375 0.041099537163972862 0.18385948985815051 0.037614895030856139 0.051705822348594672 0.16562481224536899 0.024812461808323864 0.055684870108962066 -0.27026726305484766 0.019193200394511226 -0.84373477101325978 -0.87854418158531178 -0.18407724797725675 -0.0073563228361308566 3.4881007671356206 6.923370599746705 1.1171222925186159 -0.94892188906669606 0.047060478478670127 0.08512620255351068 -0.98183989524841297 0.47983156144618994 0.8344494402408601 0.035479869693517692 0.29279029369354254 -0.78941202163696278 0.14141650497913363 0.50972443819046032 0.0064413498621433982 0.22959413379430774 0.30281157791614538 -1.0110793709754942 0.45597118139266973 -0.69129458069801319 5.799854278564454 -0.90587952733039845 -0.039675829932093613 -0.93968284130096424 -0.95257529616355885 0.046392781659960754 0.027232973836362365 0.0080012283287942427 -0.17895170301198957 -0.98284605145454396 2.4867757558822636
decision_type=2 2 2 2 2 2 2 2 2 2 2 2 2 2 2 2 2 2 2 2 2 2 2 2 2 2 2 2 2 2 2 2 2 2 2 2 2 2 2 2 2 2 2 2 2 2 2 2
left_child=2 -2 3 4 6 -6 7 40 -9 11 21 13 -13 14 16 -16 19 -18 20 -7 -19 23 -23 24 -10 28 29 -28 -24 -27 -31 37 -25 -34 35 36 -35 -32 39 -36 41 -1 43 45 46 -42 -45 -3
right_child=1 47 -4 -5 5 9 -8 8 10 -11 -12 12 -14 -15 15 -17 17 18 -20 -21 -22 22 25 32 -26 26 27 -29 -30 30 31 -33 33 34 38 -37 -38 -39 -40 -41 42 -43 -44 44 -46 -47 -48 -49
leaf_value=0.018702827058575736 0.35632787447639197 0.27212408978754093 -0.0028972397229850909 0.48133028563783659 0.41537150511727888 0.23115152855262314 0.20918753122461134 0.37660544499266413 -0.041629035164027418 -0.19703255144099413 -0.20387003824559688 0.21037387970570937 -0.068537883814573514 -0.12446848811323907 0.63609694780385306 0.032607483978224105 -0.042017786063849261 0.93862400160413662 -0.2165456243654634 -0.23164534391820313 0.27408293431580155 -0.13528018563108676 -0.25765366684151542 -0.16809152429400417 -0.45171723113121159 0.065283801694834817 0.48664863341513775 -0.25075036308219822 0.10774983340191321 0.04889836983049408 -0.17471139317535014 1.1760858609712945 0.1801028456719036 0.046441618226719369 -0.094409220040349781 -0.32881325695468189 -0.17405556309035977 0.5550771961771932 0.015882057663789525 0.18551810968747431 0.16740481403036869 -0.22570587676891063 0.18157431013018741 0.020037022851966721 0.099879858542233926 0.054855615252180745 -0.16104821707802772 -0.20839565784617881
leaf_weight=1258.8573552701273 219.13188109479233 63.242236209451221 229202.00681887288 139.38782876360347 86.391408826426414 69.625716603244655 480.41967433379978 112.18694058759138 256.80827293617949 617.67642100745979 349.21866923357811 479.7351423422806 512.95698106606142 1721.268058477428 84.620372705801856 128.31654082964815 448.07655472123588 62.392943055187061 50.523545565734821 436.33883015420724 56.006232416177227 1315.4661807137381 269.23281882228912 297.16031806717911 109.8246566124144 445.33863808065507 34.633175743452739 183.49183585654464 165.41267701267134 77.061629998774151 31.958813238219591 40.024965087810415 983.68925446673529 847.87121804984054 144.67967710299126 233.67041243342101 377.23665533820349 56.088591150793945 2946.7800530373315 783.01040042841669 1066.9195169273589 261.70644878153689 687.41119975906622 635.7027275916189 658.46295032693888 5959.3267142400218 668.17931180266896 117.36120298357127
leaf_count=5515 2024 799 1056054 479 1306 636 3201 612 2054 19809 13456 1328 2698 16032 1519 1155 7999 1379 2450 8900 1012 13583 6321 1423 2405 4254 416 8630 1691 1009 1166 975 3892 4686 1879 3125 1328 1608 21875 5979 3886 1290 2456 1474 3165 21120 3868 2080
internal_value=0 0.177811 -0.000706156 0.0181321 0.015658 -0.0450609 0.0289613 0.024855 -0.00382379 -0.0537773 -0.00820141 -0.0317617 0.0658238 -0.0636233 0.0144345 0.276621 -0.0350386 0.0721686 0.376462 -0.166643 0.633393 -0.00101059 -0.0572861 0.0200338 -0.166725 0.0210995 0.0910931 -0.1297 -0.117517 0.165985 0.380802 0.57471 0.0304855 0.0399312 0.0139546 -0.0709519 -0.0211329 0.285582 0.0460619 0.141268 0.0506675 -0.0231548 0.0623214 0.0531266 -0.0143355 0.0720385 -0.0724299 -0.036806
internal_weight=0 399.735 255833 26631.1 26491.8 4753.93 21737.8 21257.4 10060.8 4667.54 9948.66 4049.86 992.692 3057.17 1335.9 212.937 1122.96 616.999 168.923 505.965 118.399 9599.44 2618.71 6980.73 366.633 1303.24 868.598 218.125 434.645 650.473 205.134 128.072 6614.1 6316.94 5333.25 1458.78 1225.11 88.0474 3874.47 927.69 11196.6 1520.56 9676 8988.59 1962.34 7026.25 1303.88 180.603
internal_count=1276001 4903 1271098 215044 214565 66223 148342 145141 102367 64917 101755 45108 4026 41082 25050 2674 22376 12840 4841 9536 2391 88299 39653 48646 4459 26070 18058 9046 8012 9012 4758 3749 44187 42764 38872 9139 6014 2774 29733 7858 42774 6805 35969 33513 8507 25006 5342 2879
is_linear=0
shrinkage=0.5


Tree=97
num_leaves=49
num_cat=0
split_feature=8 15 5 13 9 0 7 13 14 15 7 6 11 6 10 11 7 13 9 13 0 13 15 11 2 10 9 9 9 6 7 7 9 9 8 2 14 9 13 15 0 2 6 7 7 14 10 7
split_gain=15.2959 24.2747 13.462 12.9606 12.3439 21.6054 11.7966 12.5492 31.0542 35.7462 24.4183 26.9901 25.3389 27.9934 24.1024 24.2297 21.7846 27.7701 22.8444 21.8111 27.776 21.6953 28.2166 22.512 22.1073 21.1396 33.2492 20.8341 25.1424 20.3828 21.5213 19.7862 19.4942 25.1888 18.6607 17.1974 20.2595 18.0438 17.6548 17.0331 16.3913 25.6416 15.899 27.0176 20.622 23.2343 15.8493 15.8324
threshold=-0.11804120615124701 5.1422235965728769 -0.0096806446090340597 -0.094665415585041032 0.010990487411618234 0.80519503355026256 0.16753970831632617 -0.9471951127052306 3.316418051719666 5.2389767169952401 -0.04569361358880996 -0.062118034809827798 0.65417078137397777 0.03613575920462609 0.8793562948703767 0.38869348168373113 -0.033726474270224564 -0.91320833563804615 -0.0024871968198567625 -0.39245088398456568 0.90987446904182445 -0.93575730919837941 5.2433784008026132 1.1186059117317202 -0.0044362735934555522 -0.4898026287555694 0.0015885686734691264 -0.001376475964207202 -0.00043631986773107195 -0.0847959630191326 0.049423370510339744 0.017731063999235634 9.2273487098282217e-05 0.0007520180952269585 -0.0026760394684970375 -0.08307079970836638 2.1691335439682011 0.0021104188635945324 0.54529505968093883 5.2500243186950692 0.75327795743942272 -0.17396892607212064 1.0000000180025095e-35 -0.047616004943847649 -0.042566413059830659 1.6232894062995913 0.36013482511043554 0.066533911973238005
decision_type=2 2 2 2 2 2 2 2 2 2 2 2 2 2 2 2 2 2 2 2 2 2 2 2 2 2 2 2 2 2 2 2 2 2 2 2 2 2 2 2 2 2 2 2 2 2 2 2
left_child=1 2 -1 -3 6 -6 7 8 9 46 -11 -12 13 -13 -10 -16 21 25 19 -19 -21 24 23 -23 -9 26 27 -18 -29 30 32 -14 -20 -34 -33 36 37 40 -38 -39 41 -31 43 -24 45 -44 -2 -37
right_child=4 3 -4 -5 5 -7 -8 16 14 10 11 12 31 -15 15 -17 17 18 29 20 -22 22 42 -25 -26 -27 -28 28 -30 35 -32 34 33 -35 -36 47 38 39 -40 -41 -42 -43 44 -45 -46 -47 -48 -49
leaf_value=-0.11204378392821203 -0.039324309431392437 0.064539670664516921 0.072606110079673117 0.26606506489880555 -0.1251100022882935 0.0064546046563275523 -0.054593169685513414 -0.012944570608237898 0.059166768117462014 0.14185397610703479 0.16753590924552392 0.14637672071229788 -0.03299836028888091 -0.0094729189155911865 -0.15185138113873745 0.017135810728064409 -0.0038621546217371015 0.00080381485997635925 -0.060532304707310497 -0.046307339112972752 0.029703663049626017 -0.021086203785323356 -0.17218241826976338 0.022886609546306603 0.1775512221990258 -0.012409081877133793 0.068515090644128029 -0.22041311943779748 -0.075679558214970757 -0.10752707624383541 -0.13470802585567254 0.12241579263225788 0.1561181796011365 -0.035218905624502458 -0.0038724856163262836 0.0069137997534039607 -0.015805728795158656 0.02678343603155748 -0.15187398669371238 0.13474698873621879 0.024814311982424009 -0.0044869164182982793 0.10223977199980799 -0.040084541783745105 -0.079515297668657184 -0.029850348845545664 -0.0015386937202325056 -0.024509389583864585
leaf_weight=180.16455659957137 5121.7252674679003 162.46467651054991 214.31543345638056 174.68420780973975 537.00732815778974 726.83330777100127 970.67771182005526 315.97266009838495 4629.5667547670892 448.11652627168223 292.59756569936872 636.79756499174982 2597.3106246987591 514.94711112882942 219.14284687511099 5553.3875989545959 486.86380297970027 10422.817935790314 1034.4411701776262 7026.5673663620692 1440.7091240488371 10123.043411641513 652.62534997158218 4075.5423080073087 284.98692465247586 10626.357187627029 376.24073551315814 464.18055449938402 899.97050895448774 703.07261637225747 504.07089106203057 467.90795662510209 301.94455585745163 390.36096615809947 758.1458807499148 166254.33374121893 17183.133914089361 1702.5844771028496 241.74603167176247 471.43035402707756 3704.5397250915412 4328.4298677891711 445.10436920588836 983.96341041795677 1293.0439431170089 1307.8702487894188 6119.2312218691222 4100.0670361531957
leaf_count=1043 19170 1145 1576 956 2150 7551 9795 1901 21774 1735 785 2027 8144 1964 2403 84479 1762 53594 3296 27539 6615 40704 1436 22986 1509 61964 1363 1157 2752 1896 1543 1860 1150 1290 3661 672818 100059 6184 861 1330 12953 12314 1250 2711 4106 4887 27875 21978
internal_value=0 0.0725173 -0.0105319 0.170911 0.000173628 -0.0491068 0.000397646 0.000590604 0.0107621 -0.00240447 0.0297526 0.0200963 0.0112926 0.0763145 0.0322717 0.0106087 -0.000511106 0.000831724 0.00215477 -0.0144632 -0.033313 -0.0165726 -0.0195719 -0.00842837 0.0767066 -0.0217533 -0.0660851 -0.0937364 -0.12542 0.00371971 -0.0437773 -0.00817862 -0.0168808 0.0476152 0.0439768 0.00425572 -0.00714183 0.00972446 -0.0177308 0.0504762 -0.000364224 -0.019003 -0.0532456 -0.0931397 -0.0316233 0.00344325 -0.0188014 0.00615444
internal_weight=0 731.629 394.48 337.149 281739 1263.84 280476 279505 27358.9 16956.8 5715.82 5267.71 4975.11 1151.74 10402.1 5772.53 252146 232664 219810 18890.1 8467.28 19482.2 18881.2 14198.6 600.96 12853.6 2227.26 1851.01 1364.15 200920 2230.82 3823.36 1726.75 692.306 1226.05 198689 28334.9 10910.1 17424.9 2174.01 8736.04 5031.5 4682.61 1636.59 3046.02 1752.97 11241 170354
internal_count=1276001 4720 2619 2101 1271281 9701 1261580 1251785 175877 67221 20176 18441 17656 3991 108656 86882 1075908 994418 925420 87748 34154 81490 78080 63690 3410 68998 7034 5671 3909 837672 7279 13665 5736 2440 5521 830393 135597 34677 100920 7514 27163 14210 14390 4147 10243 6137 47045 694796
is_linear=0
shrinkage=0.5


Tree=98
num_leaves=49
num_cat=0
split_feature=1 2 6 7 6 6 1 16 16 6 16 2 13 7 6 6 6 7 6 7 13 7 16 16 13 0 16 16 7 14 13 0 14 7 0 6 13 16 1 6 7 0 7 13 4 16 1 14
split_gain=24.5917 22.1196 20.2574 19.972 59.4687 63.7933 32.2621 52.28 34.694 30.9075 33.3275 27.3342 29.6113 24.4616 67.2656 45.1185 36.6762 53.2479 54.8164 57.703 51.9959 50.803 38.2023 33.0081 27.7245 40.1503 38.8186 35.4402 31.7946 27.5052 26.3988 26.7352 26.0989 25.1408 25.134 24.3963 24.3896 24.0792 31.4291 28.2098 29.2281 26.0935 26.6499 34.7334 23.7915 27.9843 23.6257 27.464
threshold=0.61293509602546703 0.26364235579967504 0.2711577713489533 -0.0080934558063745481 -0.033628681674599641 0.067136410623788847 0.35487668216228491 -0.36858433485031122 -0.80264985561370839 0.0010095801553688946 -1.9886859655380247 -0.066499613225460039 -0.94343909621238697 0.0024727131240069871 0.027414275333285335 -0.039496997371315949 0.033036075532436378 0.1005677990615368 -0.010053442791104315 0.038360565900802619 -0.32897259294986719 0.021453812718391422 -3.7299143075942989 -1.9886859655380247 -0.58716976642608631 0.91743147373199474 -1.7423544526100156 -0.27555094659328455 0.1085086837410927 5.2495274543762216 -0.30000720918178553 0.73823523521423351 2.4350724220275883 0.0050941847730427989 0.98235365748405468 -0.066014245152473436 -0.94892188906669606 0.56157380342483532 0.39241604506969457 0.094320893287658705 0.02428337745368481 0.90607604384422313 0.045582108199596412 -0.98452267050743092 -0.0028147092089056964 -0.3212286084890365 0.13090452551841739 3.107222437858582
decision_type=2 2 2 2 2 2 2 2 2 2 2 2 2 2 2 2 2 2 2 2 2 2 2 2 2 2 2 2 2 2 2 2 2 2 2 2 2 2 2 2 2 2 2 2 2 2 2 2
left_child=1 2 3 4 35 9 8 -8 -7 10 11 -6 -13 14 15 36 17 18 19 -15 21 22 -20 -21 26 27 32 -26 -29 -23 31 -25 -18 -34 37 -1 -5 38 41 40 -40 -28 -43 -44 -41 -46 47 -35
right_child=-2 -3 -4 13 5 6 7 -9 -10 -11 -12 12 -14 16 -16 -17 24 -19 20 23 -22 29 -24 30 25 -27 34 28 -30 -31 -32 -33 33 46 -36 -37 -38 -39 39 44 -42 42 43 -45 45 -47 -48 -49
leaf_value=0.20160671819113002 0.023048125079453804 -0.052299426713669286 0.052358553922758108 0.24322738914330289 0.16274081582287958 0.058016437332560331 0.18765010674942517 0.042170034346775215 -0.026479431778970084 -0.015154273417081076 -9.6016531325943512e-05 -0.084792754956820801 0.061321770672803574 -0.02684969082214551 0.024340725522861963 -0.035461945363066891 0.066348247536029512 0.3021791100252964 -0.18499929559970599 0.20881163644411338 -0.0064340289748930218 0.054837834214222052 0.028922880023164153 0.10236790244289744 -0.043909228504908179 0.056290508013115713 -0.054440080890964568 0.01737792653258596 0.23261461367210479 0.14018193961809394 -0.085058836267269428 -0.06172529845683522 0.156074490077555 -0.26957138426607397 -0.074154421076153984 0.061030656807550786 0.03452651299440896 -0.069987312041943431 0.017584754881061784 0.0029779785416505721 -0.063808326041218166 0.038619644090924415 -0.24988783255484662 -0.021380728726915637 0.17882462055950088 0.035887325147242709 0.0065348370204426701 -0.043477267014910718
leaf_weight=364.52595078172453 10964.243577303248 2107.9217602553836 1774.2089658782352 161.77561246964615 535.48326548427576 2601.4891547978332 874.55128881547716 2145.3193105697865 2268.4529205970466 26210.255309250526 8978.2414030244618 408.11878674477339 2201.0716052249772 12919.51540455487 7430.315605257827 22136.456189470671 1820.0518566444516 154.90353464172222 211.29108985333005 325.15379819442751 8640.2203235611232 2257.2538272287347 10724.148053999001 1113.813413027121 3582.7254583132453 3325.9624766473426 6214.1692391383694 2308.502564579132 185.22128208167851 1662.0075208029884 360.05738251536968 314.54309501033276 227.57157069677487 164.26273983344436 2691.451820999966 2181.1286627690934 1081.7054577766103 2361.7345076344209 2558.875530454563 1646.1060362235876 1929.0732343395939 1953.8863814733922 187.07163282157853 1508.6813117263373 560.41488748323172 909.35835526138544 3103.0542106666107 769.93140610796399
leaf_count=3366 75751 10937 14284 1114 2431 14947 6409 11634 12204 191246 101809 1354 9033 117699 48161 165683 8611 1056 808 1500 100836 16290 66116 7249 23424 20892 27629 25995 1058 9718 5998 1705 1634 616 16345 22574 12484 12842 14179 11294 10280 9808 1082 8064 4458 4473 31426 7495
internal_value=0 -0.00142731 -0.000745311 -0.00135176 0.0070361 0.00292659 0.0438739 0.0845146 0.0185577 -0.00548916 0.0153655 0.0596541 0.0382519 -0.00516164 -0.0170613 -0.030241 -0.000374327 0.0104573 0.00926361 -0.0142925 0.0243571 0.0422996 0.0247273 0.0622055 -0.0114114 0.0121094 -0.0191601 -0.0119962 0.0336519 0.091183 0.0351696 0.0658647 0.0162202 -0.00506571 -0.0287419 0.0814281 0.0622537 -0.0225494 -0.0161033 0.00799889 -0.0172958 -0.0347328 -0.00103486 -0.0470162 0.0445863 0.0908129 -0.0143091 -0.0840126
internal_weight=0 160152 158044 156270 48768.6 46223 7889.81 3019.87 4869.94 38333.2 12122.9 3144.67 2609.19 107501 30810.3 23379.9 76691 38682.9 38528 15033.1 23494.9 14854.7 10935.4 2113.57 38008.1 9402.41 28605.7 6076.45 2493.72 3919.26 1788.41 1428.36 6084.87 4264.82 22520.8 2545.65 1243.48 19829.4 17467.6 7603.83 4487.95 9863.81 3649.64 1695.75 3115.88 1469.77 4037.25 934.194
internal_count=1276001 1200250 1189313 1175029 377007 351067 45194 18043 27151 305873 114627 12818 10387 798022 227442 179281 570580 328975 327919 134151 193768 92932 66924 16452 241605 71369 170236 50477 27053 26008 14952 8954 49782 41171 120454 25940 13598 104109 91267 44684 24459 46583 18954 9146 20225 8931 39537 8111
is_linear=0
shrinkage=0.5


Tree=99
num_leaves=49
num_cat=0
split_feature=16 13 14 0 8 16 1 1 8 3 14 2 13 1 14 8 13 16 2 13 13 14 14 16 14 11 0 13 11 14 5 2 14 14 0 3 13 16 14 3 13 12 3 0 13 7 8 3
split_gain=26.2368 19.2826 15.3618 23.3103 14.9007 13.9787 48.9722 43.4429 55.3961 36.108 35.5453 33.1614 35.024 31.6435 39.7241 37.7512 35.6026 31.5069 29.4 28.989 26.1286 25.7376 31.9304 34.4178 24.9354 41.7216 36.0533 45.0266 40.5301 34.2013 31.2162 30.6037 30.5619 29.8767 26.4647 26.1973 40.7513 27.496 24.551 22.8401 23.968 24.4672 26.7785 23.3878 22.5433 22.0744 21.8382 22.3512
threshold=-3.4269832372665401 -0.80605801939964283 37.957885742187507 0.41761860251426702 -0.035730028524994843 -0.29776071012020106 0.16145215928554538 0.27495181560516363 0.058306725695729263 0.21005173772573474 4.2806301116943368 -0.12425104156136511 -0.011863825377076863 0.43076965212821966 4.3242430686950692 -0.056560235098004334 0.65962725877761852 -0.99649086594581593 0.11872297525405885 -0.023949598893523213 0.85412579774856578 2.7154966592788701 11.038166999816896 -3.0636907815933223 2.1691335439682011 1.1480747461318972 0.78651764988899242 -0.65704333782196034 1.3540780544281008 4.4453558921813974 0.039723480120301254 -0.055221013724803918 22.300988197326664 5.6810319423675546 0.98235365748405468 0.14491192251443866 -0.55256861448287953 -0.18330916762351987 2.5113179683685307 0.038236988708376891 -0.10609968379139899 0.89035913348197948 0.17086257785558703 0.8419117033481599 -0.76746317744255055 0.038360565900802619 0.074508219957351698 0.03515943884849549
decision_type=2 2 2 2 2 2 2 2 2 2 2 2 2 2 2 2 2 2 2 2 2 2 2 2 2 2 2 2 2 2 2 2 2 2 2 2 2 2 2 2 2 2 2 2 2 2 2 2
left_child=1 -1 5 -4 -3 7 -7 11 13 10 -10 -2 19 17 16 -16 -15 18 45 -13 -12 46 23 -23 25 -8 28 29 32 -28 31 38 35 -30 -31 37 -37 -26 -29 -17 41 -41 -43 -42 -20 -9 -14 -48
right_child=2 4 3 -5 -6 6 24 8 9 -11 20 12 21 14 15 39 -18 -19 44 -21 -22 22 -24 -25 26 -27 27 30 33 34 -32 -33 -34 -35 -36 36 -38 -39 -40 40 43 42 -44 -45 -46 -47 47 -49
leaf_value=-0.15905313048146133 -0.094669549459493685 0.063911709229541119 -0.23700119173478723 -0.014989386509241545 -0.056541678703664895 -0.098027078718151056 0.026649515461017376 -0.022225986766168656 -0.00088374859029891637 -0.14430995711854019 0.038572083833871541 0.018210967297461838 0.02653019226829818 -0.059411254160399551 0.090771921003522008 -0.042831682157962903 0.048470353858606152 0.0023938180381326522 -0.025354805419875771 0.18149682223056721 0.16580093898404671 0.092931562370767953 0.050221825032102679 -0.03377747773764548 0.029169882145369065 -0.0074424374835146316 0.0082139269267660821 -0.090784168658098879 -0.028965534272486024 0.053417605083059129 -0.036133893677032347 0.00039571498186378486 -0.12250834424653455 -0.18392967132384216 0.15720303497841204 0.1241160730455271 -0.057569325659048327 -0.008755112292502764 0.074939556586493872 -0.10110536533407723 0.0062515623179132855 0.077672108020972713 -0.034765391143720924 -0.16829128069003413 0.06054367167948263 -0.099799447456392465 -0.005701122674186208 -0.15553306732511543
leaf_weight=377.3286026419446 770.35225485981209 314.45434287333046 168.78049901386112 408.25748720303091 1317.2068482323884 1156.598851781062 27414.845495441295 27988.979178250287 8727.8027114006109 336.35517748515122 7127.5815692490723 34693.56759890735 7220.3150111981668 10315.148680792001 894.73872748067515 4194.1770963041927 820.10774310643319 31866.324180508222 1269.511304588581 273.72034302027896 430.08447214588523 559.11427572881803 1461.8452333081514 11563.834586924175 5272.1594193293713 13311.352754553249 4599.1503803346423 242.54975863988511 755.1986060817726 5340.5220611969853 4510.053990275017 11575.875315073528 543.67752855696017 539.80623956676573 701.33219124720199 935.24263753031846 455.35249327914789 50618.229429354891 2437.395648526639 308.81944962184934 446.74548892118037 1937.5565608705074 720.86301117287803 328.62945058755577 1892.7880913023837 951.64582572417567 1038.9800680854823 329.59926003450528
leaf_count=11673 12192 2228 667 8845 10800 5030 125492 97984 41520 17130 50472 161997 20054 55287 7095 14351 2673 110719 7197 881 1308 2125 4251 29206 17966 49534 32042 1006 3020 43175 19727 42199 2110 1937 8692 5104 1685 180540 10734 3385 1410 13390 17416 946 5350 9260 3189 1007
internal_value=0 -0.0569887 0.000334296 -0.0810893 -0.0329967 0.000498952 0.00433449 -0.00265429 -0.00893912 0.0174183 0.0207979 0.00825009 0.00964799 -0.0141648 -0.0315507 -0.00644229 -0.0514173 -0.00872985 -0.0197868 0.0195086 0.0458994 -0.00587955 -0.0194403 -0.0278852 0.00525508 0.0154944 0.000538771 0.0148507 -0.00657182 0.0408312 9.06397e-05 0.0115876 -0.00460274 -0.0940382 0.0655717 -0.0034728 0.064265 -0.00516823 0.0597259 -0.0174746 0.0108122 0.0313828 0.0469937 -0.0672029 0.0259044 -0.0247974 0.0155106 -0.0422379
internal_weight=0 2008.99 289456 577.038 1631.66 288879 130409 158469 100558 16621.8 16285.5 57911.3 57141 83936 19966.8 8831.53 11135.3 63969.2 32102.9 34967.3 7557.67 22173.7 13584.8 12122.9 129253 40726.2 88526.5 29406.9 59119.7 10641 18765.9 14255.8 57824.7 1295 6041.85 57281 1390.6 55890.4 2679.95 7936.79 3742.61 2967.24 2658.42 775.375 3162.3 28940.6 8588.89 1368.58
internal_count=1276001 24701 1251300 9512 13028 1241788 549993 691795 456893 110430 93300 234902 222710 346463 115953 57993 57960 230510 119791 162878 51780 59832 35582 31331 544963 175026 369937 157575 212362 83909 73666 53939 207405 4957 51867 205295 6789 198506 11740 50898 36547 34191 30806 2356 12547 107244 24250 4196
is_linear=0
shrinkage=0.5


Tree=100
num_leaves=49
num_cat=0
split_feature=10 12 1 16 6 15 15 1 13 0 0 6 7 1 7 7 12 1 0 11 9 7 6 6 7 7 9 2 9 2 2 15 10 13 11 15 9 16 6 6 15 15 10 7 1 7 12 16
split_gain=62.7185 44.2106 38.7081 225.216 143.016 101.155 95.108 70.2779 68.8722 68.461 60.8 60.1528 89.7019 57.5632 54.5522 76.8371 56.5203 50.643 48.7132 61.1111 67.6562 47.0395 58.8987 54.1976 61.9273 94.2003 50.2106 63.3608 54.9981 55.0208 49.6281 46.3491 49.1505 42.253 84.9819 50.367 46.4582 42.0841 94.6181 84.0692 58.9019 52.1241 52.0021 45.4203 69.8648 77.2762 84.0773 65.0516
threshold=30.487833023071293 1.1708970069885256 0.46088553965091711 -1.3269905447959898 0.053708786144852645 5.2405002117156991 5.228835105895997 0.48172181844711309 -0.4528373777866363 0.17526595294475558 0.57492879033088695 0.046449072659015662 0.018134309910237793 0.55497595667839061 0.015979814343154434 0.0035521865356713538 1.3375941514968874 0.53571394085884105 0.38020817935466772 0.89808642864227306 -0.0033982314635068174 0.0064962205942720183 0.026342144235968593 0.030084314756095413 0.025891928933560852 0.040266579017043121 -0.00064771744655445207 -0.088726062327623353 -0.00038903512177057559 -0.086836781352758394 -0.030991401523351666 5.0023307800292978 0.81988739967346203 -0.78091764450073231 0.8939255177974702 5.2704656124114999 0.0011997027904726567 -0.72321221232414235 -0.015277790371328591 0.014995111618191006 5.22562599182129 5.1929292678833017 1.8205806612968447 0.04222997464239598 0.3446445912122727 -0.011125231161713598 1.4299840331077578 -0.54803371429443348
decision_type=2 2 2 2 2 2 2 2 2 2 2 2 2 2 2 2 2 2 2 2 2 2 2 2 2 2 2 2 2 2 2 2 2 2 2 2 2 2 2 2 2 2 2 2 2 2 2 2
left_child=2 -2 18 6 11 -6 8 -8 9 -4 -11 12 -5 33 15 -13 -16 -12 19 37 -21 30 26 -24 -25 -26 27 -23 -28 -30 -22 32 -20 34 -7 36 -36 -1 43 40 41 42 -40 44 45 46 -39 -46
right_child=1 -3 3 4 5 13 7 -9 -10 10 17 14 -14 -15 16 -17 -18 -19 31 20 21 22 23 24 25 -27 28 -29 29 -31 -32 -33 -34 -35 35 -37 -38 38 39 -41 -42 -43 -44 -45 47 -47 -48 -49
leaf_value=0.046038694771178064 -0.48416531556278902 -0.059457925072338547 0.28017956048446119 0.0065534506744489582 -0.23158051959687034 -0.27555745896495371 -0.1635749045910154 -0.5889281865371786 -0.35411621032823515 -0.350992587423334 0.033321303481977108 0.14169658886219788 -0.071403255860824369 -0.20915736894426146 0.11832537489700982 -0.27703499686859301 0.57134665761225389 -0.40334932965433007 0.49605076818372779 0.18889256008652863 -0.047948630470447673 0.14392386196108653 0.26368550923044531 0.13606528417265668 -0.2477838437342107 0.084506850769160965 0.12814876215459051 -0.076791315026909654 -0.1388824373447822 0.02332333972461453 0.00069310593726602538 -0.002283247582169824 0.0086953191245588788 0.14281090706827934 0.025675898042485507 -0.12178441141773258 0.41471936258072972 -0.076108755029226066 -0.22477272146098634 0.026382035611750558 -0.052217197772756963 -0.36473709988049563 0.12243022478355443 0.22664022820877525 0.28748024771449843 -0.12927759139679001 0.30342276556173681 0.060434145461676955
leaf_weight=18630.050490460941 110.64901734390878 143.45486126869218 126.33685518038692 35346.832453422903 1128.0619775930463 277.01903580395447 174.68471981225593 232.63437277247431 254.2527815447902 200.10701937178965 465.73315077402003 465.81960265093949 4118.8650596573934 368.01719623648387 171.17832166103472 141.7502472056658 119.23809055922902 76.214269599524414 95.135233304928988 477.90419585787458 7248.0469073259446 370.27905146731064 391.49929843994323 1184.1220319310669 335.04080711968709 580.43833421519957 1163.4481630076771 2556.2159610040253 562.12778172493563 7215.2695071694907 18886.486513367781 141710.88584973395 116.73340712799109 427.66209315034212 185.54235345878988 212.4789933039865 133.73308726296091 303.25995352584869 314.49984683480579 2386.0828764001344 1790.9967553867027 339.96124751656316 161.03442410589196 382.65818619227502 396.19211239228025 898.32340633356944 277.00997575401561 1587.7475586411019
leaf_count=42974 2586 2549 309 235020 49840 2246 1354 4594 1115 1285 8521 4689 36992 4892 2284 2095 995 6820 1091 1187 20500 895 1119 3916 1804 2647 2817 8843 1735 20605 55677 686173 1488 1550 1545 1013 901 1413 6325 15110 4765 2484 1724 1419 914 4688 1148 8936
internal_value=0 -0.247529 0.000511691 -0.012861 -0.00615416 -0.116837 -0.201326 -0.408581 -0.125388 -0.0575139 -0.11598 0.00132911 -0.00157149 -0.0357579 0.129224 0.0428873 0.307363 -0.0277967 0.003351 0.0143086 0.00206182 -0.000135452 0.0228425 0.0927412 0.0605179 -0.0366947 0.00812123 -0.0486546 0.0267642 0.0115189 -0.0127792 -0.00192957 0.231183 0.0155766 -0.051178 0.0650725 0.19098 0.0325569 0.00407876 -0.0412602 -0.103361 -0.214868 -0.106137 0.0630721 0.0447909 -0.0372161 0.104423 0.106149
internal_weight=0 254.104 254988 44626.2 43096.2 2732.51 1529.96 407.319 1122.64 868.391 742.054 40363.7 39465.7 1604.45 897.986 607.57 290.416 541.947 210361 68438.7 40970.9 40493 14358.4 2491.1 2099.6 915.479 11867.3 2926.5 8940.85 7777.4 26134.5 141923 211.869 1236.44 808.773 531.754 319.275 27467.8 8837.77 4992.58 2606.49 815.496 475.534 3845.19 3462.53 1478.59 580.27 1983.94
internal_count=1275592 5135 1270457 368060 344062 61987 23998 5948 18050 16935 16626 282075 272012 12147 10063 6784 3279 15341 902397 213645 121745 120558 44381 9486 8367 4451 34895 9738 25157 22340 76177 688752 2579 7255 5705 3459 2446 91900 48926 30408 15298 10533 8049 18518 17099 7249 2561 9850
is_linear=0
shrinkage=0.5


Tree=101
num_leaves=49
num_cat=0
split_feature=4 0 0 9 1 8 0 8 10 4 13 1 9 14 16 13 8 0 0 10 13 14 4 10 14 4 16 11 0 8 1 16 1 9 11 0 9 4 1 6 8 16 16 9 10 4 8 6
split_gain=18.261 34.4449 30.683 21.6149 21.1987 25.9648 19.3199 18.6035 17.2084 15.7643 21.282 20.787 19.7913 21.6786 19.5534 18.9542 23.2879 17.1701 23.3666 16.7686 19.1106 17.7013 18.1354 16.4964 25.9799 26.6163 34.7274 28.0248 16.5053 24.903 17.1804 15.9576 18.0988 17.1058 15.5338 15.4925 15.3996 18.7365 18.6975 14.9046 24.4019 20.191 21.2177 17.2416 16.3187 14.84 14.5742 14.5627
threshold=-0.0081183239817619306 0.47090423107147222 0.077577877789735808 -0.00077268865425139655 0.13090452551841739 0.074508219957351698 0.61412322521209728 -0.060943376272916787 -2.7088938951492305 0.024481639266014103 -0.89563861489295948 0.49914303421974188 -0.0003743316483451053 4.3639447689056405 -1.0259085893630979 -0.91320833563804615 -0.05142810940742492 0.10510093346238138 0.11965903267264368 1.8671969771385195 -0.31981328129768366 2.2395503520965581 0.035685133188962943 -0.81225627660751332 3.3474572896957402 0.010551517829298975 -1.8125207424163816 0.91514706611633312 0.604546219110489 -0.019338054582476612 0.40529470145702368 0.30376066267490393 0.40380966663360601 0.0013619118253700437 1.2503083944320681 0.042078036814928062 0.0020547112217172985 0.12038331106305124 0.44299338757991796 0.026342144235968593 0.070776827633380904 -0.95446875691413868 -0.57118329405784596 0.0064354627393186101 -0.06869016587734221 -0.059570744633674615 0.037614895030856139 0.022516906261444095
decision_type=2 2 2 2 2 2 2 2 2 2 2 2 2 2 2 2 2 2 2 2 2 2 2 2 2 2 2 2 2 2 2 2 2 2 2 2 2 2 2 2 2 2 2 2 2 2 2 2
left_child=1 2 -1 7 5 6 -3 -4 -2 11 36 15 17 19 -13 16 -10 -12 -19 35 31 -22 -23 24 25 26 -17 -27 29 -28 -30 32 33 -21 -9 -14 37 38 -11 43 41 44 -43 -5 -41 -44 -40 -20
right_child=8 4 3 39 -6 -7 -8 34 9 10 12 14 13 -15 -16 23 -18 18 47 20 21 22 -24 -25 -26 27 28 -29 30 -31 -32 -33 -34 -35 -36 -37 -38 -39 46 40 -42 42 45 -45 -46 -47 -48 -49
leaf_value=0.015884387957244481 0.08567978721470923 -0.1861994201654455 -0.081074769867845634 -0.02248115838566617 0.0024799247415051625 0.084369621096148387 -0.04826586582986072 0.010490863801903155 0.063335997224053128 0.00053967657774400813 0.031513965310892796 0.17152023778853612 -0.061978520474030234 -0.01878132652098698 0.026212576835488683 0.12460029900271478 -0.031070168082031828 -0.16940615592538938 -0.027559133996517642 0.10658991005476057 0.061077173097447174 -0.16360462327955452 -0.0018659296905587483 0.010601286569287332 0.030775228054978957 -0.14257100269084991 -0.17665221895824929 -0.021146891426730718 0.056617327089828334 -0.021680669375983373 -0.07973214585588205 -0.00054379998986601715 0.18302545908808851 -0.053994510575678216 -0.053280810317572647 0.0054749078478618833 0.044200297656895655 -0.037106863087590779 0.026160208890460748 -0.20055628072876383 -0.17582002753297507 0.079836400663516605 0.023637951266685574 -0.12235668300478283 -0.061097121021715085 -0.064568757284067566 0.10059956530143846 0
leaf_weight=6160.3033766940644 630.45125087260385 330.2599167958906 704.43297315796372 20179.631961164865 77445.487564436276 286.41339777233225 1172.4930234046624 8289.8645095566462 731.50713835818169 8454.9512040552272 1671.7743844740653 237.93623777824541 877.55298684081208 10638.452333165238 9336.9550179100261 435.60317798238248 5847.8888605038883 261.58328166801948 15601.602521030076 551.12098318070639 704.5013546301052 235.41054307390004 673.84229174000211 54988.850475735497 2090.4561941921711 948.78990220651031 371.93000318668783 974.14601536071859 770.68795953132212 882.64286238421482 327.05692466022447 468.32779640075751 482.33125288155861 231.6752409460023 1077.2271666910674 26653.037769160466 3327.8047834903173 2105.688339173339 3096.2151935620568 318.3090996267274 395.844857533506 419.49982566921972 636.30441471771337 443.21413613704499 664.99042189691681 1814.5445134172915 846.59468461338838 6875.8627513805477
leaf_count=23017 2845 1168 2336 71921 398497 3296 6365 28900 4544 47078 6422 2492 2497 69683 39838 1520 32206 876 61026 2572 2797 997 3408 233373 7156 2764 1005 2820 2670 2673 1061 1919 2216 923 5692 85016 21575 15575 15800 768 1598 1609 2532 1338 2643 6714 6243 33608
internal_value=0 -0.00485654 -0.0166019 -0.0223436 0.00123038 -0.0525488 -0.0790157 -0.00274641 0.00327095 0.00294604 -0.0018115 0.00806481 -0.00596174 0.000669624 0.0298932 0.00500012 -0.0204899 -0.01726 -0.020869 0.00738772 0.040812 0.00133331 -0.044424 0.00772267 -0.0154757 -0.036108 -0.00469779 -0.0813612 -0.0288965 -0.0681258 0.0155034 0.0772543 0.106426 0.0584174 0.00309876 0.00330446 0.0135045 0.0064244 0.0138607 -0.0302585 -0.0573097 -0.0449642 -0.02354 -0.0246577 -0.106908 -0.0414638 0.042292 -0.0191107
internal_weight=0 120339 41104.2 34943.9 79234.7 1789.17 1502.75 10071.5 162333 161703 83758.3 77944.5 65927.1 41516.3 9574.89 68369.6 6579.4 24410.8 22739 30877.8 3347.21 1613.75 909.253 61790.2 6801.31 4710.86 2787.92 1922.94 2352.32 1254.57 1097.74 1733.46 1265.13 782.796 9367.09 27530.6 17831.3 14503.4 12397.8 24872.3 4249.49 3853.65 2870.35 20622.8 983.3 2450.85 3942.81 22477.5
internal_count=1275592 558394 149068 126051 409326 10829 7533 36928 717198 714353 380231 334122 273960 172028 42330 291792 36750 101932 95510 102345 14832 7202 4405 255042 21669 14513 8929 5584 7409 3678 3731 7630 5711 3495 34592 87513 106271 84696 69121 89123 15864 14266 10855 73259 3411 9246 22043 94634
is_linear=0
shrinkage=0.5


Tree=102
num_leaves=49
num_cat=0
split_feature=10 8 3 4 10 4 4 9 16 8 15 16 8 6 16 16 6 8 6 3 9 4 3 7 16 3 6 7 0 5 15 0 15 15 7 0 7 0 15 15 3 10 9 16 5 10 6 15
split_gain=45.3077 29.9738 27.7646 26.9045 25.331 22.8153 22.4113 31.8956 28.1232 25.0476 33.0378 77.9849 29.4934 34.9488 28.8028 25.8667 25.1374 24.688 36.5825 26.3513 26.3483 31.4416 24.5956 30.7132 24.2032 26.7021 44.7557 39.2498 27.4837 26.7819 26.7606 27.5374 23.7684 23.0836 22.277 23.9727 22.2294 21.5747 21.5593 20.8208 22.3351 20.7399 20.6708 22.9349 24.9665 25.0455 23.8651 22.4322
threshold=30.487833023071293 -0.11804120615124701 -0.12898922711610791 0.015092211309820415 6.1233437061309823 -0.015230992808938025 0.12594918161630633 0.0013302176957949998 -1.2608538866043089 0.12322959676384927 5.2351479530334482 0.34969441592693334 -0.0062752896919846526 -0.076517309993505464 0.37336523830890661 0.73321858048439037 -0.015830537304282185 0.064168818295001998 0.18878018856048587 -0.020558875985443589 0.00068773623206652712 -0.099952477961778627 0.03515943884849549 0.00040928719681687658 -1.0259085893630979 0.032179435715079314 0.10901338607072832 0.017035996541380886 0.80519503355026256 0.12918633967638019 5.2642586231231698 0.82310774922370922 5.2026302814483651 5.1955821514129648 -0.0099589456804096681 0.8722132444381715 -0.054442293941974633 0.71510490775108349 5.1781229972839364 5.2737927436828622 0.079419769346714034 1.1868983507156374 -0.00081085518468171347 -2.3972632884979244 0.0028714567888528113 0.53872063755989086 0.033036075532436378 5.1809802055358896
decision_type=2 2 2 2 2 2 2 2 2 2 2 2 2 2 2 2 2 2 2 2 2 2 2 2 2 2 2 2 2 2 2 2 2 2 2 2 2 2 2 2 2 2 2 2 2 2 2 2
left_child=1 3 4 5 -3 -1 8 38 17 10 12 24 13 -10 -14 16 -13 18 36 42 21 -21 23 32 -12 26 30 29 -29 37 31 -26 -22 -23 -24 -36 -4 -27 -8 -18 -41 -9 -19 44 45 -44 47 -45
right_child=-2 2 6 -5 -6 -7 7 41 9 -11 11 15 14 -15 -16 -17 39 19 -20 20 22 33 34 -25 25 27 -28 28 -30 -31 -32 -33 -34 -35 35 -37 -38 -39 -40 40 -42 -43 43 46 -46 -47 -48 -49
leaf_value=0.13245299564272398 0.18042963154662398 -0.049766158746337212 0.085167738896636022 0.21338413423169938 -0.27972702481509948 -0.061654340726722837 0.026873671041992678 -0.040593424115294846 0.14822853336287778 0.029162879856760596 0.0087528638889578809 -0.043976275685807142 -0.0034144941444711283 0.0074195155630240889 -0.033768781533336484 -0.01499263339768207 0.060057697878422037 0.12493944665308801 0.12821416406243566 0.12471384521435555 0.11602479911875337 -0.058779116369454029 0.099546275449011956 0.18195218085304204 -0.035703264257852724 -0.05091879268240871 0.040253922187932223 0.00045420613280589526 -0.10209222192552699 -0.11405148201022569 -0.13159155364239652 -0.15881232032851128 -0.10160659489285161 -0.01139124507417962 -0.11229278185397307 0.019069080445156407 0.0098219335057510831 0.017979203760409158 0.11345234894993275 0.049546804248821852 0.27661453197674796 0.033962467788107055 0.0036620269983122281 0.031182672557400839 0.0001188100487891394 0.25815600004200218 0.064574047651976094 -0.1368172990472844
leaf_weight=284.04416649902123 348.89303573206416 970.81276441240334 1001.518227133347 300.33710168709513 137.67625417921226 318.41055419886834 1543.9809139073041 1793.0301027111418 447.04413942678366 4774.9621611610928 2297.2213004184014 461.41255424773408 30627.033090329271 28697.835537526749 10513.465773800359 1709.1570456204936 1992.4284046359098 517.36906967608957 680.63007142761489 316.52384942947538 241.15922048396897 5082.322354746866 365.47887697914848 463.21509421056544 2496.0053381168036 1498.0983718472125 762.40651381202042 880.27300093555823 2430.23388228775 546.94797189999372 2170.7413015557395 560.34707170382899 259.07077062415192 5262.1867645774619 618.93136275117286 777.63734906463651 45626.833859194536 4688.8255484213587 1378.2122588296334 197.70277504785918 257.696732532233 1940.6846473098267 159.05343225691468 300.23880347789964 535.6356599147548 262.68381188152125 443.34890096617164 561.27178657625336
leaf_count=1645 5135 9754 4721 1740 361 1401 9035 9507 4468 29549 16932 7362 258590 273355 110546 21022 20154 3313 6785 4810 1233 29830 3135 3205 34547 12853 2914 4897 11482 2558 27814 6289 1384 38668 3974 8768 221407 23714 7730 3143 1421 11826 633 1321 2914 2082 2741 2924
internal_value=0 0.000315488 -0.000166506 0.0911299 -0.0790047 0.0291023 0.000350738 0.028784 -0.00081827 -0.00613114 -0.00794436 -0.0244179 -0.00255804 0.00960151 -0.0111843 0.0335867 0.0622938 0.00737725 0.0131459 -0.00947299 -0.0186962 -0.0299331 0.0250696 0.089312 -0.0390601 -0.0459417 -0.0724235 -0.0300951 -0.0746819 -0.00809328 -0.0889584 -0.058482 0.00233739 -0.034725 -0.00980366 -0.0388288 0.0114528 0.00120995 0.0679032 0.0825395 0.179458 -0.00170868 0.0347567 0.013865 0.0727498 0.163595 -0.0289784 -0.0777209
internal_weight=0 170152 169249 902.792 1108.49 602.455 168141 6655.91 161485 98009.8 93234.9 22949.5 70285.4 29144.9 41140.5 4618.4 2909.24 63475.1 47309 16166.1 13386.5 10661 2725.49 963.445 18331.1 16033.9 5989.5 10044.4 3310.51 6733.87 5227.09 3056.35 500.23 10344.5 1762.05 1396.57 46628.4 6186.92 2922.19 2447.83 455.4 3733.71 2779.6 2262.23 957.373 421.737 1304.86 861.511
internal_count=1275592 1270457 1265671 4786 10115 3046 1255556 38098 1217458 873610 844061 197102 646959 277823 369136 53102 32080 343848 232913 110935 95007 73308 21699 5822 144000 127068 71564 55504 16379 39125 68650 40836 2617 68498 15877 12742 226128 36567 16765 24718 4564 21333 15928 12615 5629 2715 6986 4245
is_linear=0
shrinkage=0.5


Tree=103
num_leaves=49
num_cat=0
split_feature=7 4 9 6 7 0 7 6 13 15 8 0 11 6 13 0 8 6 15 15 13 6 8 6 7 2 0 0 15 6 2 4 6 2 4 13 7 4 15 15 12 15 11 6 12 2 15 2
split_gain=21.8087 32.3709 18.1815 16.0371 36.6916 25.7313 23.7 32.2306 30.1068 24.2258 22.3048 21.9998 24.5785 21.2206 19.8879 19.0811 18.7408 18.1468 18.0073 17.2792 15.6098 31.5347 26.0742 28.6339 25.1912 22.2281 21.1366 19.4392 18.8317 20.9674 27.8678 17.2968 16.0191 22.3006 15.4193 15.1248 15.0729 14.974 14.7263 15.5103 14.5936 14.4905 14.3545 13.9281 21.7354 20.4338 15.372 23.6675
threshold=-0.057518417015671723 -0.045990454033017152 0.010990487411618234 -0.045412516221404069 0.010685420595109464 0.57492879033088695 0.0080012283287942427 0.077551644295454039 0.51183557510375988 5.1947190761566171 0.25370097160339361 0.77042892575263988 1.3176547288894656 -0.040841691195964806 -0.89563861489295948 0.98465591669082653 -0.010350571013987063 0.014229167252779009 5.2312119007110605 5.2343761920928964 -0.31981328129768366 0.16708125919103625 0.072535846382379546 0.034877773374319083 0.026427712291479114 -0.063546489924192415 0.33629450201988226 0.82855328917503368 5.2296073436737069 0.14583700895309451 -0.136195033788681 0.060221374034881599 -0.029844574630260464 -0.023281747475266453 0.13978225737810138 -0.18558874726295468 0.046816531568765647 -0.0051644577179104081 5.0733764171600351 5.2627124786376962 1.3280681371688845 5.2335526943206796 1.1220605373382571 -0.038314819335937493 1.0115990638732912 -0.0066208345815539351 5.1883480548858651 -0.081127401441335664
decision_type=2 2 2 2 2 2 2 2 2 2 2 2 2 2 2 2 2 2 2 2 2 2 2 2 2 2 2 2 2 2 2 2 2 2 2 2 2 2 2 2 2 2 2 2 2 2 2 2
left_child=1 -1 3 4 11 18 7 14 9 -9 13 12 19 41 15 17 -7 -5 -6 -2 22 25 23 24 32 42 -25 38 29 -28 -31 36 33 -15 -4 -11 -32 -35 -24 40 -40 -8 -22 44 -16 -46 47 -45
right_child=2 -3 34 6 5 16 10 8 -10 35 -12 -13 -14 20 43 -17 -18 -19 -20 -21 21 -23 27 26 -26 -27 28 -29 -30 30 31 -33 -34 37 -36 -37 -38 -39 39 -41 -42 -43 -44 46 45 -47 -48 -49
leaf_value=-0.12740503528703881 -0.021896982849783128 -0.016117992457383132 -0.13280190765585673 0.035154426058280834 0.0086553182519193382 -0.002824674858677571 0.022616284942130808 -0.015233927617379578 0.050642867457640607 -0.072603600388816372 -0.16850805909237065 0.024628867376266326 -0.14383081473439741 -0.03943351676299877 -0.090608302151734016 0.12889914133046934 0.080988342721750178 -0.0020099994149067979 -0.047799389004663698 -0.075432297137182996 -0.0074513846798626941 -0.15240828462153183 0.12324107638148553 0.058053039812675969 -0.04968090832677189 0.0059136291877205883 0.0010361035360716712 -0.10915186567757362 -0.028028882425607138 -0.14181951067045284 0.024999002596728982 -0.026621327568849537 -0.016832052114807615 0.011987273720172992 0.048553604255693356 -0.23108890317728714 0.13732789585276634 0.12723634941056441 -0.094398052004992961 0.075677537367789038 0.028344610207324629 0.12977941552355821 -0.060983244976610736 0.023840153686475529 -0.054516867415152361 0.030611232803124687 0.0099977122161283918 -0.0033045088517147238
leaf_weight=761.45228471273731 4955.5921372080484 4701.646876734696 453.33427886704158 8387.2267151468623 4458.8365818552556 1078.2095732070156 1206.7104005772271 2883.1522661029448 949.08541733713355 2134.1799928831315 208.06034284086491 1246.2284205082688 603.29423398547806 669.85049895878183 957.33465294851339 420.58774397236266 1700.8347408824338 5358.1181663022726 2060.1276544095599 2193.663202113763 3204.4938709913986 333.16894355113618 151.53100639084005 1726.9632261073566 5810.5693569462164 38841.788083832958 9796.1231990842571 1158.1464832627607 4396.7943779679626 155.99797540181316 454.08729661462712 317.9025132314564 15146.665367462578 531.37940758955665 152.61124555360584 165.17221948085353 946.8667166504456 625.80094332329463 917.31037846268009 240.32656683406094 320.77797995673609 434.60687458125176 2081.9574283446418 9135.755440549503 1181.4684643665096 1741.3652671766467 77879.762998480423 66298.620828114392
leaf_count=5778 18197 23955 8137 53442 16911 4488 4579 24752 3658 20803 11488 4859 1721 2848 2922 6752 7263 47649 7064 6723 11852 1644 1336 6311 25194 126231 70686 40811 38823 8949 4786 5154 61577 1840 1531 452 14187 2381 8318 2682 3375 1661 6560 48221 3946 5541 246829 240725
internal_value=0 -0.0317413 0.000145917 0.00033146 -0.0139864 0.00799666 0.00131392 0.00466279 -0.0309403 -0.0459842 -0.00530861 -0.0367544 -0.0466882 -0.00492162 0.00593982 0.0238904 0.0483015 0.0206318 -0.00911345 -0.0384018 -0.00597964 0.00059288 -0.0127294 -0.00950028 -0.0212423 0.0017628 0.00550634 -0.0595276 -0.000113521 0.0103617 0.0587947 0.0773644 -0.0114751 0.032647 -0.0862978 -0.0843011 0.101319 0.0748015 -0.0239155 -0.0394095 -0.0621958 0.0513584 -0.0286359 0.00431884 -0.0252402 -0.00363513 0.00507036 -1.01548e-05
internal_weight=0 5463.1 286072 285466 18296.8 9298.01 267170 177492 6131.59 5182.5 89677.9 8998.78 7752.55 89469.8 171360 14165.9 2779.04 13745.3 6518.96 7149.26 87828.5 44461.4 43367.1 40579 22784.3 44128.2 17794.7 2788.09 16067.8 11671 1874.85 1718.86 16973.7 1827.03 605.946 2299.35 1400.95 1157.18 1629.95 1478.41 1238.09 1641.32 5286.45 157194 3880.17 2922.83 153314 75434.4
internal_count=1275592 29733 1245859 1236191 67226 35726 1168965 705692 49665 46007 463273 31500 26641 451785 656027 107843 11751 101091 23975 24920 445545 146287 299258 242736 93840 144643 148896 56522 142585 103762 33076 24127 68646 7069 9668 21255 18973 4221 15711 14375 11693 6240 18412 548184 12409 9487 535775 288946
is_linear=0
shrinkage=0.5


Tree=104
num_leaves=49
num_cat=0
split_feature=5 9 14 10 14 6 14 13 11 9 7 10 7 7 9 13 13 13 3 6 5 2 5 12 5 10 2 7 7 13 14 10 5 14 13 7 2 13 6 3 14 2 10 12 7 5 5 14
split_gain=38.0012 48.6477 36.7458 75.3171 142.824 104.138 83.4052 71.3204 63.3554 61.5256 67.2657 59.5478 82.279 70.634 59.051 74.972 71.3526 53.7534 63.3283 53.3709 52.8979 49.8015 54.3279 53.6227 46.572 71.283 57.9479 77.3991 53.8311 46.2939 97.5087 145.68 52.5558 50.2541 48.6747 72.083 99.9552 73.7355 58.2959 59.4308 69.3981 45.6452 45.6353 45.3834 131.088 70.8097 64.7398 54.8037
threshold=-0.11012737825512885 -0.0036534566897898908 1.3081767559051516 -0.088109370321035371 5.9786100387573251 -0.0993044078350067 1.8942176699638369 0.87102797627449047 1.1862304806709292 0.0053382408805191526 -0.015647465363144871 -0.088109370321035371 0.001240430574398488 0.012720659840852024 -0.00028721056878566737 0.59280502796173107 -0.87258559465408314 -0.95257529616355885 0.021141218021512035 0.053708786144852645 0.0076095091644674548 0.15300970524549487 -0.034367900341749184 0.783022701740265 -0.015196507796645163 -0.37849168479442591 0.065535552799701705 -0.0030699516646564002 0.015979814343154434 0.85412579774856578 3.3474572896957402 3.005060195922852 -0.037979051470756524 5.2495274543762216 -0.74397876858711232 0.075983606278896346 -0.020512515679001805 -0.011863825377076863 0.1973560452461243 -0.024679656140506264 5.1497008800506601 0.018266206607222561 0.11334214359521867 1.5120192766189577 0.039327120408415801 0.053803723305463798 -0.0058377338573336593 2.4867757558822636
decision_type=2 2 2 2 2 2 2 2 2 2 2 2 2 2 2 2 2 2 2 2 2 2 2 2 2 2 2 2 2 2 2 2 2 2 2 2 2 2 2 2 2 2 2 2 2 2 2 2
left_child=1 -1 11 4 5 -4 7 17 24 43 -11 13 21 -2 16 -16 -15 18 -5 -20 -9 23 -23 -13 28 26 -26 -28 -6 34 32 -32 -31 -33 38 -36 37 -37 -8 40 -40 -10 -19 47 45 -45 -46 -7
right_child=2 -3 3 6 8 9 29 20 41 10 -12 12 -14 14 15 -17 -18 42 19 -21 -22 22 -24 -25 25 -27 27 -29 -30 30 31 33 -34 -35 35 36 -38 -39 39 -41 -42 -43 -44 44 46 -47 -48 -49
leaf_value=0.206238356474573 0.066541507350544343 0.025763204650705102 0.28716174724547999 -0.042712377319270856 0.059840321146937825 -0.0043686077021084469 -0.0048128035334053442 0.22609723504644141 -0.15472117345544689 0.46289456210118035 0.054243969894454389 -0.18133799026508438 0.030594838687981515 0.098236050723607304 -0.0048270603664232175 0.34727806510338466 -0.20319648503465584 0.034283563480535441 0.20969555787351118 -0.13709945740787727 -0.051586126532024018 0.048208014665243659 -0.28271265247203109 -0.012998120149409091 -0.12150704467412266 -0.29803093102631684 0.52350181202044899 -0.1110570089070346 -0.27880057065355329 -0.18796117998901701 -0.22144971499513094 0.24078760242386713 0.078128780704328965 -0.060961827774864523 0.010870326764217954 0.16781080863489781 0.017594386829483478 0.62823764158799933 0.58064613696539613 -0.25942624042993928 -0.24912851333747435 -0.39772184632757479 -0.050321462190458507 -0.019607322057260339 0.61394337886731531 0.19336426242141697 0.12195517787697752 -0.052077053804129643
leaf_weight=478.89593444592538 8513.1452956364665 1725.6426031791816 282.25337724963902 852.96171802743629 751.62137843697201 11557.996836903028 52605.824749477979 464.65041993622435 556.49472588924982 125.41986061015632 516.93570471963903 490.41823652603853 12440.509972728702 264.57744676514267 1447.5176933160255 167.48836673190817 734.67863232836316 1753.593252015442 671.35223355611379 130.3255651102736 266.98157778657333 182.63376256354968 368.97816567771224 13171.210122413402 750.01204547030648 470.2078663139182 89.288853185760672 100.01581791052013 137.94931286778592 214.51129539101385 1302.7728287328137 266.47399151860736 1306.7850931843641 280.35778935439885 103782.41717247519 225.73513435102359 573.58719707316777 146.00956894323463 49.92893879476469 408.4339605529276 48.07110231468323 306.84769551007412 16746.109870671815 3582.3941882284889 131.03900899818109 436.8993525069709 142.99931746700531 12617.301421452794
leaf_count=2974 39210 12035 915 3205 5476 60080 314832 1709 4905 864 4472 2460 55266 2162 8866 934 5354 7431 3364 3233 1505 677 2382 51018 8638 4545 957 1380 1789 1454 10843 869 6505 1718 424433 2091 4579 749 797 25664 1581 3030 68309 24323 1072 3704 1884 79349
internal_value=0 0.0652706 -0.000646596 -0.00317937 -0.0253301 -0.014446 0.000778153 -0.0289471 -0.126298 -0.0173972 0.135406 0.0137298 0.000884433 0.0444508 -0.0272928 0.0315718 -0.122867 -0.0345355 0.0516476 0.152595 0.124153 -0.0250855 -0.172354 -0.0190905 -0.0825366 -0.139055 -0.0587094 0.186794 0.00651038 0.00463252 -0.053323 -0.13048 0.0401813 0.0853407 0.00587374 0.0121282 0.149541 0.351194 -0.00644957 -0.175139 0.170168 -0.242027 -0.0422733 -0.0208672 0.0264393 0.00346077 0.360408 -0.0292899
internal_weight=0 2204.54 252434 214653 32555.7 29393.2 182097 20886 3162.44 29111 642.356 37781.2 26653.8 11127.4 2614.26 1615.01 999.256 20154.3 1654.64 801.678 731.632 14213.2 551.612 13661.6 2299.1 1409.52 939.317 189.305 889.571 161211 3370.9 1849.6 1521.3 546.832 157840 104728 945.332 371.745 53112.3 506.434 98 863.342 18499.7 28468.6 4293.33 4019.29 274.038 24175.3
internal_count=1275592 15009 1260583 1092254 207383 176663 884871 88756 30720 175748 5336 168329 111803 56526 17316 9800 7516 85542 9802 6597 3214 56537 3059 53478 22785 15520 10975 2337 7265 796115 21389 13430 7959 2587 774726 431852 7419 2840 342874 28042 2378 7935 75740 170412 30983 28027 2956 139429
is_linear=0
shrinkage=0.5


Tree=105
num_leaves=49
num_cat=0
split_feature=12 10 15 16 15 16 2 14 12 15 14 14 4 10 12 16 10 13 14 10 10 16 12 3 14 3 14 14 2 1 16 6 14 3 10 2 3 5 14 2 10 3 12 13 13 13 10 10
split_gain=19.1851 82.0792 53.7526 30.2805 36.2941 39.3815 35.6772 37.6183 25.0288 55.6818 27.2238 35.5129 28.5655 23.4085 51.6015 33.8782 25.6393 22.6644 24.0278 22.0646 21.6078 45.267 39.8007 24.8552 23.4014 21.8315 21.0766 21.0337 20.8668 26.2801 22.1589 23.4027 20.4868 25.2463 21.6986 18.8329 18.1102 17.9902 22.4019 17.9844 31.8791 17.715 21.2661 17.3621 17.3036 17.1725 17.5615 16.4387
threshold=1.5120192766189577 3.2299073934555058 5.1938333511352548 -2.0166803598403926 5.2755310535430917 -0.89805006980895985 0.091527290642261519 1.4199784994125368 1.4689791202545168 5.2485427856445321 2.5597944259643559 4.6645710468292245 0.011501326691359283 2.2915848493576054 0.84822139143943798 -1.7185065746307371 2.5294514894485478 0.87102797627449047 6.2999665737152108 6.1233437061309823 0.46403701603412634 -0.13672894239425656 1.6780508160591128 0.1313474923372269 2.0063060522079472 0.020468895323574546 2.460468173027039 5.3538100719451913 -0.15300346910953519 0.32394216954708105 -1.2773798108100889 -0.025043804198503491 2.2898253202438359 -1.0000000180025095e-35 1.4044046401977541 -0.05132771469652652 -0.010893221013247965 0.021605360321700576 2.1691335439682011 0.0079035824164748209 -0.10608045011758803 0.013382240664213898 1.4034826159477236 -0.060195643454790108 -0.71325173974037159 -0.49291408061981196 0.47882443666458135 -0.016052544116973873
decision_type=2 2 2 2 2 2 2 2 2 2 2 2 2 2 2 2 2 2 2 2 2 2 2 2 2 2 2 2 2 2 2 2 2 2 2 2 2 2 2 2 2 2 2 2 2 2 2 2
left_child=8 3 -3 32 20 -6 7 -7 13 27 12 -12 -11 -1 16 -16 -15 18 19 41 21 28 24 -22 25 43 -4 39 -5 30 31 -30 34 -34 -2 -9 -18 38 -33 40 -10 42 -17 47 -20 -41 -47 -23
right_child=1 2 26 4 5 6 -8 35 9 10 11 -13 -14 14 15 17 36 -19 44 -21 23 22 -24 -25 -26 -27 -28 -29 29 -31 -32 37 33 -35 -36 -37 -38 -39 -40 45 -42 -43 -44 -45 -46 46 -48 -49
leaf_value=0.0027789861726477609 0.090112613005193298 0.0019647413799896451 0.010705885040704357 0.031037491598523689 -0.061607294694856637 0.21865712082644004 -0.055944496184988333 0.1415497752236495 0.14935024576962339 -0.15255554355997245 0.11006349437749405 -0.077207327542450827 0.0079127209000601235 -0.034799237398445183 -0.083353464270760291 0.015009153405847355 0.16685420685603286 -0.13353341415903031 -0.011252570941164752 -0.10910377661659082 -0.004315592858519705 -0.093064742987124971 0.09247746616369823 -0.056223004073180885 0.0062886643135346074 -0.0048799304605552356 0.17508788469021483 0.10589623338912656 -0.1722223449124996 -0.07918917121841243 0 0.069642605409152514 -0.058417096939324051 0.038357384303125776 -0.044132963209719017 0.018333763467014822 0.052525910317870961 -0.1300506253193516 -0.070540542155366551 0.049242331138614086 0.031985451578124519 -0.015257701279300845 0.12867377687807374 -0.15676922722341741 -0.077583018931834141 -0.08953813183934653 0.021995120770330133 0.048006155316154521
leaf_weight=199120.96968646953 1586.9453803887591 1228.9665177608986 243.74988519307226 694.65215864777565 794.01712424587458 476.773367757909 473.88314487785101 451.26354831364006 779.57830156944692 747.09047266840935 516.03698645997792 493.05392807998578 431.45539811439812 580.51101719855797 2144.5895631749772 4431.9979311393108 498.30702147964621 400.81935308838729 1887.2789182899069 451.88260534987785 21115.839077600394 644.29168616607785 942.53950228542089 2592.6813532977831 4431.210939552635 1378.4500144030899 1129.5437595916883 1343.5773783185141 435.45649214461446 6236.737612537574 2722.7725716196001 510.98184604756534 1158.180487842299 1607.6448306547245 365.29756704811007 1026.3587251901627 1209.9439030289614 412.00477069430053 639.73947081901133 1197.821332231164 2307.7088541425619 5717.0167276690481 455.0916837034747 621.38259439915419 2098.8148479214651 684.89116261666641 715.43213638104498 297.73544200137258
leaf_count=752085 5062 16697 828 2643 1970 1196 962 1203 3617 1744 1609 1822 1119 2306 70713 22490 3667 3675 64504 8267 71671 2748 4470 11850 16460 5721 12804 7288 911 19408 8912 1568 4334 8865 1134 2347 14691 1116 1881 4640 7984 38772 1641 2158 47858 2588 2363 1230
internal_value=0 -0.00824259 0.0783561 -0.0126196 -0.0164673 0.0346775 0.0663796 0.0963087 0.00222026 0.0277453 -0.04178 0.0180799 -0.0934287 0.00114361 -0.0152138 -0.0244244 0.0553251 -0.0162036 -0.0130353 -0.000988733 -0.0202527 -0.0323818 -0.00413462 -0.0100152 -0.0165637 -0.0511458 0.146304 0.0494576 -0.0524952 -0.0578386 -0.0295162 -0.0694891 0.0255168 -0.00199237 0.0647273 0.0563722 0.0862468 -0.0404507 -0.00785117 0.0360159 0.0618222 0.00358118 0.0257202 -0.0915893 -0.0463139 0.00514683 -0.0322234 -0.0479443
internal_weight=0 54219.1 2602.26 51616.8 46898.8 3222.3 2428.28 1954.4 228214 9216.65 2187.64 1009.09 1178.55 218997 19876.3 17587.5 2288.76 15442.9 15042.1 11056 43676.5 19968 8315.61 23708.5 7373.07 2941.86 1373.29 7029.01 11652.3 10957.7 4720.96 1998.18 4718.07 2765.83 1952.24 1477.62 1708.25 1562.73 1150.72 5685.43 3087.29 10604.1 4887.09 1563.41 3986.09 2598.14 1400.32 942.027
internal_count=1275592 210149 30329 179820 160425 7678 5708 4746 1065443 34774 6294 3431 2863 1030669 278584 257920 20664 187207 183532 71170 152747 69226 32787 83521 28317 11857 13632 28480 36439 33796 14388 5476 19395 13199 6196 3550 18358 4565 3449 21192 11601 62903 24131 6136 112362 9591 4951 3978
is_linear=0
shrinkage=0.5


Tree=106
num_leaves=49
num_cat=0
split_feature=13 16 14 1 16 3 9 5 16 3 9 1 9 9 16 4 9 13 13 14 4 3 4 4 7 1 16 6 5 14 6 14 10 9 3 4 1 10 14 4 16 5 4 16 5 5 3 6
split_gain=26.8136 37.6556 19.6365 19.2229 41.5867 47.4638 37.0745 27.5044 24.0694 22.7371 21.8063 55.3385 34.7976 135.269 73.8407 41.1147 40.222 34.6767 34.5335 45.0959 39.5548 35.4968 42.0795 32.6944 32.6195 32.5552 32.2886 31.7991 31.1969 31.8696 29.5258 40.5636 36.3824 25.5087 38.7821 27.6327 28.4475 32.6033 28.0667 25.3421 33.6556 30.1866 25.2457 24.0453 23.6022 29.8101 22.7851 22.394
threshold=0.71128690242767345 -3.4269832372665401 2.4350724220275883 0.51638460159301769 -1.2100517153739927 0.13379610329866412 -0.0027513195527717467 -0.09690342471003531 -0.10205796733498572 -0.071731608361005769 -0.00064771744655445207 0.40678179264068609 -1.0000000180025095e-35 1.0000000180025095e-35 -2.6832082271575923 0.015092211309820415 0.00036661082413047558 0.43209660053253179 -0.92919814586639393 5.0499207973480233 0.049053654074668891 0.012753029353916647 0.017216934822499756 -0.11032428219914435 -0.036607576534152024 0.27673083543777471 -1.5298316478729246 0.14111471176147464 0.0028714567888528113 3.1375684738159184 0.052734071388840682 8.7404565811157244 1.6096634864807131 -0.0031854961998760696 0.17086257785558703 -0.099952477961778627 0.26741340756416326 7.982689857482911 5.1996951103210458 -0.021305447444319722 -0.92627522349357594 0.02538927644491196 0.01404468296095729 -1.1784296035766599 -0.030502781271934506 0.026492582634091381 0.019826872274279598 -0.017985236831009385
decision_type=2 2 2 2 2 2 2 2 2 2 2 2 2 2 2 2 2 2 2 2 2 2 2 2 2 2 2 2 2 2 2 2 2 2 2 2 2 2 2 2 2 2 2 2 2 2 2 2
left_child=3 -2 -3 10 5 -5 7 8 -6 -9 11 33 18 14 15 17 25 28 19 -12 21 -21 -23 -20 -16 -15 -27 42 30 -30 31 32 -14 34 -1 -35 37 38 -37 -18 41 -41 -26 46 -25 -46 -29 -40
right_child=1 2 -4 4 6 -7 -8 9 -10 -11 12 -13 13 16 24 -17 39 -19 23 20 -22 22 -24 44 27 26 -28 43 29 -31 -32 -33 -34 35 -36 36 -38 -39 47 40 -42 -43 -44 -45 45 -47 -48 -49
leaf_value=0.14489340354481003 0.13202679160759206 -0.0047339830393917075 -0.071352302659340019 0.22786440029844618 -0.2498487521216804 0.01540094095950177 0.02080376245876114 -0.12397870150152848 -0.042554573434017681 -0.0041941909408664251 -0.020708049356396384 -0.015224629523330679 -0.055411160339768839 -0.044564939461089373 0.013243399440867163 0.15366949571643662 -0.013604769234364409 0.21259542189076477 0.19603601407912341 -0.060151581914827404 0.03225060853655283 -0.14867982306133684 -0.39187820135756463 0.027757588058745675 0.19184374598256784 0.073960520132004381 -0.017176024513231795 0.087768085550476521 -0.043432516680664592 0.19823410058346749 0.065534293705658248 0.085399467356548242 -0.24671233277378582 0.14014765901327142 -0.049574986644263803 0.026393503241977159 0.006067454624558744 -0.099742252011988997 0.22200507665746624 0.040811984725256142 -0.0072566706989732081 -0.0091379154234874187 0.37901889982692138 0.2225969981086976 -0.031942340376381544 0.014975438883056429 -0.20510337376803028 0.077112717388826968
leaf_weight=928.63973787493887 311.63872045790777 1775.2072972580645 3009.9206221003697 472.02976722735912 227.43206818663748 604.37281170728966 19929.270998845954 418.29807245999109 382.60331232938915 7432.6935929952888 3376.4185834795353 15680.479828545867 751.28379078023136 10211.562561743252 334.92541180376429 572.125780904782 17337.416833352385 187.50675601838157 186.32821775041521 701.23562449135352 369.10248159681214 747.44968847706332 239.68259317125194 2953.6417480259261 863.14001115416613 1238.4990218051535 4493.5697358614852 193.93347886396805 233.72930397023447 316.45463468367234 487.42863295471761 301.2146915353369 378.40322494413704 460.56177819889854 348.81813789522857 3660.6119004489155 17598.668373143955 363.00088110612705 312.59576546645258 10875.448317537783 13758.827738309898 4168.7931357537454 239.84096391638741 173.76991863804869 13716.719208285533 4477.921874234351 99.435097415640485 2033.8182394893374
leaf_count=5543 1293 31625 47006 4182 1098 11108 147713 3457 2084 47000 16230 126918 2457 54089 1614 2799 130710 740 1377 3277 2439 4934 1261 24293 4080 7274 44496 2103 747 2008 6017 1666 1203 4077 2540 22404 135385 2360 1810 60805 129384 22534 1216 1112 101018 33965 851 11290
internal_value=0 -0.0356956 -0.0467486 0.00112326 0.0126978 0.109161 0.00901913 -0.0186787 -0.120938 -0.0106549 -0.00139256 0.00816538 -0.00560682 0.000457323 0.0784616 0.0321796 -0.00598528 0.00577359 -0.0208524 -0.0564578 -0.114844 -0.147297 -0.208573 -0.0117581 0.156567 -0.0276361 0.00243764 0.186794 -0.00981372 0.0947695 -0.0401028 -0.0764573 -0.120094 0.0224522 0.0914042 0.0188225 0.0164646 0.0451052 0.0539567 0.00148566 0.0105865 0.0269378 0.233304 0.0756456 -0.0136217 -0.0203676 -0.0101595 0.096715
internal_weight=0 5096.77 4785.13 164840 29466.7 1076.4 28390.3 8461.03 610.035 7850.99 135373 41387.2 93985.8 67217.3 5133.19 3228.15 62084.1 2656.02 26768.5 5433.89 2057.47 1688.37 987.132 21334.6 1905.04 15943.6 5732.07 1570.12 2468.51 550.184 1918.33 1430.9 1129.69 25706.7 1277.46 24429.3 23968.7 6370.03 6007.03 46140.5 28803.1 15044.2 1102.98 467.138 21148.3 18194.6 293.369 2346.41
internal_count=1275592 79924 78631 1195668 216642 15290 201352 53639 3182 50457 979026 312327 666699 477905 28613 17637 449292 14838 188794 28141 11911 9472 6195 160653 10976 105859 51770 9362 14098 2755 11343 5326 3660 185409 8083 177326 173249 37864 35504 343433 212723 83339 5296 4066 159276 134983 2954 13100
is_linear=0
shrinkage=0.5


Tree=107
num_leaves=49
num_cat=0
split_feature=7 1 13 4 15 13 14 16 11 11 15 15 16 6 1 6 13 14 14 6 2 15 1 14 6 13 5 11 14 15 13 13 7 11 1 8 5 4 1 2 7 14 5 1 8 14 11 8
split_gain=16.5714 15.8558 16.7492 15.3158 23.6418 16.6317 57.3606 29.6397 17.5088 17.5967 21.1484 25.5549 17.0201 22.2894 23.6539 19.107 19.9329 16.954 16.534 15.3199 15.0156 13.5675 32.6086 37.308 27.6433 22.4983 19.2261 17.1211 27.4494 25.4591 25.2189 21.9221 21.7028 18.1204 19.1052 17.1027 16.5253 16.2191 15.9033 15.1189 14.7456 14.6504 18.0269 16.2128 18.816 14.9631 29.7467 20.1323
threshold=-0.092642463743686662 0.751446694135666 -0.29016585648059839 0.0080122090876102465 5.2845277786254892 0.54529505968093883 12.831432819366457 0.93194282054901134 1.3410789370536806 1.1946251392364504 5.250798463821412 5.2185442447662362 -2.2282930612564082 0.084438718855381026 0.22215182334184649 -0.05866498872637748 0.52916985750198375 9.7088484764099139 1.443065404891968 0.2074261158704758 0.036457639187574394 5.2153091430664071 0.53832441568374645 3.8148206472396855 0.064612321555614485 -0.048298403620719903 0.16515446454286578 1.1220605373382571 3.6366999149322514 5.2137134075164804 -0.50755974650382985 -0.86332714557647694 -0.047616004943847649 1.1662922501564028 0.36378115415573126 -0.0069444936234503976 -0.05293613672256469 0.13215188682079318 0.31754162907600408 -0.12713535875082013 -0.012345769908279179 12.831432819366457 -0.0032831031130626793 0.32231281697750097 0.0081436880864202994 2.8776901960372929 1.1254499554634096 -0.034964907914400094
decision_type=2 2 2 2 2 2 2 2 2 2 2 2 2 2 2 2 2 2 2 2 2 2 2 2 2 2 2 2 2 2 2 2 2 2 2 2 2 2 2 2 2 2 2 2 2 2 2 2
left_child=-1 3 -3 19 5 12 7 8 9 17 11 -11 13 14 18 -14 21 -7 -5 -2 -21 26 24 -24 39 35 27 28 30 33 -17 38 -33 34 40 -25 -34 -38 -30 -23 -29 45 -43 -44 -45 46 47 -41
right_child=1 2 -4 4 -6 6 -8 -9 -10 10 -12 -13 15 -15 -16 16 -18 -19 -20 20 -22 22 23 25 -26 -27 -28 29 31 -31 -32 32 36 -35 -36 -37 37 -39 -40 41 -42 42 43 44 -46 -47 -48 -49
leaf_value=-0.079167396226718104 0.0036536007614758588 -0.12504878153649548 0.17859828624530136 -0.085291342618420085 -0.074383698885479924 0.0083374264417680286 0.21439805234649614 -0.13309861582951665 -0.070459713028243068 0.042712821929057822 -0.03333897242462977 0.17014084273201063 -0.041998789617337988 -0.21908507114606246 -0.059488552599540882 -0.0086357577878376657 -0.089285497131201125 -0.10572596466111853 0.014272086177258567 -0.1162195553762701 0.047088647357195861 -0.038078634847076562 -0.09227976205829172 -0.027421826987955679 -0.034992283374735242 -0.11168203884377184 0.077958044522597733 -0.014878912277822431 0.096273466054517767 -0.15121960519079947 0.027423366744279441 0.079535644703155592 0.027356064384544083 -0.0098601359616646723 -0.016618495851154002 0.090245099411702764 -0.033283913784398322 0.071913556013423599 0.0052100130601701869 -0.083194055395788821 -0.12111298344179651 -0.089230756928043609 -0.068807274308795977 0.16477401502436589 -0.017303134173045912 0.031230709113799136 0.040693457264643677 -0.0025207921318005457
leaf_weight=660.9879028290743 164611.23734181066 418.11998339976708 48.792702161692432 478.92401115913526 1181.4386797495972 11009.095151834423 340.8755939071998 365.69149593007751 633.9652467421256 2098.7507085055113 649.53251099819317 489.848179012537 3193.3338214925752 152.04035971605845 2867.3968249282516 8450.9152769981447 659.27210946008563 334.30709956213832 3171.8597304872528 502.89819322008407 189.57823845616076 1255.0243641498382 1726.1563658159575 507.90952174385893 2993.7523221412484 286.67327487934381 664.01453812996624 478.44095470407046 632.63094693845778 353.97940308637044 11322.993975567806 506.99610833299812 1347.6494817669736 19147.533155934732 2108.6888194253697 765.41732198611135 13574.535648201767 372.74769082339481 2027.0135205125116 885.28257377259433 1113.9186425185762 692.34839736469439 331.07792920933571 271.04038979951292 287.04974621642032 14753.262350150617 4125.6004439191893 6191.3595768070663
leaf_count=4743 709628 10063 225 2457 4418 35557 1454 1379 1995 7909 1190 1373 12441 8151 22759 45864 1919 1219 18260 19006 2540 6467 9994 3199 25012 677 6080 1613 4872 1095 40846 1906 5454 80017 9069 5838 49227 1724 16556 4048 3815 1908 832 853 1218 42521 11847 24354
internal_value=0 2.99477e-05 -0.091935 0.000180002 -0.00399931 -0.003322 0.0117508 0.00727183 0.0106869 0.0142538 0.0467754 0.0670759 -0.00555511 -0.0300268 -0.0255073 -0.00393415 -0.00268617 0.00492271 0.00105427 0.00333831 -0.0707865 -0.00209259 0.00576148 -0.0416163 0.0106765 0.0141462 -0.00653622 -0.00745881 -0.000942836 -0.0181744 0.0119876 -0.0148194 -0.0219056 -0.0160848 -0.0481421 0.0429326 -0.0253058 -0.0304317 0.0270866 0.0154435 -0.089537 0.0179022 -0.0286735 0.0179647 0.0703662 0.0207604 0.00692501 -0.0126939
internal_weight=0 290571 466.913 290104 124800 123619 15922.1 15581.2 15215.5 14581.5 3238.13 2588.6 107697 6670.22 6518.18 101027 97833.3 11343.4 3650.78 165304 692.476 97174 35072 3286.16 31785.8 1560 62102.1 61438 38235.5 23202.6 19773.9 18461.6 15801.9 22848.6 3701.05 1273.33 15294.9 13947.3 2659.64 28792 1592.36 27537 1581.52 889.168 558.09 25955.5 11202.2 7076.64
internal_count=1275592 1270849 10288 1260561 529387 524969 52076 50622 49243 47248 10472 9282 472893 51627 43476 421266 408825 36776 20717 731174 21546 406906 138768 19708 119060 9714 268138 262058 166449 95609 86710 79739 58311 94514 14497 9037 56405 50951 21428 94048 5428 87581 4811 2903 2071 82770 40249 28402
is_linear=0
shrinkage=0.5


Tree=108
num_leaves=49
num_cat=0
split_feature=8 1 16 3 14 15 4 11 14 14 1 3 14 6 15 0 3 2 1 15 7 8 8 2 8 7 6 14 6 14 16 14 14 0 14 8 6 4 2 1 3 6 16 8 2 1 14 0
split_gain=39.1256 31.3464 102.851 59.5815 73.9335 53.7088 52.4782 48.8694 34.4912 49.88 127.307 32.9309 52.0266 66.3821 54.2172 46.4831 43.9048 38.4703 41.791 32.048 28.2999 28.1484 52.5826 26.3796 25.2483 61.0474 85.4468 86.8075 66.8207 66.1583 61.7628 71.8256 111.413 173.553 96.6109 78.1199 132.017 75.6957 71.8312 61.9711 60.815 73.044 57.2827 106.03 104.745 90.983 75.6354 67.7215
threshold=0.27697925269603735 0.65244200825691234 -0.26421590149402613 0.069419685751199736 1.4199784994125368 5.2619335651397714 0.096048463135957732 0.90237736701965343 6.2999665737152108 8.0925374031066912 0.70741549134254467 0.33771623671054846 3.4094896316528325 0.00034585934190545237 5.259646177291871 0.97610110044479381 0.29931443929672247 -0.27498798072338099 0.44785432517528539 5.2689416408538827 0.012720659840852024 0.026859298348426822 0.0068703715223819026 0.28860852122306829 0.009522988926619293 0.088861361145973219 0.042451407760381706 4.8475351333618173 0.18878018856048587 9.4031214714050311 0.58679187297821056 10.816513061523439 3.6731528043746953 0.97610110044479381 3.1941297054290776 0.055681778118014343 -0.0017109779291786251 -0.008606204763054846 -0.024252688512206074 0.55497595667839061 -0.001983085996471345 0.11197141185402872 0.3964794278144837 -0.064214628189802156 -0.06210078485310077 0.56440725922584545 7.800262689590455 0.8722132444381715
decision_type=2 2 2 2 2 2 2 2 2 2 2 2 2 2 2 2 2 2 2 2 2 2 2 2 2 2 2 2 2 2 2 2 2 2 2 2 2 2 2 2 2 2 2 2 2 2 2 2
left_child=1 11 -3 4 -4 8 7 -6 -5 10 -10 16 13 -13 15 -15 24 19 -19 -18 -11 22 -14 -20 42 30 -27 28 40 -29 39 32 33 34 -32 -34 -37 -36 -33 -26 -28 -42 -1 -44 -45 46 -46 -48
right_child=-2 2 3 5 6 -7 -8 -9 9 20 -12 12 21 14 -16 -17 17 18 23 -21 -22 -23 -24 -25 25 26 27 29 -30 -31 31 38 35 -35 37 36 -38 -39 -40 -41 41 -43 43 44 45 -47 47 -49
leaf_value=-0.00095197505386227963 -0.21936576945311873 -0.34478314937520227 0.29079157030477998 -0.3369871410646183 -0.24000442059300559 0.0061047794917011341 0.28743962701638692 0.028967557160110107 -0.3892330892636926 -0.36211164066390572 1.2591046462215816 -0.27223404101052767 -0.12752875626892934 -0.35190741934077296 0.90648315076491248 0.69382867143084015 -0.21243981232299641 0.13838528314200371 -0.4806566835467031 0.3967039484544474 0.17149188405095361 -0.40707142527385748 0.50459559847230706 -0.010657780491009164 0.0057910592020104295 -0.19573825230655612 0.1247927194826077 -0.27839626663770806 0.026902316762396242 0.22804548524686266 0.051561148772832056 0.58495419738485099 -0.17503257309240602 0.92582953428271175 0.032032393087865395 0.52282150764628099 -0.166541822488493 0.69772078880637267 0.083644341915347337 -0.062804115583923556 0.37079008680077497 0.9630036586111812 0.18073063977721152 0.035912033646604447 -0.13958460553286856 0.047738036858095828 0.088681037674907134 -0.3620858511673723
leaf_weight=137084.35256262642 202.11547011623043 274.1111738162017 260.91713168971182 293.88050331656086 254.68863934503315 462.41789862141013 123.88811695482582 489.36705039031222 23.367880566886015 89.307726561019081 21.233071125607239 26.380714065697248 92.956960676547169 21.243355076410808 58.235946785840497 18.951459293355583 39.61853412304481 44.791284474154963 153.88910144278634 43.95573438601059 32.151728884684417 34.58645842099213 49.135966729554639 39.760612825353746 97841.37337857316 153.90380862361781 97.815753395610955 125.04437171202881 123.48148331508128 130.7399184110036 1428.5251410256315 131.72967969010642 686.91461621935014 64.771912132291618 72.241775695616525 123.33570263255388 155.046456093507 109.93052704870206 161.586551077693 3405.4948395029205 141.11823541529884 88.23128280795936 502.95782465203229 2305.561168524986 4507.7105112833451 1019.8908645639058 657.75508528674254 94.191258509832551
leaf_count=525606 14767 11120 1398 13670 2638 2062 872 3727 1110 4875 1264 741 5381 2022 578 1679 3217 1248 5801 250 2249 3896 1298 588 422231 1079 687 4995 5262 5550 23388 1194 14395 1438 1256 878 2219 1607 1673 27264 1029 1757 5372 30036 85204 14336 7961 2724
internal_value=0 0.000168392 -0.0576029 -0.0188331 0.0578827 -0.113227 -0.0118119 -0.0626284 -0.234039 -0.0479303 0.394925 0.000704034 0.165584 0.411391 0.600535 0.133883 0.000503763 -0.183709 -0.286275 0.102929 -0.216531 -0.00658521 0.0895654 -0.387275 0.000742615 0.00665735 0.139247 0.213107 0.344974 -0.0177098 0.00555629 0.0770663 0.0507069 0.12875 0.0958323 -0.0842291 0.137865 0.438083 0.311706 0.00347829 0.463052 0.603978 -0.00350438 -0.0419455 -0.0550687 -0.0885527 -0.11508 0.0311465
internal_weight=0 254163 2325.33 2051.22 1128.86 922.359 867.944 744.056 459.941 166.06 44.601 251837 301.491 124.811 98.4308 40.1948 251536 322.015 238.441 83.5743 121.459 176.679 142.093 193.65 251214 105041 860.335 706.431 450.647 255.784 104181 2934.08 2640.77 1675.47 1610.7 965.297 278.382 182.172 293.316 101247 327.165 229.35 146172 9088.07 8585.11 6279.55 5259.66 751.946
internal_count=1275592 1260825 44985 33865 8635 25230 7237 6365 23168 9498 2374 1215840 15595 5020 4279 3701 1200245 11104 7637 3467 7124 10575 6679 6389 1189141 517902 20359 19280 8735 10545 497543 48048 45181 27689 26251 17492 3097 2863 2867 449495 3473 2786 671239 145633 140261 110225 95889 10685
is_linear=0
shrinkage=0.5


Tree=109
num_leaves=49
num_cat=0
split_feature=3 13 11 3 13 11 12 12 11 12 11 12 3 16 11 11 12 12 11 11 12 11 12 11 12 16 11 11 11 12 12 13 12 11 11 12 11 11 6 3 11 11 12 12 16 12 3 12
split_gain=12.9358 30.3225 26.1695 16.9854 16.7735 12.96 377.06 87.9511 61.5941 32.6387 89.506 24.5231 35.0747 36.6991 34.5739 32.3534 94.7858 25.8685 143.923 108.835 87.4726 99.2035 97.7358 168.721 80.4081 89.7928 46.9088 45.1327 64.7638 270.549 47.6466 43.3022 34.5213 61.86 42.8429 72.5093 43.5697 24.5586 24.4376 31.6188 23.7737 23.2754 31.9811 32.7707 25.2288 26.3491 22.749 22.2433
threshold=-0.14764796942472455 -0.81786394119262684 0.84736987948417675 -0.12898922711610791 -0.85364890098571766 1.3281145691871645 1.118389964103699 0.84089922904968273 1.3461190462112429 1.0890218615531924 1.3487418293952944 1.0860740542411806 0.080696895718574538 -1.3103568553924558 0.57972732186317455 1.3202299475669863 1.1272804141044619 0.86066433787345897 0.9402965009212495 0.61192080378532421 0.96563634276390087 0.74703198671340953 0.90757063031196605 0.78854277729988109 0.9220750927925111 -0.98284605145454396 0.87317955493927013 0.99010044336318981 0.57371956110000621 0.77363595366477977 0.7421814799308778 -0.62601223587989796 0.88002073764801036 1.2880068421363833 1.208254933357239 0.96218046545982372 1.3075324892997744 1.1890683770179751 0.0049381605349481114 0.087860349565744414 0.48614172637462622 1.1416780948638918 0.82590743899345409 0.6849467158317567 -0.28688609600067133 0.7421814799308778 -0.034787679091095917 0.6849467158317567
decision_type=2 2 2 2 2 2 2 2 2 2 2 2 2 2 2 2 2 2 2 2 2 2 2 2 2 2 2 2 2 2 2 2 2 2 2 2 2 2 2 2 2 2 2 2 2 2 2 2
left_child=1 2 -1 4 -2 11 7 -7 -8 -9 -11 12 17 14 -14 -13 -17 27 19 24 22 46 23 -21 -19 40 -24 28 29 30 -5 -27 33 37 -34 -36 -37 -20 39 -15 -26 42 43 -29 45 -45 -22 -30
right_child=3 -3 -4 5 -6 6 8 9 -10 10 -12 15 13 38 -16 16 -18 18 32 20 21 -23 26 -25 25 31 -28 41 47 -31 -32 -33 34 -35 35 36 -38 -39 -40 -41 -42 -43 -44 44 -46 -47 -48 -49
leaf_value=0.21285926482258771 0.014897819072304714 -0.0227308453906882 0.032104961018431154 0.47821428502801305 -0.088861727138689672 0.3062077248587336 0.23537410244704565 -0.064027542521960704 0.57551474567315175 -0.058019163422220445 0.38494411586232252 -0.0024441306276482971 0.28930014103351853 0.11780793007629957 0.068845237445020094 -0.058798907789717719 0.39841334827709524 -0.10395264914478518 0.15330156703294145 -0.031085187140136691 0.058169652599796035 0.0049268437822377912 0.37697517653375295 0.2762608448972223 0.1176516894316698 -0.17482867922252435 0.14798396946700351 -0.049038873543507826 0.0045119920297804778 -0.08042886054082822 0.18717221388149249 0.05296284812145894 -0.026214274606789174 -0.13354039585417832 -0.030823934947628688 0.061474754320238328 -0.042342380225948009 0.029720830066178056 0.034109394805560037 -0.025790691603970253 0.33283023968624925 -0.0055691791259648432 -0.03559369597443298 0.24237089488168431 0.036863073270855702 0.090982901852178902 0.24052248005799134 -0.056611980868298856
leaf_weight=362.49230443034321 607.57284006585542 829.17892342197592 464.16771273800987 295.15361785915229 1047.2580399882427 171.05813160629623 341.49485874659149 7228.5044640778215 228.77607946406351 428.54450308110245 153.73653214731894 191559.33320338072 195.66447240952402 423.66494756465545 2097.6960693106157 271.44521388744761 191.54521577530249 1382.7575462649729 913.46416982346273 1063.9804521549668 240.25804583670106 2930.9980319608585 623.3428362988634 765.18143222820072 267.10504139435943 331.99985340703279 365.30669700080762 457.58484313930967 1781.286492864223 1171.1719408959325 286.62939905305393 553.30841998616233 17214.573901332558 345.54415107555542 5640.5560851998926 6167.1272941553761 1202.0085024450527 739.19734387067729 9129.0673978822015 3880.5763924292696 268.30401344387792 5264.5782565287482 897.55339231577818 442.67549490975216 1022.1162169461604 874.96039569863933 677.27073699339235 8608.8159917787125
leaf_count=1146 1912 2554 1449 1128 3086 759 2034 74826 1963 3866 1138 810539 1418 1858 25783 2850 1288 5009 3481 3578 903 10221 3499 2816 1002 1612 1306 1427 5857 3728 917 3043 68895 1561 34193 34220 9468 2866 55717 18644 1115 18961 2938 1615 3639 2886 2984 27894
internal_value=0 0.0443231 0.112132 1.09434e-05 -0.0504784 0.000312279 -0.0188475 -0.0469831 0.373472 -0.0548203 0.0585363 0.000919851 0.00836533 0.0294845 0.0879898 -0.00212217 0.129729 0.00306779 0.0102939 0.0644843 0.0992523 0.050037 0.166251 0.0972924 -0.0180176 0.065284 0.293103 -0.011185 -0.0310598 0.0576894 0.336251 -0.0319981 -0.00561803 0.0579782 -0.00984087 0.0117865 0.0444694 0.0983805 0.0194533 -0.0115161 0.226833 0.0156968 0.0461256 0.0725281 0.0965274 0.142368 0.193432 -0.0460853
internal_weight=0 1655.84 826.66 280751 1654.83 279096 8552.11 7981.84 570.271 7810.79 582.281 270544 78521.5 15726.7 2293.36 192022 462.99 62794.8 41692.3 9469.81 6666.34 3848.53 2817.81 1829.16 2803.47 1420.72 988.65 21102.5 12143.1 1752.95 581.783 885.308 32222.5 1998.21 30224.3 13009.7 7369.14 1652.66 13433.3 4304.24 535.409 8959.47 3694.89 2797.34 2339.75 1317.64 917.529 10390.1
internal_count=1275592 5149 2595 1270443 4998 1265445 84586 80589 3997 79830 5004 1180859 366182 103420 27201 814677 4138 262762 191772 37088 25307 14108 11199 6394 11781 6772 4805 70990 39524 5773 2045 4655 154684 7908 146776 77881 43688 6347 76219 20502 2117 31466 12505 9567 8140 4501 3887 33751
is_linear=0
shrinkage=0.5


Tree=110
num_leaves=49
num_cat=0
split_feature=11 16 14 14 15 0 0 6 0 15 4 0 16 15 11 15 0 8 6 14 16 10 4 4 2 0 16 15 10 10 14 5 8 2 11 8 11 5 4 16 10 5 10 16 16 5 15 2
split_gain=20.2456 31.2028 21.8444 19.4105 44.1321 61.7605 57.0089 29.66 35.8624 27.6779 27.6154 27.9163 26.2743 24.0301 25.7308 23.0456 27.015 22.2407 21.2044 18.398 22.2197 18.2765 19.0641 18.0364 23.1383 18.6036 30.7336 19.2108 29.0533 32.1504 18.7186 17.8988 17.7103 34.2572 21.2119 19.5891 28.362 26.0949 19.0984 18.2525 17.2224 17.8368 17.0308 17.7687 26.1681 16.9588 16.2556 16.1571
threshold=0.4598239958286286 -3.263436913490295 1.9619180560112002 9.2630157470703143 5.2448542118072519 0.62366715073585521 0.45365129411220556 0.013076898176223041 0.55401051044464122 5.1964592933654794 -0.11032428219914435 0.94268730282783519 -0.57118329405784596 5.1911010742187509 0.8817860782146455 5.2405002117156991 0.90799045562744152 -0.11804120615124701 0.010100627318024637 11.497698783874513 -2.5965871810913081 3.7094899415969853 -0.0096059949137270433 0.04811008274555207 0.15750937163829806 0.8722132444381715 -0.60846483707427967 5.2515408992767343 3.7094899415969853 6.1233437061309823 16.04859828948975 0.054887630045413978 0.059722494333982475 1.0000000180025095e-35 0.95274692773818981 -0.013816287741065024 1.1542854905128481 0.0054184340406209239 -0.0018548442749306557 -0.47521393001079554 -0.78067046403884877 -0.092267990112304674 12.912214756011965 -1.1470745801925657 -0.46313686668872828 -0.037220725789666169 5.1492149829864511 -0.10827251151204108
decision_type=2 2 2 2 2 2 2 2 2 2 2 2 2 2 2 2 2 2 2 2 2 2 2 2 2 2 2 2 2 2 2 2 2 2 2 2 2 2 2 2 2 2 2 2 2 2 2 2
left_child=1 -1 -3 17 7 6 18 8 31 13 11 -7 -8 14 45 40 -17 -2 21 -16 -21 22 -6 25 -25 -12 27 -27 -29 -30 -31 32 34 -34 39 -36 38 -38 -37 -5 -9 -42 47 -44 -45 -10 -47 -19
right_child=3 2 -4 4 5 10 12 15 9 -11 23 -13 -14 -15 19 16 -18 42 -20 20 -22 -23 -24 24 -26 26 -28 28 29 30 -32 -33 33 -35 35 36 37 -39 -40 -41 41 -43 43 44 -46 46 -48 -49
leaf_value=0.14749980061286139 0.091764528458228814 -0.028634881038607524 0.027087461662835551 -0.12265875023290368 -0.057765251226811892 0.28913541007286192 0.28564294310594629 -0.21992744061723468 -0.1650365160418906 0.070798426247910037 -0.0016642153003318214 -0.039673832898712152 0.071495081764113094 -0.15807951647905211 -0.021359733652873671 -0.059241917081008309 -0.32889374125065329 -0.010793927305482353 0.13240001796977818 -0.06883929454587974 0.080740118514233405 -0.077545238681870646 0.15862135831247767 0.10232799202664945 -0.077763504817436255 0.032500780500170225 0.014108723939595185 -0.06167079205483364 -0.39417844862344237 0.071187241585774996 -0.24493900338824978 -0.12895875657629197 0.15766526784119494 -0.057602653248209061 0.044150658637939225 -0.044752620348857401 -0.028703568271653223 -0.20119716472314644 0.17107458353238172 0.011425178753644341 0.10252914449185721 -0.037414646283527246 0.1800437333865661 -0.13512789371647005 0.11597177673059503 0.018038709300197523 -0.10701633724980496 0.0029360632504048237
leaf_weight=464.07863771098346 669.29164477191807 2240.6458986949219 8063.5851195017458 1055.2744272905402 170.85366591415368 148.52427759983402 450.86867604491999 126.75884815840982 257.07076935138321 1843.9363352942601 1663.3676597066951 109.00724541065574 221.18556511180941 231.55981269886252 1043.6481055234908 266.06497353288432 147.34321040095529 27207.606666242878 385.80706767569063 284.23751319479197 1774.5569287462858 454.02278133912478 240.65273738815449 563.87110756077163 256.79839379573241 136.0944816074043 532.71006990445312 351.41276811028365 213.02640407180297 80.8365642533754 103.45420795415703 486.44629329978488 345.60610838863067 390.85739045660011 918.38168550445698 207.50596746103838 549.52768597542308 373.5684859813191 196.01060003321618 325.17143597407266 229.73631719069817 10987.916527400841 265.49251142813591 171.80082424031571 257.24562400416471 786.44384077464929 383.69059629031108 100834.59402371182
leaf_count=2282 3410 23723 61214 3485 1002 1464 2345 844 1315 9806 8340 1918 1088 1000 5405 1497 1330 148025 2014 1611 10867 1633 1549 4128 1394 1399 2789 2508 1478 965 1762 2180 1812 1713 4278 1044 2356 1348 1137 2743 2914 89774 1887 879 1638 4585 1836 839878
internal_value=0 0.0206939 0.0149206 -0.00170808 -0.0133312 0.0245373 0.0986239 -0.0232767 -0.00511673 0.0188023 -0.00961957 0.148409 0.216117 -0.00124061 0.00669991 -0.0409223 -0.157117 0.000919272 0.0350006 0.0323543 0.059823 -0.00794057 0.0676453 -0.020214 0.0453404 -0.0378473 -0.0799217 -0.137049 -0.168537 -0.261409 -0.10394 -0.037803 -0.0274954 0.0428167 -0.0419241 -0.0116655 -0.0506864 -0.0991934 0.0590144 -0.0907272 -0.0366304 -0.0344952 0.000442382 0.0784705 0.0141822 -0.0487009 -0.0225966 1.46197e-05
internal_weight=0 10768.3 10304.2 158700 29293.8 6082.49 1923.39 23211.3 11453.5 6605.14 4159.1 257.532 672.054 4761.21 4529.65 11757.8 413.408 129406 1251.34 3102.44 2058.79 865.529 411.506 3901.57 820.67 3080.9 1417.53 884.824 748.73 397.317 184.291 4848.35 4361.9 736.463 3625.44 2244.99 1326.61 923.096 403.517 1380.45 11344.4 11217.7 128737 694.539 429.046 1427.21 1170.13 128042
internal_count=1275592 87219 84937 1188373 192656 37776 9631 154880 58521 36425 28145 3382 3433 26619 25619 96359 2827 995717 6198 17883 12478 4184 2551 24763 5522 19241 10901 8112 6713 4205 2727 22096 19916 3525 16391 10163 5885 3704 2181 6228 93532 92688 992307 4404 2517 7736 6421 987903
is_linear=0
shrinkage=0.5


Tree=111
num_leaves=49
num_cat=0
split_feature=3 6 13 0 1 13 1 0 3 9 15 2 9 1 13 3 6 10 15 2 15 2 1 1 8 3 15 3 0 6 15 0 15 9 15 15 13 1 3 0 13 3 5 13 3 5 0 3
split_gain=16.9161 39.3199 35.5667 45.6617 37.0417 28.1376 23.479 26.3505 19.7327 18.3039 15.9423 15.805 27.3351 14.8136 14.6251 22.0594 20.1261 18.4438 20.7802 14.0429 16.6366 12.9233 39.2055 19.3813 19.8214 17.7093 17.1387 16.9954 20.6458 16.6801 16.6189 16.613 15.8862 18.893 14.9081 13.8272 16.7746 12.8906 12.5214 12.3243 30.1606 30.88 35.8906 22.7771 20.7591 23.1707 22.5254 20.7392
threshold=0.1313474923372269 0.077551644295454039 -0.44475483894348139 0.71098634600639354 0.48544414341449743 0.62538510560989391 0.58553346991539013 0.85787501931190502 0.43223808705806738 -0.0063972773496061555 5.1999523639678964 -0.033148542046546929 -0.0029899894725531335 0.30281157791614538 -0.011863825377076863 0.057600455358624465 -0.0051866418216377488 4.163541555404664 5.2456095218658456 0.21852122992277148 5.1112618446350107 -0.11615206673741339 0.30281157791614538 0.3143251240253449 0.031869007274508483 -0.012297853361815212 5.0653247833251962 0.055460534989833839 0.37392720580101019 0.011927484534680845 5.1692898273468026 0.49415257573127752 5.2343761920928964 0.0024109060177579526 5.2456095218658456 5.1469843387603769 -0.46077518165111536 0.45267897844314581 -0.10363991186022757 0.92126742005348217 -0.63884821534156788 0.031482735648751266 0.027073355391621593 0.57669454813003551 0.080696895718574538 -0.049679297953844063 0.8722132444381715 0.043040398508310325
decision_type=2 2 2 2 2 2 2 2 2 2 2 2 2 2 2 2 2 2 2 2 2 2 2 2 2 2 2 2 2 2 2 2 2 2 2 2 2 2 2 2 2 2 2 2 2 2 2 2
left_child=6 2 3 -2 19 10 9 14 11 -1 -4 -6 -13 -3 15 17 -16 18 38 -5 -21 22 25 29 27 -11 -26 30 -29 -24 35 -28 33 37 -34 36 -25 -30 -8 44 41 42 -41 47 -23 -46 -47 -42
right_child=1 13 5 4 8 -7 7 -9 -10 21 -12 12 -14 -15 16 -17 -18 -19 -20 20 -22 39 23 24 26 -27 31 28 32 -31 -32 -33 34 -35 -36 -37 -38 -39 -40 40 43 -43 -44 -45 45 46 -48 -49
leaf_value=-0.099847316996103885 0.082395270152579372 -0.17989959140721554 -0.060924107945444082 -0.051726374553369751 0.072849246805797005 -0.0098683267055490603 -0.12385457461984084 0.030502743632105346 -0.15386367785538974 -0.28197262042953458 -0.16862875471045805 0.08916239360226981 -0.013637607396651008 -0.05883623247366411 -0.068391217775786994 0.0031379636039270868 0.032935500446278708 -0.16898900230380487 -0.13132910456570687 0.13907027031638333 -0.022885166999094261 0.00028808564664543467 0.23921494189271553 0.025309838882025627 0.14606878368485754 -0.067321132916625837 0.079921112213492115 0.1133452906891762 0.0025270192927746159 0.006941481549034594 -0.055055007151309017 -0.012463072902365041 -0.17978315828274574 -0.081969134548819086 -0.018459029440570828 0.075705943039759957 -0.06167862659981127 0.089308150871793612 -0.027088197261366877 0.064933263723533405 0.0084299135010023098 0.016777247283148146 0.26577008108600475 0.039635240528214315 -0.038033956141097031 0.037296169814820347 -0.017801034210791222 -0.028365136749429355
leaf_weight=441.14873182348674 1749.7126210890419 291.03027577869216 965.42261690110172 3680.1181351589839 1454.117343102771 1973.6124655104941 381.14928238670109 1883.610238590205 150.45031307266618 102.51767264032969 555.40454012114787 846.94833750851103 2705.1881135726435 2215.29698350939 727.42956109950319 1566.2221056458875 1496.4918647250342 396.26829210557116 740.26378896539973 217.54109275364317 566.13077287306078 207608.93751896115 151.07348307035863 1079.8319974322221 300.82983321731444 1816.7288520379261 728.9896617577615 440.87110325321555 1005.7401090438216 166.67539303126978 3393.181205078261 1439.6677642793911 210.91488058542018 382.75263357025688 468.82396366691682 467.05024680936185 1126.1038565130439 760.16806406975957 2965.7943919689278 2270.3198314563779 10386.098528215269 4914.1646175145725 248.41318679062533 3439.241643733927 1515.5300723398541 10221.083512874626 2252.2612670919625 6055.6929254070856
leaf_count=2187 8761 7770 4426 43921 40492 7271 2009 9742 7679 624 1931 8397 18154 58731 2615 8951 5585 2246 3674 1255 3286 722908 983 6399 2480 19414 3429 1732 7534 1823 14759 16985 1082 2768 3211 2326 3856 5264 13766 19721 37157 39768 1662 12324 7239 41184 11806 24305
internal_value=0 -0.015224 -0.00541762 0.00810414 -0.00536263 -0.0495475 0.000866141 -0.0227179 0.0234408 0.00177759 -0.100671 0.0288987 0.0107508 -0.0731595 -0.034897 -0.0476411 0 -0.065488 -0.0552921 -0.038747 0.0215551 0.00195036 -0.0128007 -0.00224346 -0.00556849 -0.0791881 0.0341934 -0.0161427 0.0128061 0.119348 -0.0318262 0.0183837 -0.00272303 0.0181734 -0.0694411 -0.00214225 -0.018878 0.040196 -0.038291 0.00278457 0.0128081 0.0399836 0.0850371 0.00262137 0.00154678 0.0201899 0.0273068 -0.0050926
internal_weight=0 17371 14864.6 11370.2 9620.49 3494.44 273552 10157.2 5156.7 263395 1520.83 5006.25 3552.14 2506.33 8273.62 6049.7 2223.92 4483.48 4087.21 4463.79 783.672 262954 14041.9 12122.7 11804.9 1919.25 2469.49 9335.44 3269.27 317.749 6066.17 2168.66 2828.4 2148.66 679.739 2672.99 2205.94 1765.91 3346.94 248912 27313.9 7432.9 2518.73 19881 221598 13988.9 12473.3 16441.8
internal_count=1275592 212074 145573 131945 123184 13628 1063518 48588 74722 1014930 6357 67043 26551 66501 38846 30646 8200 21695 19449 48462 4541 1012743 94669 74631 71825 20038 22894 48931 21591 2806 27340 20414 19859 15566 4293 12581 10255 12798 15775 918074 134937 61151 21383 73786 783137 60229 52990 61462
is_linear=0
shrinkage=0.5


Tree=112
num_leaves=49
num_cat=0
split_feature=3 7 6 16 15 15 2 15 5 5 16 13 2 15 16 13 16 5 9 0 9 0 0 6 16 3 9 0 14 14 6 6 5 14 0 14 10 5 0 2 0 3 10 13 7 5 0 13
split_gain=29.7314 71.0639 46.0601 95.0867 54.6185 117.578 85.5645 80.0924 67.6631 57.266 52.2324 61.3154 77.2046 58.0623 62.2631 83.0939 96.4324 53.0547 51.7459 62.8489 58.976 48.188 48.7025 45.5691 42.8253 42.8051 42.2996 50.3851 57.5958 70.1761 42.27 51.9445 66.2494 41.7645 41.7615 59.5364 53.3347 43.3657 49.0826 49.3663 44.5714 41.1242 72.8093 50.6667 54.3934 49.4093 42.3808 41.0809
threshold=-0.040894411504268639 0.021002051420509819 -0.018551293760538098 -0.21867555379867551 5.1837975978851327 5.1809802055358896 0.069672901183366789 5.2052547931671151 1.0000000180025095e-35 0.071834903210401549 -1.0855503082275388 -0.84021010994911183 -0.11872535571455954 5.0933895111083993 -0.48698332905769343 -0.72855851054191578 0.28099198639392858 -0.026742523536086079 -0.0015502552851103244 0.54343226552009594 0.00029958628874737775 0.17526595294475558 0.049336377531290061 -0.037012517452239983 -0.72321221232414235 -0.045583622530102723 0.00079867817112244676 0.6282610595226289 3.1375684738159184 1.8701663613319399 -0.015830537304282185 0.043934630230069167 0.0016581941745243969 2.4350724220275883 0.13406878709793094 3.9626821279525761 2.7292695045471196 -0.055392794311046593 0.091398432850837721 -0.011381085030734537 0.070221696048975005 -0.058239443227648728 -0.016052544116973873 -0.52989730238914479 0.0033291357103735213 0.0093996138311922568 0.47662405669689184 -0.9720136523246764
decision_type=2 2 2 2 2 2 2 2 2 2 2 2 2 2 2 2 2 2 2 2 2 2 2 2 2 2 2 2 2 2 2 2 2 2 2 2 2 2 2 2 2 2 2 2 2 2 2 2
left_child=1 2 3 47 5 6 9 -6 -8 10 -4 -12 -13 17 24 -16 18 -14 -17 20 -20 22 -5 -24 -15 -9 27 -3 29 -29 -28 -32 -33 -10 35 36 37 38 39 -2 -39 43 -43 46 45 -45 -23 -1
right_child=34 26 4 21 7 -7 8 25 33 -11 11 12 13 14 15 16 -18 -19 19 -21 -22 41 23 -25 -26 -27 30 28 -30 -31 31 32 -34 -35 -36 -37 -38 40 -40 -41 -42 42 -44 44 -46 -47 -48 -49
leaf_value=0.14285209355866707 0.1133479874481606 0.013425192896285984 0.031825278846078699 0.018550871268295618 -0.086926878944944247 0.3138861132889656 0.02801170621497932 -0.0022121924833913504 0.068853560364423291 0.20329116496106525 -0.21571059845173682 0.33409993223901985 0.13549007018227188 -0.020886187677104102 0.46700992019741544 -0.16652795146428004 -0.33892884326843065 -0.31754701183777101 0.64229092657048337 -0.096951169795321465 0.12848755593799296 0.029815394575107516 0.13734967707084156 0.38286703215273638 -0.27858174347099507 0.070932694682261557 -0.011142850528467392 -0.18331895156924499 -0.22936177790791096 0.17211828265535417 -0.25783288973706736 0.15419301559545329 -0.21887663294187512 0.355538409372675 -0.00076643346335216877 0.007785620968645165 -0.19392982383209992 -0.019059816476915053 0.2029187813506392 -0.17227400946170818 -0.090180813486013423 0.43343825020412324 0.078402523656285139 -0.17943960963565406 0.29053741564680829 0.15952584084583785 -0.19176377669377137 0.0033218935377987203
leaf_weight=571.77311083240784 301.49726922323316 4045.288143089303 4361.1001429086173 268.328067497554 2608.050743820364 379.7914033048728 562.18020568297652 16788.916911086606 188.07060668154736 359.64931715658167 498.33522597500996 142.06724114803365 79.927117540973995 538.33578326040879 129.27246500513866 101.55951140756952 137.42848070949549 300.1255367910926 110.90403061464895 95.65282672084868 118.6657178531168 665.68469773401739 368.47547910048161 410.19090884021716 232.31794179731514 2268.1286005850125 796.17919182683545 263.78506284176547 512.14765189547325 290.92958460396039 624.76379301033739 229.68992693085602 243.68363048711763 427.44595749763539 187696.70259603468 7561.9012217425043 610.30465083708987 4729.6174625895655 366.50067269883584 300.26318384642946 4160.1489172455549 198.32239162255428 545.08656437366153 183.89877998625161 311.64393835098599 255.02911412104731 316.3206379195326 6797.252680439211
leaf_count=946 1014 14830 11065 1333 10114 1286 3714 38471 1335 1846 4360 1049 1903 2037 1222 1181 4804 7826 1210 1430 1252 2587 1565 1679 1562 5037 2630 1781 4556 1473 3293 1576 1831 2272 1037297 27079 1977 17915 1135 1458 16515 1431 3246 1454 1749 1420 1898 14948
internal_value=0 0.0108041 0.0187075 0.0466185 0.00869881 0.0420112 0.0295984 -0.00475322 0.154512 0.00909355 -0.0010641 -0.0589842 -0.0193225 -0.0469857 -0.0013929 0.106874 0.0227941 -0.220853 0.140962 0.238732 0.380581 0.114192 0.204367 0.267651 -0.0994783 0.00647038 -0.0357302 -0.0119629 -0.108619 0.00217072 -0.0995665 -0.163153 -0.0368586 0.269007 -0.00297717 -0.0259621 -0.0503862 -0.0414301 0.0587669 -0.02839 -0.052405 0.0757918 0.174244 0.0331838 0.131058 0.016287 -0.0411729 0.014234
internal_weight=0 48326.4 41319.9 10892 30427.9 8762.83 8383.04 21665.1 1177.7 7205.34 6845.69 2484.59 1986.26 1844.19 1464.14 693.483 564.211 380.053 426.782 325.223 229.57 3522.98 1046.99 778.666 770.654 19057 7006.47 5112.15 1066.86 554.715 1894.32 1098.14 473.374 615.517 205727 18030.2 10468.3 9858.03 968.261 601.76 8889.77 2475.99 743.409 1732.58 750.572 438.928 982.005 7369.03
internal_count=1275592 171202 139232 34256 104976 51354 50068 53622 7321 42747 40901 29836 25476 24427 14698 11099 9877 9729 5073 3892 2462 18362 4577 3244 3599 43508 31970 22640 7810 3254 9330 6700 3407 3607 1104390 67093 40014 38037 3607 2472 34430 13785 4677 9108 4623 2874 4485 15894
is_linear=0
shrinkage=0.5


Tree=113
num_leaves=49
num_cat=0
split_feature=2 9 2 7 10 3 7 9 15 10 3 0 9 13 9 7 6 7 12 12 12 6 0 7 2 8 12 10 13 10 0 8 8 15 8 2 8 12 8 3 10 3 7 10 10 9 6 10
split_gain=15.5591 13.4869 20.0882 13.9944 24.3799 15.5871 13.4259 27.8574 26.2316 18.9679 14.7447 13.4219 20.8758 17.6951 20.0309 17.5902 17.5099 25.4273 19.6946 15.6099 15.4772 15.3997 13.2851 15.5876 13.556 14.0008 13.0991 13.0177 12.9475 40.0818 25.494 25.7299 29.8053 25.2354 19.2994 19.244 17.9681 26.1709 16.6832 29.7806 16.4161 24.3398 20.8247 20.9012 29.2151 20.542 17.2308 17.0097
threshold=0.19924222677946093 0.0011131787905469539 -0.30046363174915308 0.035031178966164596 -0.56005066633224476 -0.071731608361005769 -0.01426613889634609 -0.001518802950158715 5.2801787853240976 0.28579790890216833 -0.0130265518091619 0.13406878709793094 0.00019224104471504691 -0.42754244804382319 7.9625235230196281e-05 0.009022573474794628 -0.0044740138109773389 -0.0043401543516665688 0.93128010630607616 1.6236342787742617 1.3601096272468569 -0.0993044078350067 0.042078036814928062 0.012418154627084734 0.030505951493978504 -0.0021017662947997446 1.7079936861991885 0.081195861101150527 0.36804094910621649 0.70170214772224437 0.38020817935466772 0.018854009918868545 -0.031493263319134705 5.2343761920928964 0.015572411939501764 0.011871778871864082 0.20736087858676913 1.6453019976615908 0.082564644515514388 0.051705822348594672 -0.87891888618469227 -0.046816788613796227 0.035031178966164596 -1.346710681915283 -1.1229425668716428 -0.00030115204572211946 -0.026603588834404942 -1.1229425668716428
decision_type=2 2 2 2 2 2 2 2 2 2 2 2 2 2 2 2 2 2 2 2 2 2 2 2 2 2 2 2 2 2 2 2 2 2 2 2 2 2 2 2 2 2 2 2 2 2 2 2
left_child=1 2 -1 26 -5 -6 7 9 -9 -4 -10 12 13 14 15 19 18 -18 -15 -8 -17 -13 23 -19 25 -24 -3 -20 36 33 -31 32 -32 -30 -35 -36 38 -38 40 -40 41 46 43 -43 -45 -46 -23 -48
right_child=-2 3 6 4 5 -7 11 8 10 -11 -12 21 -14 16 -16 20 17 22 27 -21 -22 28 24 -25 -26 -27 -28 -29 29 30 31 -33 -34 34 35 -37 37 -39 39 -41 -42 42 -44 44 45 -47 47 -49
leaf_value=-0.062647119213602234 0.022488852398980696 -0.0099191172850760338 0.059373258238272511 0.091101789563866623 0.10625131043245464 -0.0046384611513067171 -0.019710286509760106 0.005637374824354508 -0.12854479664569582 0.014932458756499956 -0.023004373669792504 -0.060188947024539106 0.047644556540041204 -0.040083303528992052 -0.13141725673329979 -0.0024273421424266229 -0.082047344263409636 0.039157971264934956 0.12515606736366858 -0.13627045506929422 0.089462570859380905 -0.17890522921974097 0.07696890448286782 -0.10544337536590728 0.11885110615790011 -0.032948767968967389 0.084762875590856199 0.044110951971583996 0.015087169068468718 0.033378534655924018 -0.070859098039662935 -0.061875877540238697 0.018475732724911927 0.019160582265345061 0.13527715343784674 0.027872098762361432 0.038346140282156424 0.33216770124582912 -0.046113812249665237 0.015669188373534464 -0.00026593056057193219 0.0070265463091558839 0.043876981571650264 -0.092585573144521011 -0.046278431566982317 0.042975860890474636 -0.0047155317835477113 -0.13093086988645244
leaf_weight=1207.7562191692996 7716.1760464554536 55206.59310823265 3993.8864204315469 915.74989517172799 337.86713758201222 4838.5631862467344 2962.7023499765892 39879.79524214258 539.83510079106054 6124.7897509783797 892.76331956451759 1118.3950158812804 3517.395702019443 474.95441436977126 353.46968908095732 1379.2321238777949 763.35708824708126 368.81886338168624 756.17402507457882 319.9665956258541 677.86425057449378 340.48067724844441 541.58655315704527 368.58684607816394 479.10566529352218 613.77000900387065 365.68970398549573 1533.9516936679138 10510.057454083348 2203.3528739835601 1252.4515126346378 3224.3340915019508 3650.4251518058009 1326.3191495649517 1231.87195368018 650.85869118571281 889.77715814164549 82.775477056769887 5732.9069580572977 2940.2325375677901 98648.826849599951 3636.8601602220442 1451.2091895404737 1827.1085012550466 1604.9632675496396 1072.3368499693461 758.5535951629281 418.45300148264505
leaf_count=15425 39810 244369 14350 3608 1546 33466 9783 167467 1291 33165 2909 3502 13614 1747 1012 4783 2838 1593 2709 802 2265 953 2284 1421 2209 2534 2040 6953 38145 11836 6330 16182 19132 4196 4055 1920 18238 1086 36843 28799 432717 12661 5508 5585 4791 3506 2507 1107
internal_value=0 -0.000274964 0.00161366 -0.00678588 0.0159317 0.0025219 0.00198395 0.00901001 0.00323723 0.032527 -0.0631851 -0.000275925 0.0138988 0.00361426 -0.0162189 -0.00847651 0.0228357 -0.00259392 0.0518406 -0.0312619 0.0276385 -0.00176103 0.0227903 -0.0324877 0.0480399 0.018166 -0.00928556 0.0711323 -0.00130162 0.00927685 -0.0142135 -0.0271802 -0.0042529 0.0270014 0.0658495 0.0984472 -0.00343651 0.0641828 -0.00399655 -0.0251121 -0.00232324 -0.020544 -0.0111712 -0.0210493 -0.0438252 -0.0103401 -0.079417 -0.0500855
internal_weight=0 273987 212322 61664.5 6092.18 5176.43 211115 51431.1 41312.4 10118.7 1432.6 159683 15110.9 11593.5 5693.24 5339.77 5900.31 3135.23 2765.08 3282.67 2057.1 144573 2371.87 737.406 1634.46 1155.36 55572.3 2290.13 143454 24049.7 10330.6 8127.21 4902.88 13719.1 3209.05 1882.73 119404 972.553 118432 8673.14 109759 11110 9592.48 8141.27 4504.41 2677.3 1517.49 1177.01
internal_count=1275592 1235782 950753 285029 38620 35012 935328 219182 171667 47515 4200 716146 56547 42933 18645 17633 24288 12879 11409 10585 7048 659599 10041 3014 7027 4818 246409 9662 656097 101796 53480 41644 25462 48316 10171 5975 554301 19324 534977 65642 469335 36618 32051 26543 13882 8297 4567 3614
is_linear=0
shrinkage=0.5


Tree=114
num_leaves=49
num_cat=0
split_feature=10 16 14 1 16 15 8 9 1 16 15 16 12 0 11 9 12 16 1 10 7 7 11 1 0 11 12 10 11 9 1 14 7 10 14 9 9 16 0 15 4 0 7 0 16 1 11 0
split_gain=17.2639 17.3305 15.1423 14.7739 26.7349 23.3171 23.9097 20.2964 28.4223 25.4022 45.1109 26.1395 22.5916 19.2898 17.9476 18.9037 17.9211 17.2967 58.4445 20.2224 19.8109 25.526 43.2791 42.546 34.3169 36.9757 25.5342 29.9826 24.6047 27.426 23.462 38.574 26.3048 22.4591 20.8719 20.5045 20.2088 20.53 24.0718 19.9618 19.4967 23.3599 21.7222 26.2401 29.2828 19.1562 32.2911 19.1072
threshold=-1.9908640980720518 0.85533055663108837 1.9383994936943056 0.48922224342823034 -1.2100517153739927 5.2240710258483896 0.02417811565101147 -0.0026095045031979676 0.33878971636295324 -1.0704801082611082 5.192005157470704 -2.0456340312957759 1.4076473116874697 0.64619591832160961 1.2528629899024966 -0.0026790085248649116 1.150676488876343 -2.2599641084671016 0.3592753410339356 2.567264318466187 0.0031208721920847897 -0.011424945201724766 0.43110367655754095 0.29944460093975073 0.74623245000839245 1.2678532600402834 1.5626662373542788 7.5945768356323251 0.62793138623237621 0.0016719651175662877 0.17684352397918704 8.5144090652465838 -0.022890062071382996 10.877376079559328 25.254186630249027 1.0000000180025095e-35 -0.0015502552851103244 -3.0636907815933223 0.92471885681152355 5.0701885223388681 -0.023060978390276429 0.6282610595226289 -0.0039076367393136016 0.74623245000839245 -3.5269412994384761 0.25773251056671148 1.2928217053413393 0.87448132038116466
decision_type=2 2 2 2 2 2 2 2 2 2 2 2 2 2 2 2 2 2 2 2 2 2 2 2 2 2 2 2 2 2 2 2 2 2 2 2 2 2 2 2 2 2 2 2 2 2 2 2
left_child=2 3 -1 7 5 6 13 8 -2 10 11 -10 -13 -5 -6 16 -16 18 20 -20 21 23 -23 24 39 30 27 28 35 36 31 -26 -32 -29 45 -24 -30 40 -39 -9 41 -38 -42 44 -44 -22 -47 -34
right_child=1 -3 -4 4 14 -7 -8 17 9 -11 -12 12 -14 -15 15 -17 -18 -19 19 -21 34 22 26 -25 25 -27 -28 33 29 -31 32 -33 47 -35 -36 -37 37 38 -40 -41 42 -43 43 -45 -46 46 -48 -49
leaf_value=0.029754063222711239 0.12738757596294767 -0.028277550413112831 -0.10348786866570014 0.11518589675940114 0.0017714589749464932 0.17104360598322291 0.11792191272162716 0.16845925699165501 0.076726496335257688 0.036459983130884548 0.064258183794955584 -0.15337534358131183 0.031905686978260822 -0.064181201105709546 0.0045039694392707795 0.047445700949812229 -0.15743321334553961 -0.0055125420862467359 0.087124562066336869 0.26283034085320828 0.0081404972103066905 0.13008468295720355 0.004846137178594446 0.21492860713607531 -0.059533130878545414 0.11315356016888439 -0.1009095296178535 -0.23879442530817782 -0.13749780742832077 -0.15673794235440217 0.11021311944296458 -0.28220844400639361 -0.16607563986084686 -0.013551551841489691 0.1767947638756428 0.18134468282287017 -0.053629241875258353 0.0025502617165443801 0.12896187644317469 0.031069807191459242 0.0056387365076230409 0.1445450586257789 0.052166712973036704 -0.17386981065810436 -0.11065563915230932 0.03869922291706409 0.2387228054604956 0.021967836645804231
leaf_weight=294.52485943299689 621.29091026401147 4943.3575659047056 722.55893757395825 199.29862903361209 26095.966336372898 438.45238251939008 544.08681197816622 292.15389724634588 198.0889997453487 4494.2893728060444 773.94184359244537 883.55288234323962 196.51277980441228 585.94350231075077 1662.7849126600195 4803.611599570846 188.84084470331436 93312.154509925589 534.61455265490804 246.0138425408004 9631.0581220364547 444.15725270765688 411.12111602723598 264.42317862073833 962.84668161487207 357.2378182313405 1102.1872353765648 264.49200294126058 316.84922343154904 354.90187928796513 341.18479600042338 246.34499173349468 255.12640842306428 198.4444963933347 208.91074143421429 280.37384816189297 293.01829356746748 2984.7096592871239 431.50628688326105 2965.3748779970338 938.91019167238846 295.37772710574791 466.34381585288793 592.06306711607613 664.6680423214566 1742.7813635341881 229.28714168175065 276.97436254253262
leaf_count=4281 3997 54944 10683 1117 193802 5688 7173 1019 2149 30018 5651 4531 1229 7276 10935 33139 1289 764794 4061 4671 45347 1921 1537 1960 3533 2283 3808 1023 1048 1328 2088 1623 878 1393 4157 1145 811 10811 2057 11087 3103 1422 1477 1819 1558 10640 1943 1345
internal_value=0 0.000881074 -0.0644215 0.0017654 0.0109542 0.0708646 0.037343 -0.000688214 0.0251616 0.0153654 -0.0305855 -0.0884111 -0.119204 -0.0179323 0.00770312 0.030883 -0.0118176 -0.0022124 0.00853965 0.143403 0.00473142 -0.00671049 -0.0221224 0.0191578 0.00994777 -0.0347703 -0.0292331 -0.0198613 -0.0126508 -0.0212035 -0.060428 -0.105507 0.00146793 -0.143556 0.0202724 0.0772899 -0.0142225 -0.00826878 0.0186968 0.043593 -0.036761 0.0450834 -0.0550495 -0.0883928 -0.0430915 0.0173962 0.062318 -0.0673979
internal_weight=0 168536 1017.08 163592 34519 1767.78 1329.33 129073 7167.68 6546.39 2052.1 1278.15 1080.07 785.242 32751.2 6655.24 1851.63 121906 28593.5 780.628 27812.8 16000.8 10039.1 5961.67 5697.24 2439.72 9594.97 8492.78 8029.84 7338.35 2082.48 1209.19 873.286 462.936 11812 691.495 6983.45 6666.6 3416.22 3257.53 3250.38 588.396 2661.99 1723.07 1131.01 11603.1 1972.07 532.101
internal_count=1275592 1260628 14964 1205684 260419 21254 15566 945265 47575 43578 13560 7909 5760 8393 239165 45363 12224 897690 132896 8732 124164 62077 36261 25816 23856 11750 34340 30532 28116 25434 9467 5156 4311 2416 62087 2682 24106 23058 12868 12106 10190 2233 7957 4854 3035 57930 12583 2223
is_linear=0
shrinkage=0.5


Tree=115
num_leaves=49
num_cat=0
split_feature=14 13 5 10 13 10 15 0 7 5 13 13 8 10 4 15 12 0 16 7 14 15 16 7 8 16 13 10 12 13 9 4 12 16 10 8 14 7 13 0 14 9 13 13 15 10 13 7
split_gain=11.8748 39.3706 37.3295 24.8114 27.4804 23.5266 25.1779 28.3908 26.7033 22.2653 25.2151 18.5841 18.6354 17.2739 17.1305 19.5413 16.6082 16.281 16.1244 15.1851 20.2059 30.0258 24.1239 29.0527 24.9659 22.6041 22.2812 21.9574 46.7654 35.7193 27.1148 27.3684 21.1084 19.3033 23.5413 18.3569 17.5708 26.3867 17.4782 17.2819 24.2736 22.1924 16.3428 16.1937 16.0245 15.907 20.5131 16.0308
threshold=15.088779449462892 0.64260113239288341 0.053803723305463798 4.163541555404664 -0.91082352399826039 0.86427322030067455 5.2137134075164804 0.55912548303604137 0.0077485486399382362 0.049703741446137435 -0.59401872754096974 -0.072127379477024064 0.061080321669578559 2.5294514894485478 -0.031815929338335984 5.1865935325622567 0.96947306394577037 0.92302641272544872 0.36146658658981329 -0.01961809583008289 3.1650354862213139 5.2448542118072519 -1.5097384452819822 -0.025688727386295792 0.074508219957351698 0.38541993498802191 -0.57365721464157093 1.5907081365585329 1.6453019976615908 -0.95257529616355885 0.00013476800086209553 -0.013622395694255827 1.056631922721863 -1.055797755718231 1.459400534629822 0.072535846382379546 7.8946077823638925 -0.033726474270224564 0.050956495106220252 0.70693433284759533 7.6142508983612069 0.0001491615621489473 -0.11754492670297621 -0.17463648319244382 5.1523950099945077 1.7326213717460635 -0.66278856992721547 -0.028948253951966759
decision_type=2 2 2 2 2 2 2 2 2 2 2 2 2 2 2 2 2 2 2 2 2 2 2 2 2 2 2 2 2 2 2 2 2 2 2 2 2 2 2 2 2 2 2 2 2 2 2 2
left_child=19 2 3 4 13 -6 7 8 -7 10 17 12 -4 -2 -9 -16 -12 -5 -19 20 21 26 23 24 32 33 -1 29 30 -24 31 -29 -22 -23 -35 -28 -31 -38 43 41 -41 -25 -37 -34 -44 -32 -47 -48
right_child=1 -3 11 9 5 6 -8 14 -10 -11 16 -13 -14 -15 15 -17 -18 18 -20 -21 22 25 27 39 -26 -27 35 28 -30 36 45 -33 38 34 -36 42 37 -39 -40 40 -42 -43 44 -45 -46 46 47 -49
leaf_value=-0.034539779658006864 0.33140475649660911 0.1857146840918617 0.085650091941470913 -0.086093268728920272 -0.10861177713444385 -0.0051020890820750722 0.080889269031449038 0.15244612174422315 -0.17882753137123003 -0.25641026208247808 0.095276226216894189 0.20062544978398264 -0.078728745405772155 0.07342963975156859 0.04984262658878269 -0.11253855839907267 -0.0083010986077942609 -0.013030035584452284 0.27666042246622125 0.00076752963558645584 0.13240719441601378 -0.012557969573861955 0.11493902834981398 0.0016499455931650916 0.18807995743598452 0.011245686166554924 0.0084964629783550912 -0.056725354375470868 0.15540966162058337 -0.0067042044939425293 -0.1660731288758622 0.020794128772334247 0.023308668284330446 -0.11337905171712752 -0.0062526318849317909 -0.15681170550324025 0.11500379424148052 -0.0049139821968319205 -0.067190343422604382 0.1302820723307167 -0.10685248100729017 -0.1595296177704825 -0.11105521310023879 0.19964604601247915 0.03845840000167506 -0.09793659820195523 -0.055673551922090371 0.034228511488852274
leaf_weight=6106.1631960305531 109.91265635626041 330.9131873450242 968.57073659030721 1600.6275060777643 349.78123977088217 592.80976841971278 1350.6154615252744 277.29952020180644 357.93521963083185 103.22311143321713 480.42273519939044 281.39219889359083 205.79810334147987 174.54648226185236 804.90043751065969 238.80743251024978 1943.9261343806575 332.43007372087959 54.679917068744544 230596.48787626164 539.93050438650243 1107.8765003402368 732.24726810440188 540.32318002555985 391.54052593628876 1077.1375742033415 11085.76503794836 1766.4629341847904 346.74260617658729 10378.57398627745 342.91901172092184 3190.188083932444 770.17566109102336 2386.0107284402038 666.10357862472301 310.68697487097234 794.1847105192137 1066.2313527375227 433.39252978004515 341.85897574653791 154.49538896169543 345.73709168203641 292.18390219355933 158.28713979572058 454.29705423349515 1459.1537790889997 1254.4231611583964 811.88483159919269
leaf_count=35030 1053 1453 14941 22332 1385 2042 5234 1823 1089 963 2101 1213 7057 2405 4384 988 7658 11216 664 978257 3448 5194 5315 1692 4829 4338 38979 7749 1830 37839 1058 12519 5550 8626 2296 1194 3186 3804 1070 2191 1237 982 1029 457 1548 7754 3833 2757
internal_value=0 0.0161462 0.0105934 -0.00165984 0.0256643 0.0147544 0.0268315 -0.00510873 -0.0711505 -0.0275292 -0.0220042 0.0847208 0.0563762 0.175672 0.042062 0.0121379 0.012049 -0.0637739 0.0272083 -0.000933411 -0.00889861 -0.0195117 0.000736725 0.0382602 0.0728062 -0.0529023 -0.00989954 -0.00547104 -0.0242073 0.00773936 -0.031338 -0.00673746 0.0487245 -0.0696309 -0.0901729 0.00245164 0.00127599 0.0460429 0.0151074 -0.0186989 0.0553998 -0.0607869 -0.0604117 0.0540916 -0.0194648 -0.0627202 -0.0524811 -0.0201083
internal_weight=0 10558.6 10227.7 8771.92 4256.61 3972.15 3622.37 2271.75 950.745 4515.31 4412.09 1455.76 1174.37 284.459 1321.01 1043.71 2424.35 1987.74 387.11 279901 49305 23486.2 25818.8 3675.74 2293.33 5237.13 18249.1 22143 9171.77 12971.2 8825.03 4956.65 1901.79 4159.99 3052.11 12142.9 12239 1860.42 1361.86 1382.41 496.354 886.06 1057.17 928.463 746.481 3868.38 3525.46 2066.31
internal_count=1275592 90001 88548 65337 20403 16945 15560 10326 3131 44934 43971 23211 21998 3458 7195 5372 9759 34212 11880 1185591 207334 98234 109100 21456 15354 20454 77780 87644 37500 50144 35670 20268 10525 16116 10922 42750 44829 6990 7077 6102 3428 2674 3771 6007 2577 15402 14344 6590
is_linear=0
shrinkage=0.5


Tree=116
num_leaves=49
num_cat=0
split_feature=1 16 9 3 6 6 3 8 4 7 12 8 16 12 12 6 9 6 12 3 7 6 9 16 6 9 1 2 5 9 7 1 9 5 6 10 4 5 6 10 4 12 1 6 3 5 5 7
split_gain=26.2218 38.0162 68.4033 70.0963 42.0708 37.1827 36.782 29.1957 26.764 69.9202 45.5003 38.9816 53.5167 42.4959 37.018 65.0169 30.4957 30.4482 63.6162 46.331 44.8217 42.9102 38.9914 47.472 39.8434 38.6654 43.248 37.9548 34.1894 32.7848 31.8803 31.6756 27.2881 28.0419 40.3903 32.8963 60.0655 26.8233 26.7983 25.5214 25.2269 50.1617 27.7895 51.2945 34.3154 42.5472 38.9318 23.9738
threshold=0.69314378499984752 0.34969441592693334 0.001297294511459768 0.059643298387527473 0.0093764197081327456 -0.0044740138109773389 0.23260010033845904 -0.0035112096229568119 -0.11874548345804213 0.018134309910237793 1.5005929470062258 -0.036483960226178162 -1.6110752820968626 0.92815095186233532 1.5673736929893496 -0.0055483654141426078 -0.0023181409342214461 -1.0000000180025095e-35 1.2789245843887331 0.21005173772573474 0.010407701134681703 0.043934630230069167 0.0002359136851737276 -0.40443365275859827 0.01776724494993687 0.0022857198491692547 0.54073172807693493 -0.086836781352758394 0.080876499414443984 0.0029495970811694865 -0.0091309281997382623 0.46417999267578131 -0.00043631986773107195 0.13509593904018405 0.011545663699507715 1.7755879759788515 -0.13592640310525891 0.036068659275770194 0.13666047900915149 1.0781581401824953 -0.11032428219914435 1.5339242815971377 0.51181697845458995 -0.0020510117756202813 -0.017392619512975212 0.0028714567888528113 0.058181753382086761 -0.003274634480476379
decision_type=2 2 2 2 2 2 2 2 2 2 2 2 2 2 2 2 2 2 2 2 2 2 2 2 2 2 2 2 2 2 2 2 2 2 2 2 2 2 2 2 2 2 2 2 2 2 2 2
left_child=8 4 -3 -4 5 -2 -7 -5 9 11 16 12 -1 -14 17 -16 37 25 20 47 21 22 30 24 -24 27 -27 31 -23 -21 -19 -13 -18 35 -35 -34 -37 -11 -36 -15 41 42 44 -44 -10 -46 -47 -20
right_child=1 2 3 7 -6 6 -8 -9 40 10 -12 14 13 39 15 -17 32 18 19 29 -22 28 23 -25 -26 26 -28 -29 -30 -31 -32 -33 33 34 38 36 -38 -39 -40 -41 -42 -43 43 -45 45 46 -48 -49
leaf_value=0.4934836337780133 -0.32389352578530611 -0.17485666030784106 0.47081675809361251 0.11218343954089498 -0.46900082529866194 -0.1138328112540479 0.34874573536989834 -0.43157694680859504 0.18534639878655673 0.77301777833763241 -0.4325697819403268 -0.28866035221980058 0.38786405733417106 0.1611230490837883 0.15273545271796363 -0.35119599566768472 -0.42482737989605868 0.10801442705565004 0.29816686897511874 0.23353698680615742 -0.285645651192446 -0.35608293093924259 0.15461786475869974 0.00045627900165506749 0.50022057170022927 -0.24637017936850306 0.083187296675779093 0.18876630500447067 0.080934448919606938 0.87830246277783575 -0.37500321835937239 0.098586899178765786 -0.23117808302710519 0.54799421150320904 -0.40735348922601383 -0.20447988951587187 0.33066554300653422 0 0.27456675782515022 -0.090104145370657848 -0.00057516393852883848 -0.36804932457282352 0.029356094094798696 -0.44899864019399954 -0.30269930545567397 0.14716678115813142 -0.15743368271520833 0.02855817881086814
leaf_weight=114.2838637043169 116.49093608481053 234.33110462848708 119.41136629349785 63.920893368805991 105.25724484512648 134.89752938219135 61.550036301112414 38.112816006712819 200.74735164875165 19.092697249056073 89.2289945264165 97.913664848791086 109.76053238457098 202.65040299000975 110.0816936782212 147.49984591303655 52.278551525740113 73.083580260165036 200.52707540968549 39.225201354041928 93.970560418661989 91.016519026396054 208.17572397060394 215.7388363086211 146.91662450546937 255.75930179898933 159.02328998087978 332.58589467064303 83.697683927357502 47.473867606575368 60.957411885273814 109.97830898211396 232.64400940446467 43.326249150995864 29.825365187309671 112.37981094453244 96.071355036114255 25.179827970525366 25.442272903350386 197.54602441205861 247843.47033972107 129.2438921652647 117.45862137846416 102.92888163272437 131.64504623400717 252.65308034478949 177.23999316705886 147.40112565473828
leaf_count=1317 2102 7132 856 1829 8044 1264 1966 2138 586 276 3332 904 764 1624 635 2646 2861 1000 1444 1560 2078 1919 1560 2069 1386 1629 1291 1268 3280 1169 1272 1247 4202 453 2634 3086 1194 2325 1993 2282 1183187 1381 627 1746 1021 1738 2099 1176
internal_value=0 -0.0869736 0.0119212 0.211713 -0.19572 -0.101007 0.0296001 -0.0882929 -0.000262865 0.0404554 -0.099493 0.0719154 0.184367 0.113283 0.0448825 -0.134141 -0.0513908 0.0646534 0.111382 0.270404 0.0396709 0.0752788 0.130619 0.187874 0.300016 -0.0037517 -0.118923 0.0837677 -0.144613 0.598282 -0.109094 -0.0819153 -0.0821958 -0.0473567 0.190713 -0.102012 0.0401729 0.342176 -0.0852471 0.0359499 -0.000914473 -0.0760279 -0.036777 -0.192813 0.00787374 -0.0548998 0.0203492 0.185788
internal_weight=0 873.972 455.776 221.445 418.196 312.939 196.448 102.034 252926 3970.74 725.469 3245.27 624.241 509.957 2621.03 257.582 636.24 2363.44 1408.18 434.627 973.557 879.586 704.872 570.831 355.092 955.26 414.783 540.478 174.714 86.6991 134.041 207.892 591.968 539.689 98.5939 441.095 208.451 44.2725 55.2676 400.196 248955 1111.92 982.673 220.388 762.285 561.538 429.893 347.928
internal_count=1275592 25331 11955 4823 13376 5332 3230 3967 1250261 57876 22356 35520 5987 4670 29533 3281 19024 26252 19913 5349 14564 12486 7287 5015 2946 6339 2920 3419 5199 2729 2272 2151 16423 13562 5080 8482 4280 2601 4627 3906 1192385 9198 7817 2373 5444 4858 3837 2620
is_linear=0
shrinkage=0.5


Tree=117
num_leaves=49
num_cat=0
split_feature=16 1 15 13 1 7 16 2 0 10 3 2 16 13 5 5 11 5 16 16 1 15 2 15 11 5 13 11 13 8 11 16 11 2 16 7 8 8 13 15 8 15 13 7 11 3 16 15
split_gain=12.2748 17.1201 14.9515 21.5666 16.4885 13.3345 14.4873 15.807 11.9564 14.2414 10.5446 14.4187 13.574 17.063 13.2012 16.2847 12.865 12.374 16.0623 12.6176 11.4537 11.2553 11.2072 11.5683 11.0706 9.73778 9.53387 9.44159 9.42338 24.2698 10.5083 10.6906 9.40981 9.18638 14.4808 9.07791 8.97226 12.6385 9.1553 13.5958 11.1123 12.0006 9.65003 8.87482 8.72132 8.24546 50.6418 26.4594
threshold=-3.0636907815933223 0.26741340756416326 5.2153091430664071 0.20908053219318393 0.049107266589999206 0.0067410788033157596 -3.7299143075942989 0.027791375294327739 0.93473803997039806 0.32997862994670873 0.29931443929672247 -0.35689938068389887 -0.34477855265140528 -0.76746317744255055 0.077020760625600829 -0.045619603246450417 0.95274692773818981 0.14801935106515887 -0.40443365275859827 -2.0166803598403926 0.59808647632598888 5.136561632156373 0.24403269588947299 5.2689416408538827 1.00660115480423 -0.012346943840384482 -0.95257529616355885 1.2753974199295046 0.98101061582565319 0.059722494333982475 0.77478027343750011 -0.056764144450426095 0.59615468978881847 -0.17895170301198957 0.70919811725616466 -0.0026373233413323756 -0.017409510910511013 -0.037252021953463547 -0.90846380591392506 5.1503028869628915 -0.0062752896919846526 5.2359015941619882 -0.80605801939964283 0.0095690786838531511 0.78854277729988109 0.13379610329866412 -1.1784296035766599 5.2634766101837167
decision_type=2 2 2 2 2 2 2 2 2 2 2 2 2 2 2 2 2 2 2 2 2 2 2 2 2 2 2 2 2 2 2 2 2 2 2 2 2 2 2 2 2 2 2 2 2 2 2 2
left_child=1 2 8 4 -4 6 -6 -8 27 -10 11 14 20 16 15 -2 33 22 19 -19 32 -21 28 36 -22 -3 -7 -1 45 30 -30 -32 -12 -14 43 -11 37 -24 39 -38 -40 42 -42 -35 -28 -13 -47 -48
right_child=10 25 3 -5 5 26 7 -9 9 35 12 17 13 -15 -16 -17 -18 18 -20 21 24 -23 23 -25 -26 -27 44 -29 29 -31 31 -33 -34 34 -36 -37 38 -39 40 -41 41 -43 -44 -45 -46 46 47 -49
leaf_value=-0.064359967357947009 0.027909138229192342 -0.027497962710064269 0.099297954646551459 0.11259965256797787 -0.18247780040162434 -0.086731366599678505 -0.084939709729974278 0.058453729740054583 0.15727467985186008 -0.20674529524458693 0.14053718789078218 0.0013409742794702137 0.0089303213974030547 0.10883793878015838 0.032495430618408018 -0.18481347393035372 0.029196496361365943 0.1806652039316935 -0.068709846824334675 -0.082677195844179097 0.068597023235898461 0.036655009531504607 0.043747678252280986 0.13207576744440075 0.23513511274660578 0.20920255230427284 -0.020469342764163932 -0.19470495982587729 0.09001856370571712 -0.14711166917330906 -0.10205549848957522 0.041547340478828666 0.006748096754956771 -0.050871338884928029 0.045700882880855193 0.022797054789651789 -0.01176627181353951 -0.084104842302468522 0.11954442421839179 0.16172619302043023 -0.049115746171540665 -0.099679746856475432 0.062544871282284795 -0.16853085484984703 0.12400898057168186 0.050126165381207018 -0.012682786978936034 -0.073482271654143255
leaf_weight=1760.5600890868554 120.72256523455872 62.661793602555917 237.32460497507418 342.12754918327846 235.7209179684869 144.56098110292078 645.43249660835863 268.51501553235721 128.40505900979042 65.540985537794768 163.993073890917 245860.86757116579 583.58098655025242 361.63039215302706 187.86924162010837 310.94429922724521 1316.9557579867833 101.035026665224 1443.8428083159379 303.63671105582034 276.90243832873239 558.47477030786104 360.94005057797767 262.38777487288462 168.26322069078742 118.1229797023625 176.3139639314395 155.44611195439938 252.33457376109436 384.67280726111494 273.82461412949488 238.51123725576326 693.35535580667056 362.74128401081543 197.84700976544991 112.81265094983246 168.29469561466249 407.36679786193417 227.06330926285591 312.42148132801231 282.40999129554257 242.76287058129674 589.12115327293577 313.70959333912469 237.33346206118404 3018.5232916539244 14400.440464878418 2049.6467304189064
leaf_count=14031 1648 2194 3654 2404 2123 2356 4817 2114 771 832 1664 1006940 4167 2290 2380 3536 12443 2423 7877 2800 3811 4841 1916 1015 4903 3921 1399 3179 1054 1276 1177 1075 10174 1980 924 2586 1086 1788 1110 1903 1371 878 3195 1697 3400 37127 84892 8450
internal_value=0 -0.0251972 -0.0313433 -0.00273014 -0.023319 -0.0406985 -0.071567 -0.0422468 -0.0605483 0.0298601 0.000592223 0.000196346 0.0247635 0.0067613 -0.0759294 -0.12424 -0.00639613 0.000372023 -0.0353073 0.0142667 0.0676911 -0.00484173 0.000692873 0.031862 0.133051 0.124709 0.0219977 -0.0752918 0.0003572 -0.044794 0.00614952 -0.0342784 0.0330556 -0.038889 -0.0713526 -0.0594493 0.021471 -0.0234127 0.0406737 0.100052 0.0189626 -0.00117374 0.0257746 -0.106343 0.0613195 0.000554836 -0.00934685 -0.0202927
internal_weight=0 4690.88 4510.09 2287.33 1945.2 1707.88 1149.67 913.948 2222.76 306.759 276797 272358 4438.98 3136.47 619.536 431.667 2774.83 271739 2406.99 963.147 1302.51 862.111 269332 2852.77 445.166 180.785 558.208 1916.01 266479 1149.34 764.67 512.336 857.348 1457.88 874.298 178.354 2590.38 768.307 1822.07 480.716 1341.36 1114.29 871.531 676.451 413.647 265329 19468.6 16450.1
internal_count=1275592 49781 43666 22267 19863 16209 9054 6931 21399 4189 1225811 1181758 44053 23501 7564 5184 21211 1174194 17941 10064 20552 7641 1156253 14262 8714 6115 7155 17210 1141991 4582 3306 2252 11838 8768 4601 3418 13247 3704 9543 2989 6554 5444 4566 3677 4799 1137409 130469 93342
is_linear=0
shrinkage=0.5


Tree=118
num_leaves=49
num_cat=0
split_feature=2 13 16 1 13 4 6 16 0 5 5 1 11 2 1 1 13 16 16 14 1 16 4 2 13 15 6 11 13 14 0 0 6 4 1 2 4 16 1 14 12 12 16 6 13 11 11 12
split_gain=20.3955 38.3771 31.813 41.4183 28.0107 26.9419 32.4915 26.5828 25.5877 23.7454 23.1397 20.3323 19.4645 22.7017 19.4529 19.2138 40.3896 23.6434 18.8975 23.9346 18.3548 18.3429 38.9861 39.4031 41.7328 26.7508 30.4645 30.5821 22.794 59.9636 29.475 34.3607 44.6293 43.5449 35.6373 27.5506 23.9574 30.5745 25.3497 24.8869 23.3218 22.8521 21.6294 21.4943 20.9217 21.5801 20.8323 20.247
threshold=0.035444339737296111 -0.60068136453628529 0.37336523830890661 0.31590652465820318 -0.68552905321121205 -0.013097545597702263 0.012296628672629597 -1.6753014326095579 0.68244442343711864 -0.0020374567247927185 -0.11012737825512885 0.11841195449233057 1.3699313998222353 -0.0066208345815539351 0.40096554160118109 0.28041422367095953 0.27883790433406835 0.15544345229864123 -1.3978853821754453 6.9534299373626718 0.37392720580101019 -3.1934465169906612 0.021059325896203521 -0.11081398651003836 0.32286588847637182 5.1883480548858651 0.053708786144852645 1.0188742280006411 -0.9416724145412444 4.6193997859954843 0.98465591669082653 0.79280236363410961 0.026867365464568142 -0.053839359432458871 0.61828401684761058 -0.10370154306292532 -0.045026024803519242 -1.3978853821754453 0.49114896357059484 16.04859828948975 1.6453019976615908 1.6780508160591128 -0.44000466167926783 0.013834745157510044 0.03826404735445977 0.66446825861930858 1.3150206208229067 1.420733690261841
decision_type=2 2 2 2 2 2 2 2 2 2 2 2 2 2 2 2 2 2 2 2 2 2 2 2 2 2 2 2 2 2 2 2 2 2 2 2 2 2 2 2 2 2 2 2 2 2 2 2
left_child=12 2 3 4 11 6 -5 -8 15 10 -7 -2 21 20 -11 16 -3 -17 19 -12 -14 22 23 -1 25 -25 27 -27 29 -23 31 36 33 34 -33 40 37 -31 39 -38 -34 -30 -40 -26 45 -43 -29 -24
right_child=1 8 -4 5 -6 9 7 -9 -10 14 18 -13 13 -15 -16 17 -18 -19 -20 -21 -22 28 47 24 43 26 -28 46 41 30 -32 32 35 -35 -36 -37 38 -39 42 -41 -42 44 -44 -45 -46 -47 -48 -49
leaf_value=0.20180947470424976 -0.1013401574410116 -0.040518948272347755 -0.034887008313234297 -0.052511356339606997 0.059284758708337396 -0.10210913050020388 0.17588438813783563 0.01085370946756432 -0.010291597553542954 -0.010858115992453095 0.086108864604680507 -0.018035741279097527 0.07472623462949525 -0.2060833362486176 0.035580854383292268 -0.093232732889370493 0.15284257204521409 -0.013193535628067382 0.056032891950190435 0.28304040238411243 -0.10593939527046041 0.0096904983134945433 0.14566267524012563 -0.075257520506292211 0.1414422101197377 -0.064471196709983566 0.15739103174693087 0.080850599946989038 0.0053968820240739065 0.22202460677173091 0.075985967787963266 -0.33009659903604532 0.030874866084368634 -0.067544031150418946 -0.013948241284371726 -0.098181031515807871 -0.080154256720271613 -0.00092578996059688675 0.18213070233052689 0.0762549833797877 -0.26339734780588936 0.10190047279826712 -0.015692546928354405 -0.019786637579951635 -0.057741069061059691 -0.067615038228932875 -0.076813227281568294 -0.007674813583584815
leaf_weight=259.51199290667137 796.10548919672146 1955.9423580996154 5227.3913118187993 2365.298661708337 1100.4968586034811 193.55977947471547 269.83242214773782 2569.5951745306666 8461.100998816386 3407.6911705571401 541.91323270788416 9613.422334002069 267.90937509924697 229.93872108105279 6584.5115688155929 3241.4691852034011 311.81415841481066 1311.6833362950856 3104.776892116919 222.9283174611046 291.11754528732854 12497.397314097885 945.73373638952762 1415.4300185826942 706.99218467995524 1248.6258083049906 307.08011474795057 964.11653993171058 87978.9935191572 203.74884051593835 463.36039837448334 461.90561770420754 964.06576503111864 525.1795925895276 114.64835117614712 1344.3571319813782 2305.6509036103234 600.0052962526679 204.7544710870643 281.79491876343673 71.244787873874884 1509.7321662842514 408.62104300619103 284.4147881870158 318.26167391413037 210.02027589047793 263.69177618494723 270.63374253141228
leaf_count=3312 3336 15426 38627 17154 6424 888 1914 14429 82719 18294 2493 46482 2164 2047 36701 51631 3993 36053 17904 1809 2636 64647 4913 5972 2501 4326 3914 3777 693158 1594 7347 3526 16970 3991 1772 12844 8898 2642 1801 2040 948 9599 1677 1102 4929 2273 934 1061
internal_value=0 -0.00774373 0.00115535 0.0072956 -0.0164086 0.0214876 -0.00916719 0.0267691 -0.0287374 0.0328745 0.0651521 -0.0244639 0.00420008 -0.073984 0.019694 -0.0515406 -0.0136559 -0.0702926 0.073672 0.144456 -0.0184851 0.00473161 0.0302091 0.0120333 0.00241135 -0.0192799 0.00902226 -0.00922989 0.00318932 -0.0118718 -0.0458305 -0.0534465 -0.0898169 -0.173167 -0.268229 -0.0509611 -0.0216883 0.0551757 -0.0411569 -0.0629039 0.00990745 0.006616 0.0497191 0.0947117 0.0589705 0.080881 0.0465479 0.111157
internal_weight=0 51279.5 35997.5 30770.1 11510 19260.1 5204.73 2839.43 15282 14055.4 4063.18 10409.5 117919 788.966 9992.2 6820.91 2267.76 4553.15 3869.62 764.842 559.027 117130 6666.23 5449.86 5190.35 4198.94 2783.51 2476.43 110464 20446.7 7949.34 7485.98 3481.4 1101.73 576.554 2379.67 4004.58 803.754 3200.82 2587.45 1035.31 90017 613.376 991.407 2038.01 1719.75 1227.81 1216.37
internal_count=1275592 396277 206455 167828 56242 111586 33497 16343 189822 78089 23094 49818 879315 6847 54995 107103 19419 87684 22206 4302 4800 872468 31812 25838 22526 18923 12951 9037 840656 130697 66050 58703 40051 9289 5298 30762 18652 4236 14416 10938 17918 709959 3478 3603 16801 11872 4711 5974
is_linear=0
shrinkage=0.5


Tree=119
num_leaves=49
num_cat=0
split_feature=2 1 6 7 6 14 8 6 13 3 7 8 8 8 13 14 6 4 12 5 13 14 8 4 12 1 5 6 14 13 5 1 7 7 9 13 13 8 1 6 13 12 9 7 13 7 3 7
split_gain=14.8793 12.9929 10.9166 24.6337 16.1359 17.4053 12.046 10.8907 34.0446 9.8624 9.59226 9.55629 8.45652 17.3975 19.1478 69.2828 30.2477 26.4957 22.3307 21.5065 24.9917 20.9745 32.6145 21.6584 24.4827 19.7545 19.2645 18.4642 18.1747 24.1917 23.5209 20.6881 24.6257 24.5131 22.9934 22.083 36.124 28.5141 22.4779 21.2552 21.9478 18.315 18.2705 22.3899 39.0745 23.6635 25.1495 21.6273
threshold=-0.27498798072338099 0.50544652342796337 0.1973560452461243 0.084148690104484572 0.35398235917091375 2.6891531944274907 0.015033137053251268 -0.0993044078350067 0.4968030601739884 0.045502716675400741 0.057609122246503837 -0.029527684673666951 -0.014228141866624354 0.023550774902105335 0.46515989303588873 12.530106544494631 0.0010095801553688946 0.010022135917097332 1.0182781219482424 -0.030502781271934506 -0.62601223587989796 7.8946077823638925 0.074508219957351698 0.024481639266014103 1.5534957647323611 0.28760007023811346 0.028882104903459552 0.046449072659015662 8.4088840484619158 0.65962725877761852 0.080876499414443984 0.24774942547082904 0.013956854585558178 0.012111115735024216 -7.9300272773252787e-05 -0.64507192373275746 -0.81786394119262684 -0.0026760394684970375 0.5307518243789674 -0.066014245152473436 0.011976612266153099 1.3436499238014223 -0.00054823368554934848 -0.0020232370588928457 -0.46878254413604731 -0.0076005111914128056 -0.036793975159525864 0.028780132532119754
decision_type=2 2 2 2 2 2 2 2 2 2 2 2 2 2 2 2 2 2 2 2 2 2 2 2 2 2 2 2 2 2 2 2 2 2 2 2 2 2 2 2 2 2 2 2 2 2 2 2
left_child=1 -1 7 -4 5 9 11 8 10 -5 -2 -7 -9 28 16 21 -15 18 -18 -20 -21 23 25 26 -25 -23 27 -16 31 30 42 32 33 39 -34 36 -33 -38 -37 -14 -41 -42 -30 45 -45 46 -44 -46
right_child=2 -3 3 4 -6 6 -8 12 -10 -11 -12 -13 13 14 15 -17 17 -19 19 20 -22 22 -24 24 -26 -27 -28 -29 29 -31 -32 35 34 -35 -36 38 37 -39 -40 40 41 -43 43 44 47 -47 -48 -49
leaf_value=-0.1549243570157752 -0.057610372810131566 -0.021306913445078287 -0.11025443679871376 0.037198222661991201 -0.19220605224273196 0.022851666423369908 0 -0.0034184191081673607 0.1233905718974789 -0.17639527911660993 -0.17308973965751434 0.2255247383274101 -0.095511672712558143 0.013432496102339609 -0.059067358197592026 0.15289460118139006 -0.023162330625087553 -0.023616555567047247 0.04779931183282065 0.037490912065461061 -0.011371276629112286 -0.11592850198948092 0.13607080218620421 0.019083894151130959 -0.097853942851889752 0.033068734506118878 0.0022760650993860336 0.0018203770375970704 0.014125856409488425 -0.11699433363362623 0.077887059290989408 0.014987490741456638 0.036369600078607435 0.1718033641252463 -0.034694957630066865 0.0151241173761083 -0.048963482330450683 -0.005057776557972531 -0.015293234192723245 0.053263131992387955 0.029975657933480154 -0.048047744495811937 -0.12237700169496955 -0.0092851881727653816 -0.13003058171431237 0.078275080489849019 0.00319866725292555 -0.0014989004492621074
leaf_weight=278.36619847372094 773.04943113110494 554.64254675573284 704.98874088113735 97.205834985448746 79.434668749792763 91.740008551278152 196.08640454770648 89253.448718531959 237.10401186533272 111.8263240784654 245.23549402237404 192.7046518514253 305.50425116671249 27709.531919005276 7964.1036159594078 573.58531795861199 5913.8116560069175 16191.432879586209 3442.3290427109241 3722.133809155348 8791.7991372742981 346.30494529008865 506.5148119488731 3346.2247380688787 515.3628033864079 610.85422867443413 2186.7909515004139 1456.9878272985225 4520.5051365899562 511.53429532516748 780.57102768060577 11866.865631713503 1944.8683917229064 333.01275219488889 2735.6297607699526 49379.418492300603 5917.0542335117643 9937.5322120691199 6908.7006235307781 7223.1598470245517 2313.350606483873 1111.6216098882724 476.82652036764193 2717.8355341846182 1526.2016564477235 827.46471354324603 2367.1729539888911 426.64067119080573
leaf_count=15312 3496 29742 14004 1570 4065 2502 7855 360428 779 3153 1209 3953 955 106316 20801 1998 37972 99196 18818 45814 35718 865 1698 9905 1488 1959 7037 4929 19406 2460 6522 65993 6943 1278 9758 164423 22776 38639 26042 26276 6676 3265 1333 12090 4314 3130 9188 1543
internal_value=0 -0.0666895 0.000191194 -0.0427107 0.0186243 0.0438782 0.0966701 0.000412713 -0.0460322 -0.0749835 -0.0860546 0.162219 0.000618014 0.00244552 -0.00304539 -0.0177416 0.000859003 -0.00828173 0.00304906 0.0127959 0.00312413 -0.0235598 0.0334741 -0.0289903 0.00332677 -0.0203821 -0.0397837 -0.0495987 0.00645642 -0.0102955 -0.00624999 0.00883324 0.0253398 0.037989 -0.00505753 0.00568973 -0.00584962 -0.0214773 0.0113817 0.0338598 0.0376272 0.00449952 -0.0114004 -0.0252927 -0.0482629 0.00379804 -0.0177153 -0.102221
internal_weight=0 833.009 289392 1473.99 768.998 689.563 480.531 287918 1255.39 209.032 1018.28 284.445 286663 197409 83277.8 17506.7 65771 38061.5 21870.1 15956.3 12513.9 16933.1 1463.67 15469.5 3861.59 957.159 11607.9 9421.09 114131 14154.8 13643.2 99976.7 15967.1 11286.6 4680.5 84009.6 27721.5 15854.6 56288.1 10953.6 10648.1 3424.97 12862.6 8342.14 4670.68 3671.46 2844 1952.84
internal_count=1275592 45054 1230538 37102 23098 19033 14310 1193436 5484 4723 4705 6455 1187952 827524 394514 50680 343834 237518 138322 100350 81532 48682 4522 44160 11393 2824 32767 25730 433010 59986 57526 373024 55151 38450 16701 317873 127408 61415 190465 37172 36217 9941 51004 31598 17947 13651 10521 5857
is_linear=0
shrinkage=0.5


Tree=120
num_leaves=49
num_cat=0
split_feature=4 5 15 12 12 5 11 2 3 11 11 5 1 15 10 11 5 6 15 10 6 5 10 2 15 5 10 12 1 6 5 15 10 1 15 6 10 4 15 2 5 3 4 10 10 1 12 2
split_gain=60.5559 55.3939 63.8355 51.913 53.2008 50.2884 51.0095 73.0228 92.8966 70.0561 60.4388 56.5644 49.9641 44.9804 67.1148 86.1028 48.6318 86.3432 44.7772 43.8574 39.8871 44.2675 57.7119 50.5097 68.1999 37.237 37.1583 37.1251 36.0069 87.5993 55.4084 48.3595 45.4538 69.7457 84.9698 77.5169 59.9495 75.1375 57.5077 57.4141 52.9084 65.464 55.5166 64.5806 76.7875 76.7094 84.4405 76.5253
threshold=0.11064275354146959 -0.017662165686488148 5.2026302814483651 0.783022701740265 0.94809547066688549 -0.010104389395564793 1.1416780948638918 0.12458191066980363 0.1194460801780224 0.45305432379245764 1.208254933357239 0.01611688639968634 0.53571394085884105 5.0093376636505136 0.58375549316406261 1.0388286709785464 0.0020672091050073509 0.010100627318024637 5.1929292678833017 1.2356150746345522 -0.014766670763492582 0.037547880783677108 0.27008412778377539 0.26364235579967504 5.2026302814483651 -0.11012737825512885 0.50883987545967113 1.3886235356330874 0.41122265160083776 0.12864045053720477 -0.09690342471003531 5.2720847129821786 2.9552571773529057 0.49703304469585424 5.1809802055358896 0.051742406561970718 3.8734765052795415 0.0094991796649992483 5.2343761920928964 -0.18407724797725675 -0.069405946880578981 0.089352872222661986 -0.081893932074308382 -0.27408818900585169 1.459400534629822 0.52828022837638866 1.150676488876343 0.039538659155368812
decision_type=2 2 2 2 2 2 2 2 2 2 2 2 2 2 2 2 2 2 2 2 2 2 2 2 2 2 2 2 2 2 2 2 2 2 2 2 2 2 2 2 2 2 2 2 2 2 2 2
left_child=13 2 -2 -3 -5 -6 7 11 -9 -10 18 27 -4 14 -1 19 -17 -18 -8 -16 -12 -22 -23 24 -24 -15 -11 -7 -27 30 31 -30 40 34 35 39 37 -35 -39 -34 41 -32 43 -42 45 47 -47 -45
right_child=1 3 12 4 5 6 10 8 9 26 20 -13 -14 25 15 16 17 -19 -20 -21 21 22 23 -25 -26 28 -28 -29 29 -31 32 -33 33 36 -36 -37 -38 38 -40 -41 42 -43 -44 44 -46 46 -48 -49
leaf_value=-0.27226425799041837 -0.21809700842500662 0.34832086237911347 0.10900927915129187 -0.069227481645222633 0.33752579894345269 -0.041369279284700626 0.57323160192292921 0.37352844131850366 0.42300908821425448 -0.25252388884056209 -0.1572543943949431 -0.11912994503393283 -0.13680041499933765 0.06554857401046793 0.36358175204946219 -0.3873226931793885 -0.36876662799932658 0.32005745934408136 0.19460868869357714 0.021164616381440949 -0.08006814701639485 0.47183480922410564 -0.33174107049484969 0.37879033599374656 0.15617985084733474 0.0017480544870801199 0.037444968362509358 0.28973110191429019 -0.19308801553282565 -0.25661577690457599 0.072818385492977922 0.08693491264807568 0.48058321769701412 0.12578149427932328 0.016683252549840079 -0.240768288287982 -0.072861091496619013 -0.27881816664331316 0.033931453352741052 0.14031737392160054 -0.10478799298821605 -0.12953666575263284 -0.024770665482964502 0.21974175856884626 -0.037586167267599627 0.13180185686824075 -0.16800714884379297 -0.0080543528338972176
leaf_weight=379.50625366321128 363.86807310561744 168.91096985440436 629.91531563096032 620.54380176624727 192.41488013421622 167.64553229836747 123.95847243640128 279.03277294078725 97.128381235590496 144.63892250678327 140.41093354378609 889.4140814272323 305.46880818896534 2059.9714785900433 139.34477298652382 173.11610001823465 87.835022995248437 92.116681298189178 230.33103401191329 291.1090358715046 187.39664582630394 144.30395764238619 102.49362730391113 123.76772779036764 231.31067945902032 178553.84989411783 450.25357228944631 165.10316128963495 716.45653649503947 362.91688020116999 2941.7221303560618 193.00192573246022 134.77589055709177 1071.2152345238846 5065.5792069128502 123.30449924387176 2850.4609490831817 248.17298121223575 352.21767400859972 1682.375441079259 749.79797703507393 460.08347080269959 44674.208280910025 1402.2061855137708 1492.9752727941359 479.16712986934908 458.09457000662223 494.3142604031309
leaf_count=7181 5253 1744 2041 6633 952 1207 1813 1618 1110 2567 969 8790 1593 13492 1758 2691 1362 1928 1253 4568 1627 1168 2344 1197 1392 719165 6763 1012 5862 21634 15020 322 1876 8194 16261 4445 33465 3421 889 12291 9449 4486 291657 10269 14521 5928 7128 2134
internal_value=0 0.0500253 -0.0405506 0.0765321 0.065636 0.0885908 0.0745788 0.0279384 0.130373 0.0312098 0.153775 -0.0530808 0.0281408 -0.00183604 -0.0998987 -0.0155339 -0.19882 -0.0135766 0.329729 0.133755 0.0859018 0.129936 0.196175 0.107311 0.00432838 -0.00137106 -0.0325229 0.121794 -0.00193717 -0.0119216 -0.0105562 -0.133083 -0.00882357 0.0196175 0.0508856 0.139859 -0.028716 0.0462608 -0.0947616 0.16608 -0.0150017 0.0452735 -0.0191341 0.0303654 0.0539209 0.102304 -0.0142223 0.160132
internal_weight=0 5758.31 1299.25 4459.06 4290.15 3669.6 3477.19 2193.22 971.054 692.021 1283.97 1222.16 935.384 247730 1163.03 783.522 353.068 179.952 354.29 430.454 929.684 789.273 601.876 457.572 333.804 246567 594.892 332.749 244507 65953 65590.1 909.458 64680.7 11528.1 7006.04 1940.46 4522.07 1671.61 600.391 1817.15 53152.6 3401.81 49750.8 5076.56 4326.76 2833.78 937.262 1896.52
internal_count=1274443 53046 8887 44159 42415 35782 34830 23067 12058 10440 11763 11009 3634 1221397 19488 12307 5981 3290 3066 6326 8697 7728 6101 4933 3736 1201909 9330 2219 1188417 469252 447618 6184 441434 80842 34873 18612 45969 12504 4310 14167 360592 19506 341086 49429 39980 25459 13056 12403
is_linear=0
shrinkage=0.5


Tree=121
num_leaves=49
num_cat=0
split_feature=12 7 6 10 16 12 10 16 12 10 12 1 15 0 0 1 2 15 15 16 1 16 12 10 15 7 2 16 2 10 6 16 0 7 16 10 12 12 8 0 1 0 10 6 10 10 12 10
split_gain=15.1475 29.8117 20.0654 17.2453 15.7619 13.6142 34.1737 19.6057 14.7248 25.9013 28.1333 27.0765 26.7549 30.0994 38.6052 24.7019 24.0687 29.9572 26.6156 23.3294 21.8757 30.635 28.2359 30.0588 25.1844 23.2548 22.8919 22.5331 22.4891 21.0711 20.8643 36.4509 23.9194 20.9023 36.0624 20.7907 22.1001 19.5032 19.4752 21.8154 26.9541 19.8587 19.3498 21.8865 18.905 18.4017 31.8055 23.456
threshold=1.6981823444366457 0.054026557132601745 -0.0055483654141426078 0.28579790890216833 -0.3212286084890365 1.6723495721817019 1.0001052618026736 -1.6110752820968626 1.3776282072067263 1.459400534629822 1.3998930454254153 0.52346873283386242 5.1847491264343271 0.70693433284759533 0.72696170210838329 0.25588549673557287 0.050520524382591254 5.1534996032714853 5.2611541748046884 -1.3617519140243528 0.33277016878128057 0.3157114982604981 1.2176640629768374 1.6096634864807131 5.1388301849365243 -0.0086105121299624426 -0.018713367171585556 0.16640061140060428 -0.12998457998037335 1.6910797953605654 -0.029844574630260464 -0.27555094659328455 0.39912575483322149 0.0082480511628091353 -1.5495625734329221 -0.10608045011758803 0.95161187648773204 1.1625031828880312 0.082564644515514388 0.76335737109184276 0.58179235458374035 0.59964588284492504 -0.016052544116973873 -0.032663509249687188 1.4044046401977541 -0.44484747946262354 1.5763268470764162 -1.419318616390228
decision_type=2 2 2 2 2 2 2 2 2 2 2 2 2 2 2 2 2 2 2 2 2 2 2 2 2 2 2 2 2 2 2 2 2 2 2 2 2 2 2 2 2 2 2 2 2 2 2 2
left_child=5 2 -2 4 -4 8 7 -7 20 10 11 16 29 -14 -15 -12 18 -18 -10 -16 22 25 28 27 -23 38 42 -24 -1 -11 31 32 35 -32 37 -27 -37 -35 39 40 -22 -40 43 -26 -33 46 -17 -48
right_child=1 -3 3 -5 -6 6 -8 -9 9 12 15 -13 13 14 19 45 17 -19 -20 -21 21 24 23 -25 26 30 -28 -29 -30 -31 33 44 -34 34 -36 36 -38 -39 41 -41 -42 -43 -44 -45 -46 -47 47 -49
leaf_value=-0.057356013406215968 0.11555596246899846 -0.14146845571312536 0.022655240057004141 -0.011931042874654685 0.18324890397386101 -0.081221470213500888 -0.077610456125695615 0.02888032455978954 0.020391251490029103 0.049592934895621194 0.019740266293176222 0.1211810716410337 0.061096894172123765 -0.16032305635316754 0.090751742858218215 0.033968355401806018 -0.016500784785946954 0.1476484563424709 -0.091788075837864469 0.0026772076840324973 0.033933978978014409 0.0086310710289387166 -0.020947937372590531 -0.063135947491781461 -0.18304022056075731 0.21348884688408873 -0.0055643635883945407 0.034336208099984521 0.00053651453360285112 -0.010826342025753697 -0.0096663049420668556 -0.028944209943991096 0.02768867761711032 0.14521668421917872 0.005908602146739386 -0.031987968969553394 0.12182222019358167 0.013688590497855568 -0.086056419225507774 0.0056251811612821716 0.15923974227599857 0.014552860320976434 -0.021461336865397002 -0.053079095734887054 0.059948703045765876 -0.012558606041856555 -0.093818970283932532 -0.002298332606052412
leaf_weight=1739.0783952658967 835.7195734003908 215.27161945903208 387.34263362269849 1247.2641168315022 261.12157860820298 489.40770583576523 1908.6595929058531 2278.0586198665987 3254.6412322679389 1814.9173802528494 10658.868729840498 783.45669872639701 6365.0391675421852 313.40213691492681 944.72362419525598 6228.0560293607414 445.71427017543465 714.95338989235461 630.03812342742458 3732.208506110459 13101.93809028521 13665.228480589467 16075.191694562382 3883.7402908910153 369.76171635743231 384.07675361726433 15373.646453555091 2074.8245331719518 46304.056757500919 7016.348257260699 28461.636193833216 2560.169366974822 1906.8257031264638 740.01707017966692 21803.323897387447 322.37139667876909 801.83229485710035 469.59651378939088 811.01951742008532 8426.7878130169411 445.38782764409552 1222.0947153772468 7247.9415165678874 2862.7651775244158 777.60941653922782 34577.943053062074 905.19007653836161 3132.0725203733891
leaf_count=16395 4068 1324 1855 6463 1675 1652 11010 7715 10689 6945 33969 2822 23665 1059 10435 24044 1421 2371 1401 17734 49794 66324 53371 37143 1128 1233 62750 7168 236509 46572 130623 7760 8888 12916 116812 1054 3111 7249 3508 46372 2235 10541 33436 9840 4156 111848 3217 10173
internal_value=0 0.0366489 0.0509164 0.0221109 0.0882751 0.000612214 -0.0261317 0.00920666 0.00107164 0.00670211 0.00157996 0.0346263 0.0222386 0.0382921 0.00909872 -0.0018821 0.0210654 0.0842223 0.00204979 0.0205904 -0.00131841 0.00272926 -0.00835805 -0.0231795 -0.00870535 0.00823048 -0.0178879 -0.014599 -0.00154984 0.00153805 0.00282153 0.0289521 0.0652771 -0.000597285 0.0105972 0.112417 0.0772827 0.0946213 0.0213279 0.0256711 0.0381019 -0.0253575 -0.035915 -0.0681517 -0.00807313 -0.00703303 0.0115301 -0.02296
internal_weight=0 2946.72 2731.45 1895.73 648.464 278025 4676.13 2767.47 273348 81517.6 61330.9 5828.8 20186.6 11355.4 4990.33 55502.1 5045.35 1160.67 3884.68 4676.93 191831 121754 70076.9 22033.8 39519.3 82234.7 25854.1 18150 48043.1 8831.27 58227.5 6752.88 3415.11 51474.6 23012.9 1508.28 1124.2 1209.61 24007.2 21974.1 13547.3 2033.11 10480.5 3232.53 3337.78 44843.3 10265.3 4037.26
internal_count=1274443 15385 14061 9993 3530 1259058 20377 9367 1238681 308365 201955 18704 106410 52893 29228 183251 15882 3792 12090 28169 930316 579730 350586 97682 173478 406252 107154 60539 252904 53517 293802 26202 14286 267600 136977 5398 4165 20165 112450 98401 52029 14049 44404 10968 11916 149282 37434 13390
is_linear=0
shrinkage=0.5


Tree=122
num_leaves=49
num_cat=0
split_feature=2 6 7 7 1 3 6 12 11 11 12 0 11 1 1 2 12 3 3 3 0 0 4 14 1 3 6 6 0 12 3 2 11 14 0 3 14 0 5 7 2 11 14 15 14 7 6 2
split_gain=26.5621 24.9974 35.278 30.2204 25.3932 25.257 23.4582 20.7143 30.312 49.5545 48.1613 26.5563 25.6495 25.3413 22.2171 28.448 21.1914 19.6982 27.8434 32.3425 44.4741 44.3501 37.2101 22.524 22.9292 20.8013 20.5235 19.1607 26.7263 23.0133 22.8764 20.7478 18.7118 18.6248 18.4089 37.707 19.2059 18.6846 25.2849 25.2909 20.3915 17.5857 37.9717 31.4905 19.4209 21.8968 22.2012 18.0794
threshold=0.28860852122306829 0.12494546547532083 0.054026557132601745 0.079878654330968871 0.31100544333457952 0.0096041769720613974 0.21874164044857028 0.86066433787345897 0.90237736701965343 0.55113649368286144 0.76366382837295543 0.71098634600639354 1.0581535100936892 0.24344980716705325 0.19065749645233157 -0.0059035490266978732 0.8664795756340028 0.16386110335588458 0.10488036274909975 0.028600559569895271 0.7770938277244569 0.85520634055137645 -0.026684718206524845 8.7404565811157244 0.28222270309925085 0.00061056078993715357 0.051742406561970718 -0.01372684584930539 0.39912575483322149 1.321654796600342 0.040650699287652976 -0.12425104156136511 0.79757702350616466 5.0007133483886728 0.92471885681152355 0.027910616248846058 11.99032497406006 0.4114482998847962 -0.0024522556923329826 -0.038855431601405137 -0.12713535875082013 0.63318336009979259 4.8997728824615487 5.1857111454010019 10.41734027862549 0.003987732809036971 -0.0027497153496369715 0.0027949979994446044
decision_type=2 2 2 2 2 2 2 2 2 2 2 2 2 2 2 2 2 2 2 2 2 2 2 2 2 2 2 2 2 2 2 2 2 2 2 2 2 2 2 2 2 2 2 2 2 2 2 2
left_child=1 3 4 7 5 -3 -7 8 9 10 -1 -10 17 -12 15 -13 -14 18 19 21 27 41 26 -24 25 -25 -23 28 29 -21 32 -30 -29 -20 37 36 -36 38 -18 -40 -41 42 43 -9 -44 46 -46 -47
right_child=-2 2 -4 -5 -6 6 -8 12 11 -11 13 14 16 -15 -16 -17 34 -19 33 20 -22 22 23 24 -26 -27 -28 30 31 -31 -32 -33 -34 -35 35 -37 -38 -39 39 40 -42 -43 44 -45 45 47 -48 -49
leaf_value=-0.29980716789596379 -0.057512005822160456 0.06788223918095139 -0.0039500914838538712 0.054016519592919206 0.074604954385787944 -0.034114720811607636 0.11148747648854535 0.016737691865021179 0.032545590791076641 0.067858576612029112 -0.16744147552888095 -0.26578883967525879 -0.11301651943919572 0.064444632658357967 -0.018271664149435419 -0.0083594731582159881 0.014654907599122689 0.010177579743824968 -0.021256551057245089 0.0459844497587047 0.026105604498794878 -0.028547551849246088 -0.067913819050868865 -0.20010581607934994 -0.25372887482414469 0.023878417612499574 0.13364556585653264 0.062974710509403245 0.16282146861285801 -0.12255835463368588 -0.050149578401683298 0.024751102590156573 -0.040630708260439866 -0.069586640987054485 -0.058265745335819408 -0.0021739354770650651 -0.20986429530875908 0.012910879250674911 0.087324743404663688 -0.1313478487649804 -0.027821898155607854 -0.021772458740032603 0.067301853792599051 -0.06177732736090074 0.1674740412670504 -0.13528924567047598 -0.0046184893391787735 0.028069344699588196
leaf_weight=175.14229893755692 2016.9326213327295 1468.2806485263573 7818.2572740317264 2389.7273431456706 3562.8364075225545 2122.3289797416364 316.14171832823195 2463.4285972864236 2696.4617896143463 4264.6502614165947 163.31000867916737 218.63441451080143 392.62646689319809 415.23708243638976 3223.2403979574592 218.11656582402065 6390.7306722307549 9457.3646068547532 4877.4194144321955 328.42509559425525 11476.492768664684 576.45982301417098 2734.8213958476554 191.73177009919891 379.01219723193208 216.45924077380914 291.35140594129916 955.60416623466881 341.40463948034449 512.36144134699134 5249.4701435603783 1395.04316009576 794.60665215269546 3422.6488979400747 1729.400161099009 11268.220335202335 241.2911666243017 39976.594917221606 442.51039790696814 516.14887941238703 6507.176727046739 17901.178228506746 2581.1596573962015 2633.4574476555572 272.76529986527748 417.02903690145467 577.17928459664108 276.9336477862671
leaf_count=1590 10090 9123 56023 14546 22613 12107 2060 31518 26185 34014 725 871 2483 3475 22571 1187 54237 56787 27625 3768 78141 8188 29924 1233 2020 1230 2119 9889 1815 6016 43703 13263 7333 19444 14005 73618 1531 253108 3289 2194 55183 189776 20495 35980 1566 1679 2698 1405
internal_value=0 0.000196823 0.0194686 -0.00174402 0.0440445 0.0160344 -0.0149948 -0.00264106 0.0178567 0.0469114 -0.0708858 -0.00500669 -0.00433695 -0.000324502 -0.0328109 -0.138682 0.00262197 -0.01102 -0.014322 -0.0100596 0.00509489 -0.0201998 -0.0668456 -0.0897224 -0.164671 -0.0803394 0.0254214 -0.0200312 0.0166921 -0.0561524 -0.0336243 0.0522631 0.0156553 -0.0412524 0.00330803 -0.0133815 -0.0771781 0.00742185 -0.00837785 -0.0281601 -0.0355189 -0.0126296 0.00506433 -0.0237355 0.0407674 -0.00328508 0.050154 -0.0694331
internal_weight=0 166841 15287.8 151553 7469.59 3906.75 2438.47 149163 11374.8 5018.34 753.689 6356.45 137789 578.547 3659.99 436.751 67464.7 70323.8 60866.4 52566.4 21053.4 31513 4389.84 3522.02 787.203 408.191 867.811 9576.92 2577.23 840.787 6999.68 1736.45 1750.21 8300.07 67072.1 13238.9 1970.69 53833.2 13856.6 7465.84 7023.33 27123.1 9221.95 5096.89 4125.07 1543.91 849.945 693.963
internal_count=1274443 1264353 101926 1162427 45903 23290 14167 1147881 90618 39804 5790 50814 1057263 4200 24629 2058 459648 597615 540828 493759 163928 329831 44714 34407 4483 2463 10307 85787 24862 9784 60925 15078 17222 47069 457165 89154 15536 368011 114903 60666 57377 285117 95341 67498 27843 7348 4264 3084
is_linear=0
shrinkage=0.5


Tree=123
num_leaves=49
num_cat=0
split_feature=3 0 14 0 13 16 6 3 13 2 14 0 16 16 16 13 14 16 13 16 16 15 12 13 4 13 13 13 11 16 3 14 12 16 2 3 6 7 0 6 15 16 14 4 6 7 16 13
split_gain=17.7994 47.7535 36.8211 35.3891 35.9321 38.8764 30.6177 28.4504 26.5447 32.9754 23.0627 22.9376 48.7454 26.0937 22.8129 37.0319 21.7855 35.7523 35.793 23.5813 30.728 24.8022 22.8432 21.5512 21.7026 21.9892 20.9803 24.4529 22.0878 20.959 20.2645 19.7562 24.7369 19.5201 30.5374 19.1627 18.9396 18.8169 18.7262 18.847 18.4014 17.7388 17.6251 17.1489 16.9869 16.9736 16.739 16.7348
threshold=0.052601970732212074 0.74623245000839245 2.535369992256165 0.94268730282783519 -0.25016865134239191 0.82983136177062999 0.0090335402637720125 0.10488036274909975 0.090013440698385253 0.18413765728473666 5.3538100719451913 0.51609933376312267 -1.1321547031402586 -1.2263402342796323 0.23508439213037494 -0.44475483894348139 16.567082405090336 -0.82911989092826832 0.14060687273740771 1.0000000180025095e-35 0.23508439213037494 5.2658150196075448 0.71643933653831493 -0.18558874726295468 -0.07407838478684424 0.011976612266153099 0.40023288130760198 -0.023949598893523213 1.2054767012596133 -1.1470745801925657 0.21554386615753177 16.567082405090336 1.3810858726501467 -2.5965871810913081 -0.0059035490266978732 0.015310912858694794 -0.011807607952505348 -0.011424945201724766 0.67377093434333812 0.013834745157510044 5.2441129684448251 -3.0004471540451045 3.046994805335999 0.055490549653768546 0.0010095801553688946 0.025345332920551304 -0.10205796733498572 -0.50052464008331288
decision_type=2 2 2 2 2 2 2 2 2 2 2 2 2 2 2 2 2 2 2 2 2 2 2 2 2 2 2 2 2 2 2 2 2 2 2 2 2 2 2 2 2 2 2 2 2 2 2 2
left_child=3 8 6 4 5 -1 -3 26 9 31 -11 12 -10 -13 30 43 19 35 -19 22 21 -21 -6 45 25 -25 27 37 -29 -8 -9 38 -33 34 -26 -18 -28 -4 46 -40 -7 -36 -23 -16 -38 -24 -2 -5
right_child=1 2 7 47 16 40 29 14 11 10 -12 13 -14 -15 15 -17 17 18 -20 20 -22 42 23 24 33 -27 36 28 -30 -31 -32 32 -34 -35 41 -37 44 -39 39 -41 -42 -43 -44 -45 -46 -47 -48 -49
leaf_value=-0.0082722347354244746 0.057577704378372709 -0.010805263299492005 -0.054055757656301245 0.054262474617352174 -0.073314151196943636 0.021339682418479829 -0.11619331479117849 0.0061645078707746092 -0.14794031627506471 0.00017590403313336452 -0.10404033358141199 0.10601748240596255 -0.012967886045472447 -0.005432642193375253 0.035878638460722589 -0.041598676628730118 0.15833578448393551 -0.094822503660584104 0.10505299320247352 0.035428066879899453 0.008394425351997737 0.05259102621228734 0.022536561109301974 -0.049927174182554629 -0.022253465045741362 0.064158406760009487 -0.068009289458855773 -0.049411423602599362 -0.17340320043392973 -0.047218678833622345 -0.052279447159571182 0.0011474609257254046 -0.2250967523249813 -0.0047445426453237849 0.024751197282426109 0.026032044903242943 0.14324711074136204 -0.0085719497981490023 -0.030933853302892285 0.044362492066729695 0.096776622905906412 0.10985345467178396 0.21050667929644123 0.10956896422873363 0.020199104371807382 0.11001949802280371 0.02101294051119252 0.015392400488844205
leaf_weight=98114.993777682306 6418.2824648851092 5701.7648267563563 3176.8853913923558 4000.6477586551482 1020.959641794092 3842.6511294578668 1341.323643022959 7813.1315016308472 840.35919764265418 1500.5921666333452 812.47769122384489 634.18712223693728 3318.683621768374 2995.026744092349 2116.3079244193141 1092.0911379496683 802.98762476874981 572.89363235514611 365.25928050465882 7080.259014609619 23816.045790411183 363.53224550490268 3962.7286756278481 513.55753009568434 1621.4785349527374 2261.2768868547864 490.22505809459835 1323.978369045537 502.92836012504995 6565.2634481656933 1827.4924472070015 419.56254039398118 166.25874273180671 57215.265845882474 1298.2445294401841 430.57073364814278 339.87143704015762 8124.9740258060301 2140.9292156214069 1356.1668939404626 1033.6499428465031 1192.1777169485576 365.25008534360677 1290.0702621949022 1676.6895342676435 650.02519350033253 6225.8038958556899 9186.6919251149084
leaf_count=400755 25099 29484 17483 29123 3060 15087 17672 87029 1764 5267 2610 1817 11303 10432 25023 4801 2571 1841 1621 25619 88602 1073 11579 1495 5911 6918 1508 4481 1575 52063 55914 2775 785 156946 6066 1237 1257 54548 10399 7733 3909 3614 943 8464 5948 2249 23820 33170
internal_value=0 -0.00703124 -0.0172895 0.00211362 0.000507578 -0.00610227 -0.0388438 -0.00742041 0.00953834 0.0196083 -0.0362437 -0.015015 -0.0403891 0.0139288 0.00880715 0.038217 0.00708769 0.0566542 -0.0164418 0.00602022 0.0173456 0.0445765 0.000876807 0.00198746 -0.000380396 0.0428533 -0.0221265 -0.0301445 -0.0838948 -0.0589964 -0.00486664 0.0273633 -0.0624838 -0.00234539 0.0309093 0.112619 0.0196623 -0.0214051 0.0306588 -0.00158681 0.0374494 0.0657185 0.1326 0.0639575 0.0412462 0.0349941 0.0396163 0.0272256
internal_weight=0 70211.3 43383 219711 206524 102991 13608.4 29774.6 26828.3 19040.1 2313.07 7788.26 4159.04 3629.21 14139.1 4498.47 103533 2171.71 938.153 101361 31625.1 7809.04 69735.7 68714.8 64102 2774.83 15635.6 13128.8 1826.91 7906.59 9640.62 16727 585.821 61327.2 4111.9 1233.56 2506.79 11301.9 16141.2 3497.1 4876.3 2490.42 728.782 3406.38 2016.56 4612.75 12644.1 13187.3
internal_count=1274443 471054 367250 803389 741096 419751 99219 268031 103804 78488 7877 25316 13067 12249 181231 38288 321345 7270 3462 314075 116237 27635 197838 194778 180950 8413 86800 78087 6056 69735 142943 70611 3560 172537 15591 3808 8713 72031 67051 18132 18996 9680 2016 33487 7205 13828 48919 62293
is_linear=0
shrinkage=0.5


Tree=124
num_leaves=49
num_cat=0
split_feature=6 9 8 8 15 16 1 2 1 2 16 15 15 15 2 4 12 8 2 11 15 15 6 6 16 10 1 12 5 6 8 12 11 6 4 11 5 8 9 10 1 15 11 4 1 15 15 2
split_gain=31.177 78.083 50.6977 33.9578 27.751 35.5658 60.4678 34.5656 28.7064 57.5056 50.0397 64.2724 63.1926 88.732 45.666 27.1164 32.4658 43.5644 48.9117 54.2855 37.1897 40.9904 46.1908 39.8172 43.6326 38.42 32.5088 31.59 31.2621 58.2933 71.5015 50.5931 60.4897 49.3024 46.4776 50.0029 38.5549 52.8482 37.8855 42.4875 47.1555 41.1214 37.8786 60.8045 55.98 45.0611 96.9614 66.0964
threshold=0.21874164044857028 -0.0015813790378160773 0.0068703715223819026 0.022361576557159427 5.0114469528198251 -1.3617519140243528 0.36807225644588476 0.018266206607222561 0.69314378499984752 -0.14598927646875379 0.51388424634933483 5.2589197158813485 5.259646177291871 5.1610007286071786 0.027791375294327739 0.11064275354146959 0.81774061918258678 0.11232892796397211 0.15750937163829806 0.95274692773818981 5.1032161712646493 5.1293153762817392 0.0056010594125837096 -0.025043804198503491 0.53723964095115673 1.1416860818862917 0.41869795322418218 1.6540691852569582 -0.0070748699363321057 0.10122157633304597 0.031137434765696529 1.411839544773102 1.2579425573349001 0.10373953729867937 -0.011558763682842253 0.66954460740089428 -0.051825970411300652 0.0043643557000905284 -0.00020206138287903738 1.6301809549331667 0.21955461800098422 5.210379123687745 1.00660115480423 -0.045990454033017152 0.32072609663009649 5.228835105895997 5.1422235965728769 -0.0097861415706574899
decision_type=2 2 2 2 2 2 2 2 2 2 2 2 2 2 2 2 2 2 2 2 2 2 2 2 2 2 2 2 2 2 2 2 2 2 2 2 2 2 2 2 2 2 2 2 2 2 2 2
left_child=4 2 -2 -4 5 6 7 -1 15 -10 11 -11 13 -12 -15 28 26 20 -19 -20 -18 22 -22 -23 27 -24 -17 -25 29 -6 31 32 33 -31 -33 -36 -34 -38 -32 40 -40 -41 43 -35 -45 46 -44 -48
right_child=1 -3 3 -5 8 -7 -8 -9 9 10 12 -13 -14 14 -16 16 17 18 19 -21 21 23 25 24 -26 -27 -28 -29 -30 30 38 34 36 42 35 -37 37 -39 39 41 -42 -43 45 44 -46 -47 47 -49
leaf_value=0.00018747643171408078 -0.11671017114309126 -0.20309288723471194 1.2868867743494967 0.27312915771424029 0.0041994187559431274 -0.16985119269014287 0.25839119736078781 -0.24519224938549011 -0.32673438936423849 -0.37074122458016162 -0.3729618756304397 0.050237961077876717 -0.27161647420134027 0.8070818945263647 0.21638312187965442 0.36675464612308578 -0.11705498987574642 -0.35656794772866307 0.51998818107240918 -0.29428194159410231 0.39525298224003602 -0.086134490339530939 0.27429910464899088 0.025062826212045565 0.22288676311537908 -0.40397630356820663 0.053840376165424642 0.22540189466344979 -0.0051863832014065548 0.5139765166126754 -0.20793371176898262 -0.2752323416291767 0.25423226656564718 0.43720224498441335 0.312525247695502 -0.13465600428248323 -0.25047191592238338 0.19279642038342895 0.13895438614746944 -0.098515564576912129 -0.3253865979798346 0.34016463273242264 -0.078091733247139666 0.12295058781911848 -0.26365562239263185 0.14723108876751304 0.88155237261891539 0.29301785421355075
leaf_weight=457.44662601803429 26.561948229813424 422.15690080410513 16.016689550619049 19.784382842094601 101856.38828068929 536.3413403803861 167.52550870455161 199.58381685125642 195.09531112539935 155.54902278740337 34.707986613174398 201.11227455564949 58.729027089313604 63.083905423722172 72.239829082056531 138.46044926368813 366.98445059694131 146.4706228314426 40.363007971638581 37.339838684190909 162.52797886484768 574.05111927105463 39.687919790185333 3352.8249308673476 338.94079675659304 39.660928183729993 207.13170063948564 204.67750622323365 140463.17428680544 122.571454833399 260.40512886384022 131.70040186148981 100.59090468053182 94.122534803595045 121.44326253373583 120.02912032602399 193.13596538391721 97.735461928634322 91.503840227174805 79.384909282014632 123.55203293216618 143.0408332596844 69.090316655059723 284.78099125606241 134.17210821899062 363.88058488424576 99.179271105705993 96.735498105350416
leaf_count=2286 2338 25181 502 1735 421360 19716 1516 1162 11559 6613 2818 772 431 967 1208 770 9529 3589 972 1436 1150 2228 843 18266 3318 1165 1777 992 692696 625 5914 1908 1361 936 1355 1543 2219 762 1190 2413 2352 2118 2303 2240 2496 1532 1244 1037
internal_value=0 -0.125817 0.384429 0.76276 -0.00025732 -0.0707272 -0.00552372 -0.0738578 0.000122349 -0.0945965 -0.0159659 -0.132501 0.163356 0.317199 0.499281 0.000419598 0.0343239 0.0246187 -0.188112 0.123637 0.03414 0.0460419 0.244443 0.0351444 0.0531566 -0.059371 0.181333 0.0367883 -0.000360123 0.00611715 0.0775358 0.124604 0.161748 0.214363 -0.0388968 0.088564 -0.0070633 -0.0996835 -0.0585935 0.0294418 -0.125795 0.181642 0.18135 0.0799218 -1.65387e-05 0.263055 0.419082 0.596433
internal_weight=0 484.52 62.363 35.8011 252837 1360.9 824.556 657.03 251476 780.517 585.422 356.661 228.761 170.032 135.324 250696 5649.12 5303.53 224.173 77.7028 5079.36 4712.37 241.877 4470.49 3896.44 79.3488 345.592 3557.5 245047 104583 2727.05 2029.17 1656 1264.53 373.173 241.472 391.462 290.871 697.887 437.482 215.056 222.426 1141.96 513.076 418.953 628.886 265.005 195.915
internal_count=1274443 29756 4575 2237 1244687 24680 4964 3448 1220007 24368 12809 7385 5424 4993 2175 1195639 46035 43488 5997 2408 37491 27962 3158 24804 22576 2008 2547 19258 1149604 456908 35548 21561 16755 12413 4806 2898 4342 2981 13987 8073 3542 4531 11788 5672 4736 6116 4584 2281
is_linear=0
shrinkage=0.495


Tree=125
num_leaves=49
num_cat=0
split_feature=0 11 12 12 12 7 2 0 0 2 13 16 15 1 14 13 7 16 13 15 14 16 1 12 2 8 15 1 1 14 7 7 14 13 13 14 1 9 2 12 2 16 2 8 13 7 9 2
split_gain=14.3511 24.3641 31.146 33.928 26.4498 17.6561 18.0756 21.7519 16.2756 27.076 19.2548 33.8741 50.5439 37.8503 61.6834 30.039 27.0809 28.16 25.0069 25.1406 31.3902 25.2061 38.933 25.7979 23.5932 25.2562 23.2245 21.1016 23.982 21.1694 21.0865 53.2883 20.9652 32.672 27.0961 22.7254 25.8894 40.4052 22.7394 20.8034 20.789 19.4524 22.6169 20.1944 18.6497 18.5212 18.3731 18.2043
threshold=0.93473803997039806 0.59084966778755199 0.80071666836738598 0.90188330411911022 1.197397828102112 -0.051976928487420075 0.091527290642261519 0.92821401357650768 0.79595315456390392 -0.10145679488778113 -0.44475483894348139 0.37336523830890661 5.1911010742187509 0.51390758156776439 3.1941297054290776 -0.47715596854686732 0.046816531568765647 -1.6753014326095579 -0.40149220824241633 5.181894302368165 3.5697467327117924 0.033172627910971648 0.52346873283386242 0.72932058572769176 -0.050092738121747964 0.014522359706461431 5.2137134075164804 0.52828022837638866 0.59808647632598888 4.4071974754333505 -0.0094014639034867269 0.00020799118647119033 5.2495274543762216 0.48060245811939245 -0.21856275200843808 1.0432053208351137 0.36956031620502477 0.00054629609803669165 -0.0059035490266978732 1.4076473116874697 -0.021449347957968708 -0.60846483707427967 -0.084896229207515703 -0.075366057455539689 -0.96758055686950672 -0.032046044245362275 -0.0004832200647797435 -0.17895170301198957
decision_type=2 2 2 2 2 2 2 2 2 2 2 2 2 2 2 2 2 2 2 2 2 2 2 2 2 2 2 2 2 2 2 2 2 2 2 2 2 2 2 2 2 2 2 2 2 2 2 2
left_child=5 2 -2 -4 -5 -1 8 -8 10 -10 11 12 -7 15 30 47 17 24 -19 20 41 23 45 -21 25 -12 44 -16 29 -29 -15 -32 34 -34 35 -25 37 38 -37 -22 -33 42 -20 -43 -13 -23 -17 -14
right_child=1 -3 3 4 -6 6 7 -9 9 -11 16 26 13 14 27 46 -18 18 19 21 39 22 -24 32 -26 -27 -28 28 -30 -31 31 40 33 -35 -36 36 -38 -39 -40 -41 -42 43 -44 -45 -46 -47 -48 -49
leaf_value=-0.02487611895519808 0.23395772142941934 0.0037669112768011909 -0.11902795077602987 0.13185008166634365 0.02775426673457939 -0.014050017790545773 -0.012299488120317911 0.086609165933113241 0.017520673967186026 -0.012514571754867381 -0.11384297363902145 0.085374877713421574 -0.052512849075616479 0.21798490190504075 0.12386336501962629 0.026720376384319688 -0.029755762799467862 0.060816783740946831 0.14477537623518205 -0.1061579632619951 0.058891707964224209 -0.029221885174005226 -0.033583661857748907 0.13709336686237744 -0.0021919360209675812 0.011968628230802372 -0.049773976691772616 -0.17671280283169044 0.063475952119700363 -0.017352609504111535 -0.012931093769701824 0.11023651465706488 -0.06681024799436637 0.048796245084533181 -0.0060199454044356877 0.10246673298820423 -0.024869416847640043 0.21649583317054644 -0.036967751707559768 0.01053272448648802 0.26155148216479968 -0.09357050878665607 0.026980400598268582 0.0055673842906798811 -0.013616925673044721 0.043343085082874828 -0.10071906818281051 0.015247389969163645
leaf_weight=7260.1426237302076 190.1129067858019 32620.284302390992 348.25141161427018 675.23945737682516 5467.4864529784536 24520.8779439399 33302.718195310445 551.75734121937421 9186.0977862264699 36682.098587958972 1034.5469916326692 498.63057741790544 1000.9648548028308 418.59725873643765 223.39423260025978 385.38475776987616 4122.7957456634176 2817.4479052962488 432.93309868592769 615.90805466007441 7623.6817512197886 948.0351124254521 2459.2580360898282 534.24932775297202 9084.7441401305987 617.11768409168872 5356.2258098372258 366.83373466623016 367.69393950140875 477.34788497508816 687.88593245670199 639.81432953343028 2537.7552376496315 778.14321008720435 14300.4764553227 511.97661999729462 1321.2865945044905 352.32909555546939 642.09049774566665 3090.3691420007963 359.72206654166803 521.29237988770728 5465.5871225624433 13810.8579087173 6842.0016549821012 8657.7028046547202 936.07630100557799 29191.307356450929
leaf_count=32932 892 213170 1876 3421 30748 107368 137720 3189 70161 172215 3662 2140 4571 1341 1052 1266 16902 10580 1534 1332 49128 3378 8423 1393 42111 3125 18667 824 2287 2641 1592 1840 12985 4967 42132 1512 3308 1186 1673 13840 1163 1794 18862 52180 28512 33726 2551 100571
internal_value=0 0.00936201 0.0366012 0.0307095 0.0392972 -0.000836555 -8.93603e-05 -0.0106704 0.00169552 -0.00648832 0.00412754 -0.00176188 0.00317812 0.0152433 0.0637828 0.00977125 0.00930659 0.0113738 0.0151265 0.0131253 0.0233122 0.00374483 0.0218753 -0.00636257 -0.0121451 -0.0665572 -0.0249786 -0.0150453 -0.0411405 -0.0873144 0.117721 0.0924416 -0.00340413 -0.0395251 0.00335095 0.0433486 0.0254197 0.0698447 0.0244959 0.0449915 0.165395 0.0118049 0.0357332 0.00192071 -0.00681453 0.0361275 -0.0631868 0.0129829
internal_weight=0 39301.4 6681.09 6490.98 6142.73 241536 234276 33854.5 200422 45868.2 154553 72272.8 59575.9 35055 3541.29 31513.7 82280.6 78157.8 67421.4 64603.9 30944.7 33659.2 12065 21594.2 10736.4 1651.66 12696.9 1435.27 1211.88 844.182 2106.02 1687.42 20978.3 3315.9 17662.4 3361.93 2827.68 1506.4 1154.07 10714.1 999.536 20230.7 5898.52 14332.2 7340.63 9605.74 1321.46 30192.3
internal_count=1274443 250107 36937 36045 34169 1024336 991404 140909 850495 242376 608119 278386 229067 121699 12740 108959 329733 312831 263933 253353 137338 116015 45527 70488 48898 6787 49319 6804 5752 3465 5936 4595 69156 17952 51204 9072 7679 4371 3185 62968 3003 74370 20396 53974 30652 37104 3817 105142
is_linear=0
shrinkage=0.495


Tree=126
num_leaves=49
num_cat=0
split_feature=16 1 15 13 13 15 6 6 1 6 8 5 0 6 15 6 13 7 9 16 5 7 14 6 6 6 1 0 6 16 13 16 1 0 8 1 7 6 11 6 14 15 8 13 13 13 8 7
split_gain=20.5999 49.3207 19.1608 68.3894 46.3581 39.7516 37.2736 30.087 36.5935 44.0729 25.6988 19.6092 19.545 17.6071 17.2528 18.3507 21.4991 16.6023 22.7518 23.3351 18.4245 18.325 17.5213 40.3705 19.9996 16.4774 16.255 15.6035 14.9085 29.0613 24.3683 47.2659 43.3914 34.6117 38.2005 29.4852 26.4409 24.8503 25.1458 24.4137 24.0204 35.4327 39.0402 42.1435 25.8651 24.2308 25.9942 23.9721
threshold=-3.0004471540451045 0.30613110959529882 5.2426247596740732 -0.77650028467178334 -0.87854418158531178 5.1140096187591562 -0.0059506208635866633 0.002650306792929769 0.14750937372446063 0.03613575920462609 -0.013369252905249594 0.041226243600249297 0.7030305564403535 -0.00838298676535487 5.250798463821412 -0.012743582949042319 -0.84722045063972462 0.0028991299914196138 0.00016301334107993173 -3.5269412994384761 0.0016581941745243969 0.011818607803434135 3.316418051719666 -0.00035157936508767301 0.0076274774037301549 -0.0067552628461271516 0.7919854223728181 0.8525361716747285 0.16708125919103625 -0.46313686668872828 -0.9416724145412444 0.62302401661872875 0.65244200825691234 0.78337788581848156 0.032645121216773994 0.11101743951439859 -0.061054943129420274 -0.025043804198503491 1.2321265339851382 0.04175445809960366 2.2898253202438359 5.2522990703582773 0.014522359706461431 -0.60708886384963978 -0.85699996352195729 0.90742227435112011 0.25370097160339361 0.020165280438959602
decision_type=2 2 2 2 2 2 2 2 2 2 2 2 2 2 2 2 2 2 2 2 2 2 2 2 2 2 2 2 2 2 2 2 2 2 2 2 2 2 2 2 2 2 2 2 2 2 2 2
left_child=1 2 4 11 7 6 -6 13 9 -9 -11 14 25 -1 -4 -16 -17 22 19 21 -21 -19 -7 -24 -25 -5 28 -28 30 -30 31 32 33 34 36 -35 -2 38 -38 47 41 -32 -43 44 -44 46 -42 -39
right_child=26 -3 3 12 5 17 -8 8 -10 10 -12 -13 -14 -15 15 16 -18 18 -20 20 -22 -23 23 24 -26 -27 27 -29 29 -31 40 -33 -34 35 -36 -37 37 39 -40 -41 45 42 43 -45 -46 -47 -48 -49
leaf_value=-0.075711995155406428 0.1391780872501748 0.24372563709149034 0.2935615498179372 0.039570223172885707 0.25995356880768594 0.02719708554767393 0.053315623631833516 -0.29031719457358657 0.078444937704324438 -0.18826896946867039 0.10432229717614509 -0.025515271300121906 0.050923950621670259 -0.22792594928895607 0 0.2100284752359817 0.0096539906590931354 0.1937931106310431 0.13732235409761653 -0.090824605332758573 0.044718785407968031 0.0043107750830971283 0.044581148622040774 -0.1639357103861917 -0.037571931677537938 -0.089230135480594538 0.21049612773136164 0.02930143004790944 0.053432982133390886 -0.0062653735768353307 -0.00539359951117828 -0.093414187875883722 0.07679109152189656 -0.22170295331119211 -0.036699532085959476 -0.030531204400021245 0.034257920545551386 -0.03933204459503524 0.17774191782575485 0.048582989770104799 0.0040716417770737161 -0.101686351585991 -0.014386743448701229 -0.078774410328403557 0.13666661911902889 -0.08061385383019197 0.17003867939415904 0.068953120806412319
leaf_weight=467.610032173543 461.73223436332773 235.40429212060553 191.39389613628737 335.28838804597035 288.57447631470859 1301.7056634156033 858.52927695479957 195.53674839704763 540.13897262708997 109.57187449675985 218.13606127497042 161.52820548835734 726.28348142770119 327.05195930070477 219.10198419343214 584.55680298697553 175.99936922930647 246.11208401573822 454.22989579115529 576.19037013937486 421.65777512342902 264.42823503608815 741.58061241288669 621.55999141628854 631.54069164051907 842.2425707053626 162.56840749978437 436.10159731455497 3409.9731704554142 4793.0776400350587 24589.936055821112 1830.9061011962185 1304.94110096636 200.84807153581642 3753.8391915815009 12430.647547302739 1183.8824675808719 3114.5883260476403 405.99764464460895 1784.7872241095174 91058.264967819938 2131.0428484449149 551.53894424071768 1029.8513302051288 547.61710765876342 825.48386975633912 230.98140137115843 593.33457215217641
leaf_count=1484 2058 4240 1392 1136 987 3745 3567 688 4792 841 2730 1363 3585 964 659 4874 891 996 1939 2073 1653 1422 2280 1573 2617 2441 1131 3835 30642 25733 269107 10806 11218 858 18520 78240 7230 14007 1737 7892 663973 31935 2773 14332 3566 14030 2889 2999
internal_value=0 0.0197776 0.0151298 0.0474183 0.00242094 0.0224462 0.105911 -0.0663302 -0.0113398 -0.10494 0.00471094 0.133413 -0.0125521 -0.139187 0.15576 0.128061 0.164384 0.00412985 0.0402388 0.0106039 -0.0330654 0.096821 -0.0172245 -0.0464606 -0.100726 -0.0521332 -0.00172153 0.0795991 -0.00203682 0.0184941 -0.003178 -0.0166044 -0.0110084 -0.01582 0.00404642 -0.0336274 0.0243882 0.0168163 0.0712984 0.000946109 -0.000169669 -0.0126373 -0.0543225 -0.00665552 0.0604763 0.00372988 0.00449885 -0.0218571
internal_weight=0 11736 11500.5 3236.39 8264.15 6406.11 1147.1 1858.05 1063.38 523.245 327.708 1332.58 1903.81 794.662 1171.05 979.658 760.556 5259.01 1962.62 1508.39 997.848 510.54 3296.39 1994.68 1253.1 1177.53 156832 598.67 156233 8203.05 148030 27065.5 25234.6 23929.7 11298.2 12631.5 7544.32 7082.59 1589.88 5492.71 120965 28850 4260.05 2129.01 1099.16 92114.7 91289.2 3707.92
internal_count=1274443 54932 50692 16341 34351 22852 4554 11499 9051 4259 3571 9179 7162 2448 7816 6424 5765 18298 8083 6144 3726 2418 10215 6470 4190 3577 1219511 4966 1214545 56375 1158170 155565 144759 133541 54443 79098 35923 33865 8967 24898 1002605 321713 52606 20671 6339 680892 666862 17006
is_linear=0
shrinkage=0.495


Tree=127
num_leaves=49
num_cat=0
split_feature=5 14 7 0 16 4 13 7 0 4 5 4 4 9 14 0 16 8 6 13 9 16 6 16 0 13 14 9 13 4 3 5 0 16 8 6 16 14 11 14 13 13 16 13 7 8 13 4
split_gain=16.0176 21.2876 21.5744 18.955 14.7528 17.7705 14.7662 12.7961 12.0531 16.4337 21.046 15.8562 23.6649 20.1449 15.3035 13.9056 18.6806 13.8593 12.8314 12.1583 19.9977 19.8577 17.377 11.8618 26.0755 13.95 11.4318 11.3489 24.6116 16.5515 13.7551 20.6891 13.7324 10.78 11.352 10.5278 9.57557 9.2015 9.15696 34.9746 25.2784 19.4374 18.232 22.6324 17.5139 17.1382 17.2774 19.8403
threshold=-0.084638815373182283 1.3548020720481875 -0.010239127557724713 0.26314450800418859 -0.84281170368194569 0.0042133538518100986 -0.76293051242828358 0.013641490135341884 0.028186433948576454 0.021623115986585621 0.024823136627674106 0.0094991796649992483 -0.0042125738691538564 -0.0012445022002793846 2.7964602708816533 0.020859431475400928 -0.35642349720001215 -0.0032322182087227698 -0.0055483654141426078 0.98101061582565319 -9.2255406343610944e-05 -0.62105366587638844 0.013441501185297968 -0.58358433842658985 0.70693433284759533 -0.21856275200843808 6.651961326599122 -0.0071501992642879477 0.30803345143795019 0.0032407596008852129 -0.14764796942472455 0.077020760625600829 0.28352740406990057 -3.7299143075942989 -0.046083649620413773 0.0097432537004351633 0.14455453306436541 2.4350724220275883 0.69914439320564281 7.707777976989747 -0.50755974650382985 0.30803345143795019 0.30376066267490393 -0.69694721698760975 0.03746380656957627 -0.015553459525108336 -0.63247376680374134 0.032770263031125076
decision_type=2 2 2 2 2 2 2 2 2 2 2 2 2 2 2 2 2 2 2 2 2 2 2 2 2 2 2 2 2 2 2 2 2 2 2 2 2 2 2 2 2 2 2 2 2 2 2 2
left_child=1 -1 23 -4 5 6 -5 -6 9 10 11 12 13 -2 -12 16 -11 18 -15 27 21 -21 -22 24 -3 -25 -7 28 29 -10 31 32 -29 34 -32 -26 -9 -19 39 40 42 -42 43 44 -35 46 -41 -48
right_child=8 2 3 4 7 26 -8 36 19 15 14 -13 -14 17 -16 -17 -18 37 -20 20 22 -23 -24 25 35 -27 -28 30 -30 -31 33 -33 -34 38 -36 -37 -38 -39 -40 45 41 -43 -44 -45 -46 -47 47 -49
leaf_value=-0.096061137424898177 -0.029198942501012775 -0.21694064316754488 0.086714660742697403 -0.1093211378019615 0.037459260445679023 -0.076452961555463952 0.08261534287236888 0.019192048074727283 -0.16821302619763814 -0.096240132247948404 0.048772631560907935 0.14296003036462984 -0.030889688140027061 -0.012562448730745402 -0.073861082696131883 0.059302436358317154 0.020494890413608788 0.069981710377971129 0.11508271531157313 -0.096657330752591517 0.19089004792381734 0.072989369444134769 0.021218250200673271 -0.073879159020287979 0.14919411351314982 0.027839235926357224 -0.26840027985643294 -0.07917593974723737 0.18501810842158473 -0.018507349775155543 0.094200715825888584 -0.16515874625161167 0.056584406716050126 -0.0014356747118018385 -0.085989611418222311 -0.082249388582356836 -0.081462254023875136 0.17967021786301762 0.0019396971708932854 -0.0083048762136822014 0.018687315441684921 -0.0065500194648277473 0.012834973192938429 -0.049662816954575001 -0.075129500993599913 -0.018067564703623567 -0.11300334719543638 0.0077724409633164043
leaf_weight=874.66394207422309 380.31605407921597 292.29495061200578 625.56240206032089 168.3574215944609 1605.8897662287927 209.75345356186881 232.58535143031622 414.41640048060799 340.05992990227242 726.17635152157163 423.56403804360889 473.93634246825241 740.37433672271436 404.49000811669976 594.64363869186491 432.22973908577114 613.0731128922198 317.26233339658938 357.38024194561876 332.16078309807926 326.6020296216011 340.78787970426492 283.30208307225257 817.2242627572341 83.038466482728836 544.5238514393568 129.77122107740615 363.73834729117516 89.050759910605848 404.03852741704031 96.239824652475363 304.68900130418479 362.1548162203253 8542.2185765321628 611.80072163367731 110.19063353100864 505.39605837862473 540.72408306947909 212676.88613203203 980.50891011089334 19306.920981287505 12166.357206190936 4684.6561182790174 4980.1416682979907 871.57792826228251 6837.3501080713722 1645.409582504537 408.26166475471109
leaf_count=4884 1245 1310 2458 2595 7944 2277 733 3268 7379 1988 1486 1701 2233 1264 1765 1514 2279 1126 1261 834 1177 1363 1119 4618 671 1973 2399 1637 394 5558 1147 1246 1765 59079 8616 1714 2875 1869 902196 8536 70131 40318 24542 20464 12875 38845 4482 1290
internal_value=0 -0.0240817 -0.0130105 0.00778944 -0.00719734 -0.0686792 0.000717485 0.0106516 0.000559807 0.0225 0.0392867 0.0589696 0.0442173 0.0722674 -0.0223632 -0.0173297 -0.0424572 0.0963988 0.0467372 8.22939e-05 0.0481424 -0.0100313 0.113051 -0.0570791 -0.123807 -0.0328511 -0.151844 -0.000139734 -0.0577905 -0.0877225 3.34372e-05 -0.0570161 -0.0107782 0.00025018 -0.060701 0.0149189 -0.0356039 0.139815 0.000410237 -0.00496487 0.00028827 0.00891591 -0.0139182 -0.02266 -0.00831846 -0.0319135 -0.0629354 -0.0887606
internal_weight=0 6613.67 5739 3891.73 3266.17 740.467 400.943 2525.7 282959 6004.17 4232.69 3214.48 2740.55 2000.17 1018.21 1771.48 1339.25 1619.86 761.87 276955 1282.85 672.949 609.904 1847.27 485.524 1361.75 339.525 275672 833.149 744.098 274839 1030.58 725.893 273808 708.041 193.229 919.812 857.986 273100 60423.4 50551.9 31473.3 19078.6 14393.9 9413.8 9871.53 3034.18 2053.67
internal_count=1274443 39719 34835 24549 22091 8004 3328 14087 1234724 19731 13950 10699 8998 6765 3251 5781 4267 5520 2525 1214993 4493 2197 2296 10286 3695 6591 4676 1210500 13331 12937 1197169 4648 3402 1192521 9763 2385 6143 2995 1182758 280562 227409 110449 116960 92418 71954 53153 14308 5772
is_linear=0
shrinkage=0.495


end of trees

feature_importances:
B0_roeDeltae_my_mask=583
B0_CMS_cos_angle_0_1=479
B0_roeMbc_my_mask=470
B0_KSFWV9=462
D_daughterInvM_0_1=422
D_daughterInvM_1_2=410
B0_KSFWV13=401
B0_D_l_DisSig=375
D_A1FflightDistanceSig_IP=354
B0_KSFWV5=347
B0_KSFWV3=333
B0_cosTBTO=322
B0_KSFWV4=304
B0_KSFWV10=282
B0_KSFWV17=222
B0_KSFWV7=197
B0_KSFWV6=181

parameters:
[boosting: gbdt]
[objective: multiclass]
[metric: multi_logloss,auc_mu]
[tree_learner: serial]
[device_type: cpu]
[data_sample_strategy: bagging]
[data: ]
[valid: ]
[num_iterations: 20]
[learning_rate: 0.48515]
[num_leaves: 49]
[num_threads: 0]
[seed: 0]
[deterministic: 0]
[force_col_wise: 1]
[force_row_wise: 0]
[histogram_pool_size: -1]
[max_depth: -1]
[min_data_in_leaf: 1000]
[min_sum_hessian_in_leaf: 0.001]
[bagging_fraction: 0.7]
[pos_bagging_fraction: 1]
[neg_bagging_fraction: 1]
[bagging_freq: 5]
[bagging_seed: 7719]
[feature_fraction: 0.7]
[feature_fraction_bynode: 1]
[feature_fraction_seed: 2437]
[extra_trees: 0]
[extra_seed: 11797]
[early_stopping_round: 0]
[early_stopping_min_delta: 0]
[first_metric_only: 0]
[max_delta_step: 0]
[lambda_l1: 1]
[lambda_l2: 1]
[linear_lambda: 0]
[min_gain_to_split: 0]
[drop_rate: 0.1]
[max_drop: 50]
[skip_drop: 0.5]
[xgboost_dart_mode: 0]
[uniform_drop: 0]
[drop_seed: 21238]
[top_rate: 0.2]
[other_rate: 0.1]
[min_data_per_group: 100]
[max_cat_threshold: 32]
[cat_l2: 10]
[cat_smooth: 10]
[max_cat_to_onehot: 4]
[top_k: 20]
[monotone_constraints: ]
[monotone_constraints_method: basic]
[monotone_penalty: 0]
[feature_contri: ]
[forcedsplits_filename: ]
[refit_decay_rate: 0.9]
[cegb_tradeoff: 1]
[cegb_penalty_split: 0]
[cegb_penalty_feature_lazy: ]
[cegb_penalty_feature_coupled: ]
[path_smooth: 0]
[interaction_constraints: ]
[verbosity: 1]
[saved_feature_importance_type: 0]
[use_quantized_grad: 0]
[num_grad_quant_bins: 4]
[quant_train_renew_leaf: 0]
[stochastic_rounding: 1]
[linear_tree: 0]
[max_bin: 255]
[max_bin_by_feature: ]
[min_data_in_bin: 3]
[bin_construct_sample_cnt: 200000]
[data_random_seed: 38]
[is_enable_sparse: 1]
[enable_bundle: 1]
[use_missing: 1]
[zero_as_missing: 0]
[feature_pre_filter: 0]
[pre_partition: 0]
[two_round: 0]
[header: 0]
[label_column: ]
[weight_column: ]
[group_column: ]
[ignore_column: ]
[categorical_feature: ]
[forcedbins_filename: ]
[precise_float_parser: 0]
[parser_config_file: ]
[objective_seed: 8855]
[num_class: 4]
[is_unbalance: 0]
[scale_pos_weight: 1]
[sigmoid: 1]
[boost_from_average: 1]
[reg_sqrt: 0]
[alpha: 0.9]
[fair_c: 1]
[poisson_max_delta_step: 0.7]
[tweedie_variance_power: 1.5]
[lambdarank_truncation_level: 30]
[lambdarank_norm: 1]
[label_gain: ]
[lambdarank_position_bias_regularization: 0]
[eval_at: ]
[multi_error_top_k: 1]
[auc_mu_weights: ]
[num_machines: 1]
[local_listen_port: 12400]
[time_out: 120]
[machine_list_filename: ]
[machines: ]
[gpu_platform_id: -1]
[gpu_device_id: -1]
[gpu_use_dp: 0]
[num_gpu: 1]

end of parameters

pandas_categorical:[]
