tree
version=v4
num_class=4
num_tree_per_iteration=4
label_index=0
max_feature_idx=16
objective=multiclass num_class:4
feature_names=B0_cosTBTO B0_KSFWV3 B0_KSFWV4 B0_KSFWV5 B0_KSFWV6 B0_KSFWV7 B0_KSFWV9 B0_KSFWV10 B0_KSFWV13 B0_KSFWV17 D_A1FflightDistanceSig_IP D_daughterInvM_1_2 D_daughterInvM_0_1 B0_CMS_cos_angle_0_1 B0_D_l_DisSig B0_roeMbc_my_mask B0_roeDeltae_my_mask
feature_infos=[2.0750072508235462e-05:0.9999995231628418] [0:2.9396359920501709] [-0.85612028837203979:1.3195998668670654] [-0.33288976550102234:0.83801978826522827] [-0.72571027278900146:0.60770916938781738] [-0.30186372995376587:0.68772536516189575] [-0.26824343204498291:0.96311205625534058] [-0.19056315720081329:0.65722441673278809] [-0.29940149188041687:0.92432510852813721] [-0.1319989413022995:0.052162867039442062] [-11.01951789855957:277.46728515625] [0.27920788526535034:1.4540140628814697] [0.63372421264648438:1.8069220781326294] [-0.99999964237213135:0.99997717142105103] [0.0055970661342144012:159.18800354003906] [5.000002384185791:5.2895841598510742] [-3.9998137950897217:0.99999862909317017]
tree_sizes=5374 5396 5389 5397 5467 5410 5420 5452 5484 5458 5417 5469 5461 5401 5464 5454 5479 5479 5478 5521 5491 5408 5498 5507 5477 5504 5456 5506 5509 5518 5512 5534 5506 5516 5494 5490 5507 5412 5479 5516 5520 5444 5511 5535 5479 5495 5497 5515 5506 5506 5500 5499 5517 5500 5497 5521 5455 5447 5522 5526 5520 5494 5509 5529 5518 5454 5504 5520 5530 5506 5529 5524 5538 5528 5539 5510 5542 5461 5529 5475 5498 5497 5546 5499 5544 5486 5543 5480 5506 5455 5539 5527 5490 5464 5499 5514 5515 5523 5540 5521

Tree=0
num_leaves=49
num_cat=0
split_feature=15 0 15 15 0 6 1 6 3 10 10 15 8 10 3 1 8 11 6 8 11 8 10 6 3 8 0 10 3 11 6 6 8 1 6 1 10 1 15 1 8 3 10 3 15 8 8 10
split_gain=97780.9 15946 13744.1 7321.32 7266.36 6283.55 5611.68 3792.87 3437.67 2670.02 2624.88 2226.18 2145.51 2047.95 2011.11 1509.38 1508.6 1410.97 1384.19 1319.56 1191.38 1057.31 974.411 942.874 925.665 917.949 738.314 727.508 726.352 635.966 574.806 547.386 539.346 600.611 506.437 503.758 498.953 485.424 465.678 440.816 437.131 482.281 431.894 392.058 374.887 346.365 343.078 396.698
threshold=5.2428195476531991 0.78011256456375133 5.1883027553558358 5.2683823108673105 0.77305260300636303 0.056877767667174346 0.37272517383098608 0.030902517028152946 0.1478156000375748 1.9662493467330935 1.5523388385772707 5.2689497470855722 0.12638624012470248 1.7469402551651003 0.10516912862658502 0.35877348482608801 0.11821465566754343 1.1060063242912295 0.048497527837753303 0.11092810705304147 1.0995426177978518 0.045294605195522315 1.2732158303260805 0.018413191661238674 0.12880909442901614 0.12206409499049188 0.7253500521183015 1.7469402551651003 -0.0017900042585097251 1.0891610980033877 0.038624355569481857 0.12053344771265985 0.11821465566754343 0.4625148624181748 0.089980900287628188 0.2950428724288941 1.3233156204223635 0.41622279584407812 5.2252314090728769 0.48472417891025549 0.048424141481518752 0.25369042158126837 2.560917973518372 -0.081917975097894655 5.2661254405975351 0.12206409499049188 0.14052062481641772 1.0023633241653445
decision_type=2 2 2 2 2 2 2 2 2 2 2 2 2 2 2 2 2 2 2 2 2 2 2 2 2 2 2 2 2 2 2 2 2 2 2 2 2 2 2 2 2 2 2 2 2 2 2 2
left_child=2 3 6 10 9 8 7 22 11 15 17 25 13 20 18 29 30 -2 37 36 -5 24 35 32 31 27 39 -3 -24 -4 42 44 33 -11 -9 -1 -13 46 -17 43 41 -10 -12 -8 -7 -19 47 -6
right_child=1 5 4 12 14 21 26 34 40 23 16 19 -14 -15 -16 38 -18 45 -20 -21 -22 -23 28 -25 -26 -27 -28 -29 -30 -31 -32 -33 -34 -35 -36 -37 -38 -39 -40 -41 -42 -43 -44 -45 -46 -47 -48 -49
leaf_value=-1.4702267448020423 -1.1650463965934277 -1.1758036286736555 -1.325078525270448 -0.76332112883268877 -1.4148766111022257 -1.3142140755197924 -1.4440935779966506 -1.6692956513949206 -1.199538390200384 -0.87900248328429043 -0.76699485692330294 -0.7959609228825637 -1.2847901119910998 -0.33691268442165812 -1.7666461358024979 -1.5311774561973963 -1.4247645347537536 -0.8490127408434025 -1.6810728854670356 -1.4646749859926154 -0.47327695513770429 -1.7607268959141098 -1.2466659793068606 -1.2921761193879762 -1.6917455184767589 -1.6523746161719817 -1.8276789195975227 -0.85909346387707286 -1.4639887566171497 -1.1221058303939473 -0.99398927453477626 -1.5221891892965145 -1.461912403874398 -1.2190115231668608 -1.8245579307034645 -1.6227679980094392 -0.50174997745614014 -1.5495974409523445 -1.3482872910500168 -1.7947751930017204 -1.7393416306555114 -1.648123096436013 -0.54389915624342688 -1.6955764967947107 -0.91000432492579331 -1.3969221212548644 -1.7123081913771609 -1.1929183367309393
leaf_weight=11998.248109191656 10977.088706284761 5470.175479888916 9626.2892513871193 8704.3467557132244 4075.6406124830246 1219.0933840870857 1714.9280036091805 13054.645758748055 1543.7351032197475 6303.8974006175995 4046.9001985490322 3217.4268607497215 986.67090618610382 8576.8892678320408 10793.15005710721 9494.5831805765629 754.4983449280262 6395.3668919205666 6559.062293022871 560.56303003430367 6010.2453452050686 3844.7176344394684 6418.859056353569 3458.8463377952576 2037.8203062415123 737.25409656763077 35073.051748543978 2720.3426580131054 9583.3035888075829 6451.3482199311256 1381.2892853319645 1366.5442034006119 546.31778138875961 1643.4518437385559 8840.0514928102493 9883.7033935785294 2656.114080786705 3632.7883212566376 5488.1694781780243 12268.408000171185 1206.8474685847759 977.67390704154968 4795.6504606902599 16646.947583854198 1088.886813133955 300.14988812804222 552.31578081846237 3969.9258725345135
leaf_count=48009 43923 21888 38518 34829 16308 4878 6862 52236 6177 25224 16193 12874 3948 34319 43187 37991 3019 25590 26245 2243 24049 15384 25684 13840 8154 2950 140339 10885 38346 25814 5527 5468 2186 6576 35372 39548 10628 14536 21960 49090 4829 3912 19189 66610 4357 1201 2210 15885
internal_value=-1.38679 -0.926609 -1.57705 -0.763976 -1.40388 -1.22712 -1.67722 -1.56635 -1.06143 -1.2727 -0.935223 -0.956905 -0.561933 -0.531338 -1.59463 -1.35 -0.743154 -1.05459 -1.49577 -0.732651 -0.644763 -1.55804 -1.47058 -1.07189 -1.42148 -1.11863 -1.77809 -1.0705 -1.37684 -1.24359 -0.692805 -1.2717 -0.982261 -0.949221 -1.73202 -1.53916 -0.662701 -1.39634 -1.46415 -1.72128 -1.49199 -1.37371 -0.645863 -1.67212 -1.12317 -0.873647 -1.33164 -1.30541
internal_weight=0 81576.3 198078 52929.1 72595.8 28647.2 125482 59778.8 19090.1 43012.9 28650.9 15361.9 24278.2 23291.5 29582.9 31060.4 10978.3 17672.6 18789.7 6434.1 14714.6 9557.06 37884.1 11952.5 5712.34 8927.77 65703.3 8190.52 16002.2 16077.6 10223.8 3674.52 8493.67 7947.35 21894.7 21882 5873.54 12230.7 14982.8 30630.3 3728.26 2521.41 8842.55 18361.9 2307.98 6695.52 8597.88 8045.57
internal_count=1118990 326414 792576 211787 290480 114627 502096 239195 76386 172109 114642 61468 97145 93197 118371 124283 43928 70714 75184 25745 58878 38241 151587 47826 22857 35723 262901 32773 64030 64332 40909 14703 33986 31800 87608 87557 23502 48939 59951 122562 14918 10089 35382 73472 9235 26791 34403 32193
is_linear=0
shrinkage=1


Tree=1
num_leaves=49
num_cat=0
split_feature=10 12 16 10 15 10 16 10 12 15 16 10 10 16 16 12 12 12 16 12 10 10 16 15 10 15 15 16 16 12 16 16 10 10 12 12 16 12 15 2 10 15 10 12 2 12 10 10
split_gain=72251.5 19726.5 9718.36 7455.14 5285.97 4000.31 3853.56 3608.87 3399.78 1845.31 1511.46 1426.26 1417.52 1189.62 1170.55 1164.64 1057.24 989.147 975.469 749.688 716.112 664.247 604.291 725.771 582.189 559.109 556.591 551.397 461.222 449.923 375.091 346.295 344.156 333.444 329.733 370.307 315.771 294.911 293.436 283.549 262.241 258.906 239.266 236.282 228.162 202.087 195.148 191.192
threshold=1.4445252418518069 1.3998892307281496 -0.45101097226142878 2.7069008350372319 5.2608201503753671 -0.13055846095085141 -0.65675517916679371 -0.035909878090023988 1.4039136767387392 5.2614619731903085 -0.38378863036632532 0.21827672421932223 0.10338639095425607 0.32695281505584722 -1.8915460109710691 0.86353448033332836 0.87371015548706066 0.85137999057769786 -0.72851005196571339 0.86884266138076793 0.5556982457637788 3.7617185115814213 -1.8251670002937315 5.2407772541046151 -1.2229260206222532 5.2620294094085702 5.246263027191163 -1.9903860688209531 0.31435430049896246 1.4266651272773745 -1.0116102695465086 -1.8470785021781919 -0.93374311923980702 -0.89294105768203724 1.5885424613952639 1.7055202722549441 -1.528771638870239 0.83740746974945079 5.2666964530944833 -0.20745131373405454 2.138912677764893 5.2705905437469491 2.192017793655396 0.86884266138076793 -0.23238117992877957 0.81407782435417186 -0.2905744463205337 0.62975147366523754
decision_type=2 2 2 2 2 2 2 2 2 2 2 2 2 2 2 2 2 2 2 2 2 2 2 2 2 2 2 2 2 2 2 2 2 2 2 2 2 2 2 2 2 2 2 2 2 2 2 2
left_child=1 2 7 8 5 19 12 16 10 11 36 33 31 41 45 -7 -1 -16 -10 -4 44 29 -18 32 -21 37 30 -14 46 -5 -19 -3 -24 -8 -13 -36 -2 -12 42 -22 -39 -6 -20 -38 -17 -9 -11 -29
right_child=3 6 4 21 13 15 9 14 18 28 25 34 27 -15 17 20 22 26 38 24 39 -23 23 -25 -26 -27 -28 47 -30 -31 -32 -33 -34 -35 35 -37 43 40 -40 -41 -42 -43 -44 -45 -46 -47 -48 -49
leaf_value=-0.94370938658163328 -1.7579632396589016 -1.0484453054375877 -0.5580917904731616 -1.7630038466165929 -1.4068254976141208 -0.87367426306024254 -0.38757398601343906 -1.3805627527222655 -1.4740574881982944 -0.93474435975254 -1.2090251622466508 -0.73236080299063577 -1.3640848218371617 -1.1572291206207106 -1.158662697936413 -1.4382251138608859 -1.4237086136386097 -1.4834948295764074 -1.0763931514231437 -0.68817733006459514 -1.5412483501241538 -1.8373532570192455 -0.99515661843532588 -1.394059497722921 -0.93847339312509925 -1.6775875921762182 -1.5779309875878118 -0.99894533236434779 -0.75367816849238611 -1.5772310349423522 -1.3457135895207935 -0.80582278443169819 -1.2065290006751277 -0.59476992750204283 -0.96825802117813264 -0.40694769405534303 -1.4597348281693678 -1.4267409242403035 -1.4252573375396818 -1.2393512001764573 -1.5747994209274707 -1.6055078675651131 -1.3010338637558849 -1.665672915624191 -1.0781647708596911 -1.6403781184664694 -1.2309113466609765 -1.1642447679718539
leaf_weight=2718.0388498306274 10392.88405418396 2092.4346566200256 2031.400101184845 18056.222743988037 2396.857008934021 3364.9050807952881 2743.3031535148621 799.95290279388428 5332.7692103385925 760.43052673339844 1102.3741221427917 5906.3439464569092 2638.4938144683838 2703.0303525924683 2907.1459150314331 455.00760793685913 5122.650249004364 10827.380049228668 4011.0208868980408 2980.4374098777771 817.96309947967529 40614.24423456192 2744.303719997406 4211.3843250274658 10773.849742412567 3604.790894985199 7845.4417896270752 2960.1759386062622 976.55288696289062 3996.0123896598816 9076.1385631561279 5093.6338210105896 6525.6945991516113 7086.7622542381287 3546.2577557563782 321.9322657585144 1555.880880355835 8666.4065885543823 1093.8693070411682 14983.483076095581 4576.0908079147339 5231.4618539810181 1693.4587717056274 13945.395350456238 11339.419946670532 10818.374950885773 2108.4437203407288 4355.4658985137939
leaf_count=10866 41548 8365 8121 72184 9582 13452 10967 3198 21319 3040 4407 23612 10548 10806 11622 1819 20479 43285 16035 11915 3270 162365 10971 16836 43071 14411 31364 11834 3904 15975 36284 20363 26088 28331 14177 1287 6220 34646 4373 59900 18294 20914 6770 55750 45332 43249 8429 17412
internal_value=-1.38544 -1.16685 -1.26828 -1.68091 -1.11851 -1.04697 -0.865329 -1.4027 -1.54827 -0.73359 -1.61309 -0.671443 -1.04562 -1.44212 -1.48729 -1.15146 -1.235 -1.43605 -1.31405 -0.842112 -1.18536 -1.79937 -1.27761 -1.22205 -0.884153 -1.50153 -1.46514 -1.16792 -1.05066 -1.72937 -1.42064 -0.876343 -1.14386 -0.536801 -0.806975 -0.921173 -1.6904 -1.45724 -1.18846 -1.25502 -1.47795 -1.54316 -1.14297 -1.64504 -1.0921 -1.62245 -1.1521 -1.09725
internal_weight=0 161265 120674 118641 57077.8 46746.5 40590.2 63596.5 55974.9 23450 43843.8 19604.6 17140.2 10331.3 42274.4 30960.8 21322.1 30656.1 12131.1 15785.7 27595.9 62666.5 18604 13481.4 13754.3 17949.7 27749 9954.14 3845.43 22052.2 19903.5 7186.07 9270 9830.07 9774.53 3868.19 25894.2 14344.9 6798.35 15801.4 13242.5 7628.32 5704.48 15501.3 11794.4 11618.3 2868.87 7315.64
internal_count=1118990 644693 482424 474297 228182 186880 162269 254242 223773 93747 175276 78374 68522 41302 169002 123773 85240 122555 48497 63107 110321 250524 74374 53895 54986 71758 110933 39794 15373 88159 79569 28728 37059 39298 39076 15464 103518 57347 27178 63170 52940 30496 22805 61970 47151 46447 11469 29246
is_linear=0
shrinkage=1


Tree=2
num_leaves=49
num_cat=0
split_feature=3 6 14 14 14 2 1 2 0 2 6 0 2 0 1 0 3 1 14 14 6 3 6 14 6 14 2 1 2 14 0 6 1 0 6 0 6 0 6 3 3 14 6 6 14 14 11 3
split_gain=125497 56533.4 21823.1 18699.6 10553.2 9595.78 5281.88 5814 5100.08 4023.54 3550.95 3449.07 3189.32 2737.5 2293.19 2047.01 2009.81 1901.06 1837.84 1784.43 1671.27 1502.22 1245.1 1241.44 1150.12 1126.29 1114.68 1113.74 1160.03 1105.86 999.788 963.603 808.731 780.747 674.329 666.828 661.671 559.504 550.99 536.113 533.999 533.901 516.566 515.649 494.875 486.021 477.426 472.499
threshold=0.10733608528971673 0.077314544469118132 9.0988922119140643 5.6880414485931405 5.4474363327026376 -0.080413240939378725 0.19502699375152591 -0.11595209315419196 0.62574347853660595 -0.048255756497383111 0.14421332627534869 0.84227058291435253 -0.069162189960479722 0.78011256456375133 1.0000000180025095e-35 0.70978018641471874 0.19159823656082156 0.22579839825630191 4.1684465408325204 4.2080566883087167 0.055775571614503867 0.21490770578384402 0.029771340079605583 9.7019410133361834 0.032081957906484611 3.791767001152039 -0.063364341855049119 0.192087396979332 -0.070753134787082658 9.5355234146118182 0.5794685184955598 0.017160993069410328 0.15706784278154376 0.69368764758110057 0.037962684407830245 0.62574347853660595 0.13867399096488955 0.62116566300392162 -0.0034991920692846175 0.20232976227998736 0.047368628904223449 2.7712829113006596 0.058009037747979171 0.01075107464566827 21.110268592834476 23.706043243408207 1.1194468140602114 0.033730499446392066
decision_type=2 2 2 2 2 2 2 2 2 2 2 2 2 2 2 2 2 2 2 2 2 2 2 2 2 2 2 2 2 2 2 2 2 2 2 2 2 2 2 2 2 2 2 2 2 2 2 2
left_child=1 2 6 5 10 16 14 19 27 33 26 -7 43 -11 -1 -6 24 -14 34 35 21 -13 40 39 -2 -16 -3 -4 -29 36 -21 47 -28 -5 -9 -8 -17 -24 -27 42 -20 -22 -15 -10 -33 -30 -18 -19
right_child=3 4 8 9 15 11 7 18 12 13 -12 20 17 23 25 29 46 31 22 30 41 -23 37 -25 -26 38 32 28 45 -31 -32 44 -34 -35 -36 -37 -38 -39 -40 -41 -42 -43 -44 -45 -46 -47 -48 -49
leaf_value=-0.53653761327406435 -1.0158343186592329 -0.94864689003036484 -1.0264954607048462 -0.72649131349963891 -0.95942555451910616 -1.5152057193904653 -1.662107324847466 -1.7927922097108477 -0.78318934041973742 -1.2310826402856319 -0.70623050317627312 -1.334400629992978 -0.70425392447516344 -0.98012055308543133 -1.5629527568146413 -0.70631075855686443 -0.49565713129491507 -1.5722021893884308 -1.7262702977117841 -1.4411685570211086 -0.94649948471686451 -0.83065966547788073 -1.6421439122062131 -0.24801850743930287 -0.5670672087957489 -1.4827947797406844 -0.97621485489958637 -1.1362142165800999 -1.58373177826778 -0.14632423847740572 -0.95463079413106566 -1.1254288323617332 -1.4405308191330048 -0.081727772604591298 -1.6685805974415335 -1.3964739363293448 -0.28881281640864698 -1.3786950145961006 -1.1950547281202182 -0.40723762919929873 -1.5708571491068866 -0.60263349563125301 -0.4973038712819301 -0.37918221338577629 -0.59880160595771448 -1.1817732319315422 -0.20489884236280487 -1.2200696804826889
leaf_weight=678.77937152981758 2845.3731224238873 2099.5908516049385 1650.0714004039764 496.52148503065109 1434.5620750784874 5063.2190910577774 4627.9502564966679 91932.478019416332 1330.3075638711452 1276.5552379488945 4111.6779168248177 4701.4534370601177 2175.8441511690617 1456.3130162656307 12127.524771332741 2052.0887961387634 3419.1479502916336 2043.3384175002575 29360.770472824574 1717.8243321478367 2423.6048720479012 2160.8435020744801 3339.8945209085941 4052.1753420829773 2882.6247343420982 2771.3699202239513 1119.2984332740307 2137.5924959778786 8069.8491912484169 4595.1988393068314 2731.3681893050671 2581.111687541008 5752.7489277720451 11283.488248944283 12445.038510501385 4833.9591707289219 1796.5777398943901 5070.4694047868252 4154.1797559261322 1456.0630054473877 6833.5456950366497 2139.8425933420658 903.28908631205559 1999.5865243077278 540.77339985966682 827.28579756617546 2474.1070573329926 1782.3271232545376
leaf_count=2715 11381 8398 6600 1986 5738 20252 18511 367714 5321 5106 16446 18805 8703 5825 48508 8208 13676 8173 117438 6871 9694 8643 13359 16208 11530 11085 4477 8550 32278 18380 10925 10324 23010 45132 49778 19335 7186 20281 16616 5824 27333 8559 3613 7998 2163 3309 9896 7129
internal_value=-1.38623 -1.54081 -1.62309 -0.660009 -0.796344 -0.926463 -1.68321 -1.71281 -1.18633 -0.302113 -1.09098 -1.17178 -0.95905 -0.551306 -1.43886 -0.406246 -0.57849 -1.11205 -1.74167 -1.40364 -1.01955 -1.17565 -1.65667 -0.44111 -0.789801 -1.47108 -1.26741 -1.40945 -1.46678 -0.312384 -1.14256 -1.23992 -1.36493 -0.108803 -1.77799 -1.52647 -0.511056 -1.48327 -1.31027 -0.646545 -1.69695 -0.785012 -0.794781 -0.540205 -1.03382 -1.54628 -0.373326 -1.40802
internal_weight=0 230725 207763 49034.6 22961.7 28110.2 182625 162893 25138.1 20924.4 13083.3 16489 12453.3 9144.4 19731.9 9878.43 11621.3 9123.39 148982 13911.1 11425.7 6862.3 44604.7 7867.84 5728 19053.1 8971.64 12684.8 11034.7 8443.87 4449.19 6947.55 6872.05 11780 104378 9461.91 3848.67 8410.36 6925.55 3815.67 36194.3 4563.45 2359.6 3329.89 3121.89 8897.13 5893.26 3825.67
internal_count=1118990 922860 831017 196130 91843 112436 730469 651545 100548 83694 52331 65953 49811 36576 78924 39512 46483 36492 595903 55642 45701 27448 178411 31470 22911 76209 35885 50737 44137 33774 17796 27789 27487 47118 417492 37846 15394 33640 27701 15262 144771 18253 9438 13319 12487 35587 23572 15302
is_linear=0
shrinkage=1


Tree=3
num_leaves=49
num_cat=0
split_feature=13 15 14 16 16 13 2 16 16 11 2 15 15 16 13 16 13 15 11 14 14 2 2 14 16 15 13 3 13 14 3 6 16 15 13 13 13 6 14 3 16 16 14 3 3 2 2 11
split_gain=65839 18908.5 8986.51 8305.48 5645.68 4382.6 4149.15 2962.81 2860.46 2584.77 2019.7 1950.8 1905.53 1957.2 1785.51 1697.06 1580.35 1278.32 1238.23 1168.22 1111.95 1090.27 1076.56 1002.5 923.264 856.081 795.907 759.435 619.823 614.051 608.785 604.436 566.348 559.633 537.1 525.565 496.747 485.935 587.117 464.902 453.264 447.292 426.034 377.516 373.585 373.561 359.601 314.504
threshold=-0.44624529778957361 5.2283360958099374 3.1566095352172856 1.0000000180025095e-35 -1.0898258686065672 -0.79131540656089772 -0.10398429632186888 -1.0497568249702451 0.39331947267055517 1.1194468140602114 -0.087416298687458024 5.2643487453460702 5.2252314090728769 -1.1035019159317014 -0.79924854636192311 -2.6132212877273555 1.0000000180025095e-35 5.2489926815032968 1.0782358050346377 3.0972577333450322 2.8237907886505131 -0.077202081680297838 -0.089294195175170885 5.7449727058410653 -1.3628306388854978 5.2298479080200204 0.072979860007762923 0.16282518953084948 0.23320297151803973 2.9566737413406377 0.16710986942052844 0.077314544469118132 -2.7493008375167842 5.2565603256225595 0.072979860007762923 0.085263945162296309 -0.071036886423826204 0.11299000307917596 3.3025748729705815 0.18076702207326892 0.47394663095474249 -1.0627709627151487 2.797605156898499 0.072725914418697371 0.17590326815843585 0.0006876036641187967 0.018578381277620796 1.1599231362342837
decision_type=2 2 2 2 2 2 2 2 2 2 2 2 2 2 2 2 2 2 2 2 2 2 2 2 2 2 2 2 2 2 2 2 2 2 2 2 2 2 2 2 2 2 2 2 2 2 2 2
left_child=3 2 7 5 15 21 30 32 11 28 43 19 13 45 27 -4 -17 20 23 -3 47 -1 -15 -12 -23 31 -21 33 -9 -24 -5 44 -2 37 -34 -11 -20 38 -8 46 -19 -13 -10 -6 -26 -7 -22 -16
right_child=1 8 4 6 10 12 14 9 42 35 18 41 -14 22 17 16 -18 40 36 26 39 24 29 -25 25 -27 -28 -29 -30 -31 -32 -33 34 -35 -36 -37 -38 -39 -40 -41 -42 -43 -44 -45 -46 -47 -48 -49
leaf_value=-1.820826626904263 -1.6465180983983123 -1.4475324043529478 -1.454671391450727 -1.5758540373651664 -0.97962026483707487 -1.6664246435314825 -1.3844940304166193 -1.2404686649517083 -1.1805053303977555 -0.96095150685501474 -0.84297175360955179 -1.4309742488035282 -1.6559157455348834 -1.5817121699898833 -1.3586672797689407 -1.2032850849588379 -0.80507975996537817 -1.5783576162905646 -0.64863534446902038 -1.335249973698261 -1.075511140413608 -1.7681554422933115 -1.380908745720081 -0.5790754691152229 -1.4507891334755052 -1.73010778957679 -1.048028394510792 -1.6414441853805315 -1.0511384492736777 -1.1371587035780464 -1.8258683540154863 -1.7169195918064661 -1.4381257777438199 -1.5689731234302278 -1.1994957623384641 -0.71421673401981123 -0.41718647090212702 -1.5841973471809569 -1.1057270365288883 -1.4276062542342396 -1.2149650640554515 -1.6191041978537792 -0.89426495825660335 -1.424418816072812 -1.6998182211672352 -1.4977716017384206 -0.83293314553953701 -1.0827553928903013
leaf_weight=24765.8942810148 1431.6037020683289 9940.7481923997402 2362.5959838777781 6109.3088151812553 2014.9422217309475 7171.5147742927074 4294.561175391078 9597.8431157171726 2565.7897355854511 3883.6749173253775 7719.3631183803082 4454.0170346647501 20191.910455673933 3022.6632634103298 3811.6948429197073 4533.245102673769 5547.4643455147743 2358.8470216691494 3518.7759290188551 5279.2885821908712 2730.9940035790205 22060.893082082272 4580.48202650249 6796.3686226159334 9330.1672140210867 12015.673809468746 4448.0186951309443 3320.8307244032621 7890.0658642798662 5939.1059309095144 4063.3751725256443 4043.8805690407753 4362.2924259603024 2732.9934500902891 5123.8316159397364 4929.3854427188635 7068.2933481484652 1376.1190613806248 3375.8155034631491 525.1046400219202 1346.3772945255041 10933.973246872425 2656.7645518481731 622.07779581844807 1797.5024136304855 6083.3160105347633 3522.2749604135752 1418.3573689311743
leaf_count=99091 5728 39774 9453 24444 8062 28694 17183 38402 10266 15539 30886 17821 80790 12094 15251 18138 22196 9438 14079 21123 10927 88268 18327 27193 37331 48076 17797 13287 31569 23763 16258 16180 17454 10935 20501 19723 28281 5506 13507 2101 5387 43748 10630 2489 7192 24340 14093 5675
internal_value=-1.38671 -1.10207 -0.957495 -1.59348 -0.793522 -1.65937 -1.39893 -1.13455 -1.37992 -1.04366 -0.667985 -1.43134 -1.53992 -1.45249 -1.30754 -1.07346 -0.984065 -1.18955 -0.624242 -1.32703 -1.11033 -1.73519 -1.31883 -0.719332 -1.69211 -1.63037 -1.20384 -1.43029 -1.15501 -1.24324 -1.6758 -1.55133 -1.35357 -1.37079 -1.30928 -0.822829 -0.493988 -1.31085 -1.26172 -0.976674 -1.44617 -1.56469 -1.03473 -1.08471 -1.49109 -1.58907 -0.938728 -1.2837
internal_weight=0 117680 77401.8 161990 40183.1 121003 40986.7 37218.7 40278.6 26301 27739.8 35056 46989 26797.1 30814 12443.3 10080.7 15713.7 25102.8 19668.1 12008.4 74014 13542.3 14515.7 49248.1 27187.2 9727.31 15100.3 17487.9 10519.6 10172.7 15171.6 10917.7 11779.5 9486.12 8813.06 10587.1 9046.5 7670.38 6778.37 3705.22 15388 5222.55 2637.02 11127.7 13254.8 6253.27 5230.05
internal_count=1118990 470852 309693 648138 160777 484146 163992 148916 161159 105233 110990 140263 188008 107218 123290 49787 40334 62872 100439 78694 48047 296138 54184 58079 197047 108779 38920 60418 69971 42090 40702 60703 43683 47131 37955 35262 42360 36196 30690 27121 14825 61569 20896 10551 44523 53034 25020 20926
is_linear=0
shrinkage=1


Tree=4
num_leaves=49
num_cat=0
split_feature=16 0 13 8 13 8 6 3 16 16 3 6 8 13 8 6 13 13 14 11 3 3 14 16 16 3 16 8 11 11 13 14 11 8 8 8 16 14 16 16 8 13 3 13 16 13 6 11
split_gain=20016.1 9303.87 4349.6 1679.36 1850.67 1500.06 1351.74 1351.23 1208.18 1111.63 1086.41 942.142 887.667 922.127 875.816 785.757 749.067 683.765 534.582 456.231 446.586 438.1 432.447 430.009 391.126 372.768 360.628 394.179 344.182 333.309 312.763 287.963 280.307 263.453 258.551 251.201 250.794 250.631 248.307 226.012 224.701 217.198 204.161 197.14 195.509 188.472 187.991 185.938
threshold=0.21256895363330844 0.69772362709045421 -0.86639928817749012 0.15956523269414905 0.072979860007762923 0.063725128769874587 0.015962456353008751 -0.044945459812879555 -0.41715922951698298 0.50125798583030712 0.17162030935287478 0.097457390278577818 0.055406659841537483 -0.54739841818809498 0.060639301314949996 0.0096768694929778593 -0.49127985537052149 -0.27133682370185846 2.8784395456314091 1.1479799151420595 0.023360238410532478 -0.090746175497770296 2.9835039377212529 -2.1585329771041866 -0.31662480533123011 0.079253915697336211 -0.53025808930397023 0.031304085627198226 1.1803999543190005 1.1659448146820071 0.49538695812225347 3.721785426139832 1.1226557493209841 0.02205686550587416 0.065263897180557265 0.056737380102276809 -1.9398023486137388 3.791767001152039 -1.5465762615203855 -2.1874451637268062 0.071779105812311186 0.59717071056365978 0.056918485090136535 0.65190890431404125 -2.6132212877273555 -0.50595182180404652 0.010378488805145027 1.1994502544403078
decision_type=2 2 2 2 2 2 2 2 2 2 2 2 2 2 2 2 2 2 2 2 2 2 2 2 2 2 2 2 2 2 2 2 2 2 2 2 2 2 2 2 2 2 2 2 2 2 2 2
left_child=1 3 5 4 7 10 20 15 12 21 11 23 19 37 25 28 -16 -5 26 46 24 -2 -21 -3 -4 43 -6 41 -1 -10 -20 32 -22 -32 -11 -33 -19 -14 -18 -17 -23 -28 -25 47 -24 -37 -9 -8
right_child=9 2 6 17 18 -7 14 8 29 34 -12 -13 13 -15 16 39 38 36 30 22 31 40 44 42 -26 -27 27 -29 -30 -31 33 35 -34 -35 -36 45 -38 -39 -40 -41 -42 -43 -44 -45 -46 -47 -48 -49
leaf_value=0.31749874523207511 0.087185076536510669 -0.17842248297229987 0.20059504730573818 -0.45727050435821631 0.18345112539124922 -0.38325966593257293 0.0077860503995229174 0.21869364506124894 0.0035669427029245584 -0.36687686720308804 -0.31461935700190785 -0.2710145009405186 -0.010200487512456089 0.19629104551850662 -0.38864153050072403 -0.092315940813372785 -0.22906163148183203 -0.23794272796330965 0.046344998347366065 0.39278150969158648 0.031240911078748268 -0.23602205016394123 0.028502394355758819 0.14237846120421258 0.0037835594363641845 -0.11838897646611743 0.0029455353705589906 0.23446298664758594 0.47966320357227915 0.15072306047758546 -0.20092877294518435 0.018611990020611837 0.20994188548325388 0.0083010257317566553 -0.15431956273592748 -0.37683537353774654 0.23965275531207297 -0.29894322515002353 0.041666103097754661 0.19770000442707769 -0.020190526439463004 -0.27252824260113734 -0.0096574350206730629 -0.17690007984291739 0.25325176415633038 -0.060887963663771583 0.1271861278376861 0.12824460817640243
leaf_weight=10561.338109843433 1221.0724848583341 2499.0563343390822 11151.692178726196 1520.4866972267628 8391.5115303695202 8883.1259474158287 11279.286511138082 18715.827236935496 12066.406036511064 27242.327048912644 6336.1333810910583 4229.9391865804791 1373.6203531250358 4005.0897286534309 3237.5172473117709 747.14454261958599 1337.6896477639675 449.3838866353035 7847.9575746059418 6863.8697778880596 5874.6238308846951 17813.342212110758 1123.5051087588072 3884.2000886723399 3269.7300100326538 5884.7552166804671 2301.4672662094235 1388.9280717372894 4779.8715527653694 5653.6828261166811 3275.2231783270836 6522.7966986969113 3510.1447439268231 2773.7997977882624 1520.8353350311518 775.03273468464613 702.92581181228161 1668.5795937329531 2299.2815772816539 6424.9170780703425 1299.1505732387304 1035.0806840881705 5102.0969931706786 1098.0440326929092 7222.624549947679 1218.1970181763172 8071.0949847921729 4479.1158381700516
leaf_count=37913 4920 10086 42990 5809 31997 48577 49487 68246 47829 134267 39031 23786 5003 14714 16981 2666 6155 1757 32254 23837 24624 84566 3855 15060 13747 31650 9394 5289 16372 21214 15004 29623 14247 10757 7513 3699 2883 6068 11017 23902 6171 4829 22499 5538 25801 5476 30603 19284
internal_value=0 0.0619403 -0.0566503 0.154525 0.163534 -0.20976 0.0198135 0.198232 0.162492 -0.292378 -0.139831 -0.0693119 0.202925 0.0386233 -0.0573417 0.304188 -0.213719 -0.23719 0.0488407 0.230482 0.090523 -0.202821 0.299707 0.00494672 0.156011 -0.0100408 0.12124 0.0106438 0.368085 0.0505519 -0.0194628 0.0377306 0.0981482 -0.104918 -0.355661 -0.0287953 0.0529192 -0.16878 -0.0578066 0.167409 -0.221379 -0.0824196 0.0560108 0.0277598 0.223064 -0.184117 0.191146 0.0420625
internal_weight=0 211837 92872.5 118964 116292 30934.6 61937.9 89277.6 66764.3 49096.7 22051.4 15715.3 49044.2 7047.29 29615.7 22513.3 6874.49 2672.8 27014 41996.9 32322.2 20333.6 15210 11485.4 14421.4 22741.2 13117 4725.48 15341.2 17720.1 13897 17900.8 9384.77 6049.02 28763.2 8516.03 1152.31 3042.2 3636.97 7172.06 19112.5 3336.55 8986.3 16856.4 8346.13 1993.23 26786.9 15758.4
internal_count=1118990 881553 433557 447996 437547 159039 274518 328023 247170 237437 110462 71431 178127 25785 140112 80853 34153 10449 109524 152342 134406 95657 53493 47645 56737 105959 51509 19512 54285 69043 58015 77669 38871 25761 141780 38798 4640 11071 17172 26568 90737 14223 37559 74309 29656 9175 98849 68771
is_linear=0
shrinkage=0.5


Tree=5
num_leaves=49
num_cat=0
split_feature=10 11 16 11 12 10 10 11 16 10 16 11 12 12 11 12 11 12 16 15 16 11 11 12 15 12 11 16 16 12 12 11 12 16 12 10 10 16 16 10 10 12 12 12 12 12 12 12
split_gain=25108.8 15102 4516.01 4439.31 2986.35 2544.28 2110.22 1770.19 1407.12 1150.81 1023.18 981.739 1001.58 950.702 725.311 1630.42 693.479 884.733 656.371 761.434 654.225 543.649 532.2 600.823 485.868 411.074 406.3 370.812 355.805 352.115 331.578 318.457 293.108 287.806 280.385 278.637 275.313 268.936 241.412 213.642 213.151 195.274 183.544 176.88 176.722 176.142 171.663 166.498
threshold=1.8738168478012087 1.1569774150848391 -1.1293942928314207 1.3748100996017458 1.2742874622344973 3.1951947212219243 0.73094534873962413 1.09613573551178 -0.010918345302343367 0.5556982457637788 -0.88476553559303273 1.2578309178352358 1.3703047037124636 1.0934188961982729 0.97144022583961498 0.89429974555969249 1.2627910375595095 1.1874378323554995 0.20087748020887378 5.2335886955261239 0.10434853285551073 1.2957437038421633 1.2553511857986452 1.1932967901229861 5.2534220218658456 0.89149385690689098 0.85560846328735363 -2.6132212877273555 -2.6132212877273555 0.8852829933166505 1.4365174174308779 1.0669230222702029 0.87371015548706066 -0.45101097226142878 0.86353448033332836 0.49644815921783453 -0.75285196304321278 -0.84905064105987538 0.022683287039399151 -0.54796689748764027 5.1081144809722909 0.87785089015960704 1.0422475934028628 1.3308876752853396 0.9728604555130006 1.4313648939132693 1.0654977560043337 1.0854455232620241
decision_type=2 2 2 2 2 2 2 2 2 2 2 2 2 2 2 2 2 2 2 2 2 2 2 2 2 2 2 2 2 2 2 2 2 2 2 2 2 2 2 2 2 2 2 2 2 2 2 2
left_child=1 2 9 4 8 7 13 10 16 27 -2 12 -6 14 15 -4 29 34 19 39 24 -19 41 32 47 -16 -17 -1 -11 -3 -21 37 -24 -9 -18 -31 -29 -7 -12 -15 -39 -10 -5 -35 -28 -20 -22 -8
right_child=5 3 6 42 11 31 20 33 22 28 38 -13 -14 18 25 26 17 21 45 30 46 -23 23 -25 -26 -27 44 36 -30 35 -32 -33 -34 43 -36 -37 -38 40 -40 -41 -42 -43 -44 -45 -46 -47 -48 -49
leaf_value=-0.022267439799626896 -0.19479176598695247 0.043877654726236837 0.32087527296758395 0.82072736432585924 0.12455607906814992 -0.35689131901445748 0.23570241967727501 -0.34428294348222171 0.27370201092302332 -0.2030548934105941 -0.032742426296967386 1.2830141804824966 0.8935106530863921 0.3590116954894777 0.46093582273879613 0.8893450672549883 -0.045120191758631786 -0.039889123240705295 0.30003900817901863 0.03720252051059865 0.34797203662632414 0.85451491855681927 0.15935256452610719 0.45395732644092096 -0.034926179546427231 0.18956219409038599 0.8202166194195909 0.26856272815872262 -0.016176355999925004 -0.096889710075234017 0.21471230716193546 -0.3953954299593786 -0.17318984143177818 -0.21919276944683347 -0.30928108214021249 -0.23475176438503687 0.11985054684599522 -0.15688200395342555 0.10733188134472249 0.24868461501570033 -0.32172725406208047 0.033992161000389834 1.3049986868016765 0.23667830916984492 0.40163441600979444 0.39838891269592264 0.20789504724129854 0.11237503976079381
leaf_weight=3550.585166156292 8302.150780595839 2330.4682774990797 4764.1879581809044 588.22268651425838 2454.8307104408741 9019.1875971034169 3522.4714860767126 8654.3418567106128 983.91225916147232 3133.0883349254727 6635.1787726506591 252.84413146972656 511.50553630292416 6349.162996083498 2164.8911890983582 2360.4922341704369 1068.1329711824656 520.05820322036743 9948.8762785047293 5808.6460219919682 2742.0928465649486 250.58300283551216 721.73971401154995 439.02389016747475 5307.7009413763881 3961.8407861143351 368.92922565340996 4083.733015537262 13640.454817540944 7428.4177309721708 4820.8585209846497 16516.970115177333 7807.6994273662567 6029.8214547336102 18254.876173391938 7272.2609972953796 13215.349811092019 4418.4648203030229 5727.0449398830533 14515.670062616467 3558.0178937017918 6249.0634043738246 311.1521517932415 218.72733914107084 838.57323192059994 8556.4028908312321 11162.292691126466 12467.989382758737
leaf_count=13843 40841 8892 16236 2299 9977 53274 13681 45349 3455 13861 31453 966 1852 20383 7353 8400 4038 2199 34507 23344 10476 1015 2566 1679 23112 14662 1316 14118 56952 29519 16222 100853 30663 30860 77787 32736 49116 25658 26226 49604 22722 24241 1191 1060 3037 26903 41363 47130
internal_value=0 0.10389 0.193962 -0.11136 -0.128905 -0.24697 0.249682 -0.153793 -0.157145 0.0463491 -0.0590296 0.338647 0.257577 0.303457 0.416453 0.51257 -0.210802 -0.273742 0.270763 0.226789 0.151195 0.251019 -0.0341578 -0.115555 0.0960733 0.285594 0.768229 0.124788 -0.0511228 -0.136503 0.117769 -0.345836 -0.144977 -0.285147 -0.294708 -0.165134 0.154999 -0.297623 0.0321128 0.282297 -0.230507 0.0667027 0.990087 -0.20312 0.530511 0.34556 0.235579 0.139587
internal_weight=0 194729 137284 57444.8 56545.4 69079.9 99661.1 35567.3 53326.2 37623.2 20664.4 3219.18 2966.34 64458.5 14458.9 8332.18 37124.8 20093.7 49999.6 31494.3 35202.5 770.641 16201.4 8968.46 21298.2 6126.73 3567.99 20849.7 16773.5 17031.1 10629.5 33512.6 8529.44 14902.9 19323 14700.7 17299.1 16995.7 12362.2 20864.8 7976.48 7232.98 899.375 6248.55 1207.5 18505.3 13904.4 15990.5
internal_count=1118990 740694 505619 235075 231585 378296 357729 175789 218790 147890 98520 12795 11829 221967 51004 28989 156186 85039 170963 109553 135762 3214 62604 34908 83923 22015 12753 77077 70813 71147 39566 202507 33229 77269 81825 62255 63234 101654 57679 69987 48380 27696 3490 31920 4353 61410 51839 60811
is_linear=0
shrinkage=0.5


Tree=6
num_leaves=49
num_cat=0
split_feature=13 8 16 0 8 13 14 8 16 2 16 16 14 13 16 0 1 0 15 16 2 14 15 14 7 8 15 15 15 13 14 2 15 14 0 15 14 13 13 14 0 11 16 14 2 15 0 13
split_gain=44441 17400.1 12364.3 10509.6 5400.28 4583.27 4309 3112.43 2768.82 2712.18 2176.25 1806.79 1442.14 1439.82 1419.49 1399.63 1366.36 1328.99 1256.44 1213.92 1007.48 950.713 858.129 853.548 826.571 748.218 706.322 606.185 587.426 561.018 535.604 502.881 498.639 497.139 492.123 483.07 475.289 435.041 427.905 405.445 402.138 402.071 379.437 375.348 361.527 360.473 351.032 349.728
threshold=-0.73999726772308339 0.066859286278486266 -2.3454419374465938 0.66063022613525402 0.055406659841537483 -0.3549953401088714 3.2727913856506352 0.08843939378857614 -2.1585329771041866 -0.14343192428350446 -1.4582938551902769 -1.6203892827033994 6.2682116031646737 -0.51303863525390614 -1.5828343629837034 0.82211130857467662 0.52724939584732067 0.71381977200508129 5.2121534347534189 -3.1475223302841182 -0.20745131373405454 4.6845073699951181 5.2130455970764169 5.4474363327026376 0.039934298023581512 0.14052062481641772 5.2229044437408456 5.2237489223480233 5.2069995403289804 0.76125821471214306 2.9061270952224736 -0.047075996175408356 5.1932976245880136 6.7001798152923593 0.78357321023941051 5.2061388492584237 6.406792640686036 -0.12643549591302869 -0.24226126074790952 2.8509500026702885 0.68133172392845165 1.2307695150375368 -3.3868509531021114 6.7768707275390634 -0.019322895444929596 5.2283360958099374 0.58900567889213573 -0.90112340450286854
decision_type=2 2 2 2 2 2 2 2 2 2 2 2 2 2 2 2 2 2 2 2 2 2 2 2 2 2 2 2 2 2 2 2 2 2 2 2 2 2 2 2 2 2 2 2 2 2 2 2
left_child=1 3 7 8 9 17 14 19 23 22 -8 34 35 18 47 -7 24 36 21 -2 -16 -11 33 -1 26 45 44 -14 41 -27 46 -21 37 -4 -3 -10 -6 43 -9 -19 -23 -22 -40 -15 -12 -17 -13 -5
right_child=2 11 4 6 5 15 10 38 12 13 16 30 27 32 20 25 -18 39 -20 31 28 40 -24 -25 -26 29 -28 -29 -30 -31 -32 -33 -34 -35 -36 -37 -38 -39 42 -41 -42 -43 -44 -45 -46 -47 -48 -49
leaf_value=0.078326466647561738 0.37573644638112114 0.91547253045454424 0.010895404245359742 0.42963826591333065 -0.14679834872495937 -0.28464688340382943 0.5195672177043027 0.85894265306719508 -0.16377700773751272 -0.23028722590134523 0.30175843855718232 -0.0350800421355607 0.1665296767335909 -0.29365777387069708 0.27113213978626355 0.061740911143750001 0.40961122274688933 0.19122014786130573 -0.3406627641408182 0.27118606211233859 -0.017928633427560892 -0.12839249458685253 -0.2321061751490161 0.55906394591158026 0.34991037135453745 0.61384186653914197 -0.043231132854848371 -0.15283350110611141 -0.15312406485568869 -0.092207566892807208 0.53600414885647341 -0.072252090921592793 -0.40304101484977733 0.3598539948886092 0.68062718173350834 -0.32147182496682986 0.33852873931516886 -0.35783481828081409 0.85713893540278963 0.56685351285070262 0.12956004804903329 0.24990949209013241 0.33464662488813501 -0.099357677251777091 0.086357123329910426 -0.26364186383129334 0.37510185196035534 0.14318065557359902
leaf_weight=2377.9755780696869 3084.0881811380386 3090.1257368028164 2922.8675981462002 2662.2342591434717 1517.2557334154844 9945.9780775979161 11401.306668490171 1652.1837214380503 8673.1251635998487 9089.0694801807404 4149.6159780472517 629.82307498157024 3396.7737030237913 10345.455238461494 2879.2079189419746 2040.9896373897791 9731.0795670002699 918.49640479683876 12539.379424333572 1331.0327088236809 6192.1291639357805 2568.4864491671324 2506.389444693923 1511.8633906841278 4912.7159778028727 833.361317679286 4783.8576117902994 2638.7704915106297 7355.2295814454556 422.4188589900732 8000.523624971509 5332.6939923912287 32590.698919653893 1569.8844645172358 8325.840503886342 11098.939160376787 754.34869273006916 25384.738654486835 505.57996965944767 3393.0869290232658 3664.3612180203199 1808.9632021635771 1133.3544101417065 3284.6538044214249 3688.1939555257559 1456.7103400975466 2969.9593601077795 1789.0866265743971
leaf_count=10428 12248 11385 10959 9546 7727 51588 37816 5827 40477 42930 13853 3105 13466 52764 9117 9079 31992 3882 61451 5430 23783 11331 9958 5764 15753 3286 17680 12260 30261 1588 26995 23042 175789 5069 26833 58193 3235 133574 1880 11889 13095 6619 4608 14042 13349 6618 10374 7052
internal_value=0 0.214596 -0.205302 0.116402 -0.252643 -0.0226881 0.234588 0.258463 -0.127748 -0.298606 0.336086 0.603001 -0.187033 -0.319775 0.0615672 -0.177987 0.259328 0.323974 -0.223273 0.116428 -0.000203229 -0.127152 0.00216641 0.265399 0.175877 0.045091 0.108077 0.0268175 -0.0511237 0.376059 0.463839 -0.00354731 -0.357313 0.132995 0.744315 -0.252335 0.0142259 -0.319093 0.678836 0.487011 0.023177 0.0425879 0.496555 -0.246882 0.200486 -0.0736671 0.303207 0.314675
internal_weight=0 114067 140788 91051.1 127749 21282.6 61353.6 13038.9 29697.4 106466 38666.8 23016.3 25807.6 99466.8 22686.9 14699.5 27265.5 6583.19 27861.3 9747.81 18235.5 15321.9 6999.14 3889.84 17534.4 4753.48 12621.7 6035.54 15356.3 1255.78 11600.3 6663.73 71605.5 4492.75 11416 19772.1 2271.6 39014.8 3291.12 4311.58 6232.85 8001.09 1638.93 13630.1 7837.81 3497.7 3599.78 4451.32
internal_count=1118990 436101 682889 357409 629854 98892 216821 53035 140588 530962 130443 78692 124396 504976 86378 72159 92627 26733 128807 40720 69780 67356 25986 16192 60635 20571 44882 25726 60663 4874 40474 28472 376169 16028 38218 98670 10962 200380 12315 15771 24426 30402 6488 66806 27202 15697 13479 16598
is_linear=0
shrinkage=0.5


Tree=7
num_leaves=49
num_cat=0
split_feature=13 16 16 15 13 14 14 1 16 6 15 14 8 8 11 16 13 14 13 15 16 8 14 0 16 11 0 11 13 1 1 16 8 0 0 15 8 13 13 14 16 15 8 6 8 1 14 8
split_gain=21737.2 4757.72 4362.37 3270.83 2778.39 1945.74 1599.54 1420.42 1148.25 1049.71 1174.8 1042.04 999.416 968.804 917.991 860.381 811.297 715.977 491.337 464.17 574.635 458.877 415.599 411.494 399.094 364.425 325.597 322.207 310.825 286.738 281.072 277.04 267.904 265.934 237.673 233.029 232.699 246.227 229.598 252.316 224.188 223.883 222.234 217.857 211.214 211.144 211.106 210.834
threshold=-0.65259751677513111 -0.43976002931594843 -0.56442850828170765 5.2608201503753671 0.11210502684116365 4.2881908416748056 4.3294582366943368 0.53805881738662731 0.25064590573310858 0.10952169075608255 5.2583770751953134 2.5643773078918461 0.083822030574083342 0.042379412800073631 1.1599231362342837 0.39331947267055517 -0.91610318422317494 3.8291755914688115 0.012013260740786793 5.1623435020446786 -1.8915460109710691 0.048424141481518752 1.7698418498039248 0.69368764758110057 -2.1874451637268062 1.369414269924164 0.82811537384986889 1.1717913150787356 0.46346206963062292 0.40269133448600775 0.50543847680091869 0.36637790501117712 -0.041836291551589959 0.77652022242546093 0.76936310529708873 5.1943168640136728 0.062074031680822379 0.57887589931488048 -0.17039158195257184 9.0988922119140643 -1.5465762615203855 5.2744526863098153 0.059304138645529754 0.043208099901676185 0.054201466962695129 0.6956518590450288 8.8221268653869647 0.054201466962695129
decision_type=2 2 2 2 2 2 2 2 2 2 2 2 2 2 2 2 2 2 2 2 2 2 2 2 2 2 2 2 2 2 2 2 2 2 2 2 2 2 2 2 2 2 2 2 2 2 2 2
left_child=2 4 16 5 11 14 22 9 41 10 17 35 19 38 18 -12 -1 27 47 20 -13 25 -6 -14 -18 -16 -15 -4 -8 -26 44 -9 -21 -20 -11 40 37 -24 -7 -40 -2 -5 -19 45 -10 -33 -30 -3
right_child=1 3 7 8 6 13 28 31 30 34 15 12 23 26 21 -17 24 42 33 32 -22 -23 36 -25 29 -27 -28 -29 46 -31 -32 43 -34 -35 -36 -37 -38 -39 39 -41 -42 -43 -44 -45 -46 -47 -48 -49
leaf_value=-0.33351194053346522 -0.18281680656034913 0.091371471086803241 -0.033297604484868112 -0.066109390203345691 -0.022170191093856859 0.3392011052234134 0.21577424584415536 -0.26394169225533165 0.34691203244767382 0.056624249834730751 -0.24075905604964873 -0.072687168876039723 -0.017671677556598743 0.23542757859594865 0.34620149204270007 0.24990323191167182 -0.31567965055256209 0.22259089069747537 0.24684034912311897 -0.12625239313896156 0.21064538691229129 0.041546031558367627 0.095978863489394356 -0.30097438097589801 -0.14738137081813432 -0.19712100077191541 -0.064177691082594648 0.14273280487409223 0.32128505032308141 -0.26539439312831098 -0.02365967652563452 0.011560918936197718 0.037292840068934283 0.10240561175619384 -0.25034337443731286 -0.18658416828930632 -0.007669492829941605 0.25845231850449185 0.40495912186516997 0.57279885694437083 -0.0068943962503374562 -0.24370561215671593 -0.07427772099351912 -0.26785229269047095 -0.035573066287364313 -0.27189681647237823 0.5328405010857924 -0.11683285469235055
leaf_weight=24110.334563747048 2832.1051177978516 13555.947427175939 9351.4077456891537 3326.7851404249668 7860.8685808926821 9186.327405013144 5798.4716921299696 7160.1728480681777 2036.7115281149745 729.47856096178293 5144.0911535099149 2341.1276959478855 2232.2268585115671 2646.2531776949763 11103.124338388443 1079.3887132555246 7219.922430112958 8217.9899999573827 10149.561150893569 3088.1255390942097 7556.2994199842215 1559.1934375986457 5932.1926680356264 3022.0841739922762 17608.010682843626 315.65578724443913 1375.3336511850357 3598.3262109532952 4453.4957017153502 7302.9336053729057 1103.9939056262374 3031.4728752076626 13213.722244814038 4669.0859556943178 4517.7373055592179 9568.2998022586107 2612.696839183569 3859.9918868541718 9955.7722035497427 2925.8089868277311 5037.2443043887615 3828.395395681262 679.65116472542286 1629.0356910452247 435.60360714048147 836.69607435911894 1624.3698873370886 1332.8328113183379
leaf_count=131415 11311 52298 40802 16290 29754 32895 20001 38057 8641 3767 28259 9183 8663 8937 37540 5377 36702 34514 36035 12583 26787 5437 21594 12628 85476 1074 5089 15159 15108 36182 4736 13395 56302 16627 25539 42171 9711 13596 31765 9306 18854 20296 3202 8869 1814 4467 5609 5173
internal_value=0 0.124229 -0.170752 0.211127 0.0389598 0.251188 0.153146 -0.0564923 -0.0455637 -0.00230689 0.0360507 -0.0361002 0.018237 0.358783 0.185407 -0.155553 -0.264145 0.0906587 0.136904 0.0581663 0.143575 0.296377 0.0677217 -0.180738 -0.212069 0.331122 0.132851 0.0155844 0.298855 -0.182008 0.185679 -0.199074 0.00627529 0.201375 -0.20757 -0.134136 0.124723 0.160095 0.399925 0.443161 -0.0702859 -0.161223 0.199852 -0.114459 0.279332 -0.049677 0.377986 0.072693
internal_weight=0 160540 102217 79506.4 81033.3 68774.9 32142.1 45975.4 10731.5 33318.1 28070.9 48891.2 31453.6 26089.5 42685.4 6223.48 56241.2 21847.4 29707.4 26199.3 9897.43 12978 20265.7 5254.31 32130.9 11418.8 4021.59 12949.7 11876.3 24910.9 3576.31 12657.4 16301.8 14818.6 5247.22 17437.6 12404.9 9792.18 22067.9 12881.6 7869.35 7155.18 8897.64 5497.2 2472.32 3868.17 6077.87 14888.8
internal_count=1118990 607808 511182 293953 313855 242176 115373 221407 51777 156619 127313 198482 126146 87992 154184 33636 289775 93677 110133 104855 35970 44051 74655 21291 158360 38614 14026 55961 40718 121658 15191 64788 68885 52662 29306 72336 44901 35190 73966 41071 30165 36586 37716 26731 10455 17862 20717 57471
is_linear=0
shrinkage=0.5


Tree=8
num_leaves=49
num_cat=0
split_feature=16 6 3 16 13 8 14 0 3 3 3 8 3 16 16 6 8 13 8 6 14 13 11 3 16 16 8 16 13 14 3 13 13 8 8 13 16 8 14 3 11 8 14 16 16 11 11 13
split_gain=7592.1 3323.02 1500.99 1165.01 1073.81 846.391 570.668 501.176 482.187 461.75 397.026 355.646 368.37 295.714 275.61 246.059 208.121 215.703 201.565 191.004 189.809 176.715 176.621 175.242 200.34 174.219 191.552 163.621 162.999 162.24 161.425 135.87 134.007 131.41 130.301 142.574 129.653 120.271 120.09 116.183 112.912 109.919 107.955 109.707 100.756 97.8659 92.0655 89.6277
threshold=0.11677977815270425 0.035942716524004943 -0.015389798674732445 0.54480874538421642 -0.89848467707633961 0.18735688179731372 2.1856838464736943 0.901881903409958 0.18619588762521747 -0.10234023630619048 -0.057602973654866212 0.098862431943416609 0.085216943174600615 -2.9050465822219844 -0.83645406365394581 0.0015342923579737546 0.046301348134875304 -0.64688703417778004 0.060639301314949996 0.16346363723278048 4.1684465408325204 0.61403346061706554 1.2529208660125735 0.062147947028279311 -0.64509379863739003 -0.62307086586952198 0.079698219895362868 -2.3454419374465938 0.85603705048561107 3.1273633241653447 -0.079479258507490144 -0.21287345141172406 -0.49127985537052149 0.096153162419796004 0.024508875794708732 0.36599294841289526 -1.8698968291282652 -0.064841065555810914 5.289548635482789 -0.14056918025016782 1.1659448146820071 0.025152095593512062 2.2538310289382939 -2.9050465822219844 0.69430947303771984 0.90527316927909862 1.2816583514213564 -0.46102112531661982
decision_type=2 2 2 2 2 2 2 2 2 2 2 2 2 2 2 2 2 2 2 2 2 2 2 2 2 2 2 2 2 2 2 2 2 2 2 2 2 2 2 2 2 2 2 2 2 2 2 2
left_child=1 2 9 10 11 6 14 29 13 -1 39 12 19 38 45 25 21 -18 30 27 -9 40 -16 24 34 26 31 -3 -7 -6 -5 -11 -28 -31 35 -15 -25 -32 -8 -2 -12 -22 -17 -44 -39 -4 -27 -35
right_child=3 4 5 18 7 28 8 20 -10 15 16 -13 -14 23 22 42 17 -19 -20 -21 41 -23 -24 36 -26 46 32 -29 -30 33 37 -33 -34 47 -36 -37 -38 44 -40 -41 -42 -43 43 -45 -46 -47 -48 -49
leaf_value=0.28060136948175501 0.25810538357917917 -0.23913329028898456 0.091715725619963315 -0.13019043559248974 0.068062918243963003 -0.36031078468385364 -0.01410471614710454 -0.054737199641297404 -0.18988528510096411 0.22165881932488873 -0.17899279850923061 -0.35649288938429752 -0.26770594254166963 0.10903831827966377 0.017442346962734882 0.12964566970632413 -0.23232453470912307 0.054218551849091627 -0.090064230752459645 -0.29508746874237074 -0.12891526709798304 -0.33863582746468612 0.15951874227191393 -0.12310898545817615 0.00129982785333073 0.079575877162639794 -0.2026289056168715 -0.017696232264436978 0.10756450340986098 -0.0071710436216123408 -0.015148973184738906 0.12726797132894599 0.10644221196983519 -0.38039301468395181 0.024926554818752604 -0.028665247254691995 0.0063535289290703604 -0.26110369283901647 -0.1788409029548613 -0.0042195700997456967 -0.093245397536593194 -0.29030632159505826 -0.12836103183452588 0.062491561862337577 -0.34486115102619153 0.16590764901209082 0.21533409372788595 -0.065336098479523153
leaf_weight=5199.1224619150162 481.79709718376398 997.2509815916419 7491.2587059214711 1365.4275675825775 8631.8063583299518 1576.3879185244441 2128.8200896084309 4449.4024683386087 2738.5577210411429 12884.479738101363 12209.816967051476 2821.0232750177383 4658.7748601138592 18431.536362431943 11764.110226936638 6531.3752960041165 918.30589746311307 2294.8141688331962 1279.2852602303028 949.39869987592101 2344.2391152977943 1369.113500662148 2689.4805756136775 2272.3241389803588 14778.258384771645 8940.8486139625311 486.41319216787815 5118.9370165131986 208.81294600665569 8904.5313434079289 342.66112277656794 5465.8749284446239 1246.9314156845212 407.9072148874402 9833.2538926750422 2086.5475342199206 12917.030202358961 5564.9213068448007 2318.6672205366194 3330.1793480589986 5649.598578941077 1947.7358232438564 805.63415574282408 11032.674016147852 10601.572295103222 11098.303676061332 1458.5133929662406 515.50459951907396
leaf_count=18143 1873 5152 27725 8048 35302 10207 7843 23420 22544 42433 69828 26059 37212 65241 48087 23424 6157 11078 7607 7717 14974 9214 10156 10781 61303 34272 1926 21859 890 41379 2501 20004 4478 3103 37299 9088 57976 37681 9812 15229 30493 15819 2993 41274 72452 39091 5305 2538
internal_value=0 0.0380102 0.0714678 -0.188658 -0.0873106 0.0358599 0.0419246 -0.0286467 0.0155612 0.138871 -0.120209 -0.196973 -0.158521 0.0242587 0.0957661 0.123772 -0.145554 -0.0275664 -0.28244 -0.0864306 -0.127273 -0.165241 0.0439233 0.0334394 0.0490766 0.151336 0.178569 -0.0539167 -0.305274 0.0180339 -0.296175 0.193579 0.0193552 -0.0258577 0.0723222 0.0950097 -0.0129879 -0.309864 -0.100122 0.0288636 -0.151902 -0.202323 0.0779974 0.0494515 -0.316079 0.136043 0.098683 -0.205311
internal_weight=0 198132 156385 45407.5 41746.5 102333 100548 27201.1 67505 54051.9 26253.6 14545.4 11724.4 64766.4 33043.2 48852.7 22441.6 3213.12 19153.9 7065.59 8741.38 19228.5 14453.6 60319 45129.6 30483.1 20083.7 6116.19 1785.2 18459.7 17874.6 18350.4 1733.34 9827.94 30351.3 20518.1 15189.4 16509.2 4447.49 3811.98 17859.4 4291.97 18369.7 11838.3 16166.5 18589.6 10399.4 923.412
internal_count=1118990 846829 612295 272161 234534 418043 406946 136535 281887 194252 143872 97999 71940 259343 125059 176109 126770 17235 128289 34728 54213 109535 58243 241688 172931 108418 68841 27011 11097 82322 120682 62437 6404 47020 111628 74329 68757 112634 17655 17102 100321 30793 67691 44267 110133 66816 39577 5641
is_linear=0
shrinkage=0.5


Tree=9
num_leaves=49
num_cat=0
split_feature=10 10 12 16 15 10 16 12 15 12 10 16 12 12 16 10 12 12 12 12 12 16 12 12 12 12 12 16 16 16 10 15 12 10 15 13 3 12 12 10 12 15 12 12 13 16 10 8
split_gain=10696.1 2823.16 1587.03 1310.08 1110.09 1059.91 1035.55 704.203 586.362 573.774 478.207 454.732 449.699 465.226 377.001 341.974 331.696 271.49 264.908 350.511 242.296 224.481 216.9 206.789 203.669 193.06 413.562 182.905 170.815 170.317 161.606 159.982 159.312 156.206 119.289 115.995 110.831 109.66 107.877 101.976 98.5771 95.9241 95.6528 91.6728 90.0754 86.6193 84.409 82.2509
threshold=2.2787679433822636 0.83460485935211193 1.4266651272773745 -0.80048599839210499 5.2503130435943612 3.7617185115814213 -0.92230823636054982 1.4266651272773745 5.2343277931213388 1.4266651272773745 -1.5182844996452329 0.44698075950145727 1.7201604843139651 1.6664108037948611 -0.54113849997520436 -1.5182844996452329 1.7201604843139651 1.4266651272773745 1.5695843100547793 1.7055202722549441 0.81407782435417186 0.41960529983043676 1.4537268280982973 0.78714978694915783 1.538560748100281 1.4266651272773745 1.6064578890800478 -2.7967206239700313 -1.270690321922302 -2.1585329771041866 -0.40094792842864985 5.2589781284332284 1.6664108037948611 -0.52179887890815724 5.2655460834503183 0.048537759110331542 0.17162030935287478 1.5268649458885195 1.447408974170685 -2.6129113435745235 0.82999390363693248 5.2760357856750497 0.86353448033332836 0.81407782435417186 -0.69551879167556752 -1.493541896343231 5.4270620346069345 0.050733126699924476
decision_type=2 2 2 2 2 2 2 2 2 2 2 2 2 2 2 2 2 2 2 2 2 2 2 2 2 2 2 2 2 2 2 2 2 2 2 2 2 2 2 2 2 2 2 2 2 2 2 2
left_child=1 3 6 7 10 9 23 15 36 14 39 17 13 24 40 -1 25 33 -9 32 -17 34 -7 -3 38 30 37 -22 -11 -25 -12 42 -20 -6 -10 47 -8 -27 -4 -5 -2 -35 -16 -32 -19 -26 -24 -29
right_child=5 2 12 4 11 22 8 18 21 28 16 -13 -14 -15 31 20 -18 44 19 -21 27 -23 46 29 45 26 -28 35 -30 -31 43 -33 -34 41 -36 -37 -38 -39 -40 -41 -42 -43 -44 -45 -46 -47 -48 -49
leaf_value=0.20785668643378818 -0.071548406315321014 0.055358263426367384 0.075706287968661287 0.50465798728238487 0.050920101101367125 -0.33313763550234238 0.046480748607378414 0.22239610279154567 -0.079922121780264185 -0.14953155638440635 0.18811406204222875 0.18643993755679886 0.7203667006642448 -0.10217209208980406 0.10603517163043392 0.13191418407695585 0.61237516213904919 0.20033416996982892 0.083880789935384198 0.47378017430672931 -0.14000971088961045 0.038514927344498955 -0.090046804400276542 -0.24370921217565666 -0.015283503949806092 0.31232049499672337 0.091881473922427376 -0.010446368370486027 0.054165845512186103 -0.1343317197648049 0.2148960689512775 -0.23981024041850599 -0.11212532221656299 -0.048994603081651489 -0.19018792691443487 0.049890787953434636 -0.070956901317827822 0.21003467918477989 0.23673436999807093 0.29896087067707444 -0.27245467332804391 -0.17085974379575739 -0.095295231103519507 0.1147120031203368 0.043326178603759202 0.10871651587471555 -0.26131613562705786 -0.087181418901707428
leaf_weight=1937.9214141145349 664.63122914358974 1147.5791667103767 1331.7244488149881 739.26675027608871 2841.3020572438836 15094.779623419046 22609.273143678904 5635.5823234096169 5362.9581248387694 1410.3896628171206 13503.183132663369 3833.4755492508411 297.39091637730598 2432.7962018474936 653.12570036202669 2827.6417813897133 406.0325354039669 1536.0234030634165 4795.594211153686 507.33737572282553 2921.0276781991124 2438.0972302928567 1327.5712661035359 4842.6343166641891 1709.8916687890887 5525.2829649299383 5278.350086838007 16910.239899806678 3799.2480522617698 13647.647520277649 2492.905606970191 1909.5323463268578 1319.8473094254732 5305.9587344378233 4559.7218565195799 6512.356033153832 2200.9267112761736 5098.415173843503 4936.8038665950298 3567.297185972333 8756.6818887926638 2333.0297586917877 5839.5154389441013 29111.057764530182 2280.0608904510736 7801.9152631610632 1603.6973388791084 4407.2300841882825
leaf_count=7010 4411 5135 4878 2340 11476 137162 93063 18676 23586 8278 44509 12814 1052 9265 3517 9803 1249 5016 16010 1687 14698 9817 10385 29319 7623 16955 16364 68270 18618 70076 7838 12555 4437 21584 24454 27279 10659 15678 17969 11302 62195 10960 35749 103750 7370 27928 14818 19403
internal_value=0 0.0612778 -0.0159182 0.105455 0.143109 -0.218088 -0.0573537 0.0393538 -0.00827104 -0.146968 0.173326 0.0335381 0.111216 0.101204 -0.189631 0.00367491 0.162011 -0.00743674 0.142678 0.0747431 -0.00810002 -0.0972475 -0.308921 -0.150228 0.132593 0.158996 0.206445 -0.0209949 -0.0009027 -0.163017 0.142253 -0.112503 0.0414852 -0.0490468 -0.130656 -0.00848054 0.0360402 0.263304 0.202622 0.334496 -0.258344 -0.0862965 -0.0749522 0.122637 0.106691 0.0863738 -0.183976 -0.0263376
internal_weight=0 206946 75319.4 131626 83851.6 41059.2 56808.8 47774.8 37171 23033.1 65721.8 18129.9 18510.5 18213.1 17823.5 35516.4 61415.2 14296.4 12258.4 6622.78 33578.5 12360.8 18026 19637.9 15780.3 61009.2 15902 30750.9 5209.64 18490.3 45107.1 8402.17 6115.44 10480.3 9922.68 27829.8 24810.2 10623.7 6268.53 4306.56 9421.31 7638.99 6492.64 31604 3816.08 9511.81 2931.27 21317.5
internal_count=1118990 811302 334824 476478 289205 307688 266109 187273 161579 145323 219985 69220 68715 67663 118427 146463 206343 56406 40810 22134 139453 57857 162365 104530 58398 205094 48997 129650 26896 99395 156097 51821 20447 44020 48040 114952 103722 32633 22847 13642 66606 32544 39266 111588 12386 35551 25203 87673
is_linear=0
shrinkage=0.5


Tree=10
num_leaves=49
num_cat=0
split_feature=3 16 16 10 3 16 7 10 2 1 15 2 10 2 10 10 16 1 15 15 15 0 15 2 1 16 7 7 15 15 11 2 2 2 16 11 7 11 9 3 7 0 1 7 7 10 10 10
split_gain=13717.7 11624 3057.58 3031.97 2028.93 1778.38 1574.01 1253.62 1251.38 1101.47 929.385 924.524 705.054 690.135 651.404 580.676 558.621 734.935 537.86 515.931 515.871 475.804 444.348 372.751 346.808 382.56 340.736 336.148 322.976 298.564 286.688 264.681 262.297 256.373 247.391 246.622 243.343 241.027 223.362 223.008 214.279 192.071 191.994 185.914 179.143 165.688 158.783 152.174
threshold=0.063188455998897566 -1.8915460109710691 -1.0245733857154844 4.7065675258636483 0.16710986942052844 -2.7967206239700313 0.055398512631654746 4.3694505691528329 -0.063364341855049119 0.35018831491470342 5.2267448902130136 -0.03505421616137027 4.3694505691528329 0.17395911365747455 3.1951947212219243 1.339723587036133 -2.1874451637268062 0.43782307207584387 5.2559525966644296 5.2509696483612069 5.2320768833160409 0.52047124505043041 5.2503130435943612 -0.16771378368139264 0.27502125501632696 -3.4807827472686763 0.022782258689403537 0.02870279457420111 5.2683823108673105 5.259615659713746 1.188361704349518 -0.032992046326398843 -0.032992046326398843 -0.045914253219962113 -1.0497568249702451 1.2228970527648928 0.038853978738188751 1.2553511857986452 -0.0036436269292607899 0.26370456814765936 0.02423601504415274 0.81908172369003307 0.42858774960041052 0.032107325270771987 0.10581994801759721 3.0444197654724126 8.9519414901733416 4.7065675258636483
decision_type=2 2 2 2 2 2 2 2 2 2 2 2 2 2 2 2 2 2 2 2 2 2 2 2 2 2 2 2 2 2 2 2 2 2 2 2 2 2 2 2 2 2 2 2 2 2 2 2
left_child=1 5 14 6 7 24 8 11 19 12 32 18 21 15 16 39 -2 26 30 23 35 -7 -9 -3 25 -1 41 33 -17 36 43 -8 -5 -23 -12 45 38 -25 -13 -6 47 -18 -11 -4 -33 -10 -34 -27
right_child=2 3 4 10 13 9 31 22 20 42 34 29 -14 -15 -16 28 17 -19 -20 -21 -22 27 -24 37 -26 40 -28 -29 -30 -31 -32 44 46 -35 -36 -37 -38 -39 -40 -41 -42 -43 -44 -45 -46 -47 -48 -49
leaf_value=0.37961192450679954 0.36375203623336527 0.10486887756608664 0.0038858252768839388 0.32307277465973727 0.062200951836417141 -0.14604888065986116 0.17167995705376454 0.32073785457989418 -0.26973009663846381 0.31738936969956938 0.069237129353249632 0.12846078904857652 0.24280588078989226 -0.032783151642083147 0.38861192555681112 0.33923804794295842 -0.086106086708696822 0.35310098420493302 -0.16968083219301514 -0.26682354649834383 -0.32812467523066929 0.14444853964841781 -0.07552427468148433 -0.14894960975328558 0.58237978561405213 0.12844946091590495 0.24779386608945167 0.22671693660869993 0.010939440332412422 -0.29392235243129966 0.23820758172672729 -0.11480499758411659 0.033606245805380325 -0.067826122835363975 -0.2059772675150186 -0.17190981762984597 0.07256965474929683 0.028659809713368518 -0.15363488953128809 0.22849158247973364 0.36320110776238568 0.093378002830386025 0.69567106858449479 0.21541074027086976 0.13433549043631979 -0.14730358064142998 0.25822934075462461 0.3457827052869234
leaf_weight=4274.4561555832624 5167.0651949942112 2248.1840477660298 5121.2243712469935 2324.2057962119579 4923.345947496593 5982.7383649200201 2052.3686290755868 3390.5738550424576 32857.185761548579 1452.4558831900358 1165.606655113399 754.25973001122475 2658.5412402153015 2976.8355325683951 8854.0591583102942 8754.6280658319592 2160.0068235397339 3911.0440757796168 2198.0301743596792 5108.4732170552015 25672.836404174566 1921.5393270477653 891.07387012243271 10281.595695812255 880.8541504740715 5984.5593395531178 2669.0941958725452 1831.0375248864293 822.78022322058678 2521.413403891027 2822.8889484554529 2825.1235865280032 2416.1094270348549 5462.3832191005349 2704.4699191153049 10456.625924557447 1666.6363293528557 2340.0881407447159 9614.467762991786 3428.2216742485762 1564.8180498927832 4791.8236186802387 441.82358024269342 1303.7766052559018 966.47829271107912 3042.4150540456176 1170.5705445557833 934.83484300971031
leaf_count=14838 18436 9178 21569 9032 17560 30070 8943 12734 221414 6201 5597 3821 10489 10435 35935 32830 10292 14279 9624 31005 177227 7569 3592 56819 3169 22360 9760 6906 3026 13309 10854 14797 11361 24573 14311 64865 6978 11825 51900 11414 5756 18049 1600 4763 3806 15792 5008 3319
internal_value=0 -0.118013 0.142503 -0.197969 0.0702034 0.139706 -0.224502 -0.0124874 -0.240484 0.0437793 0.0674181 -0.0537854 0.00528278 0.190009 0.276802 0.227028 0.223815 0.170321 0.0525037 -0.129707 -0.271201 -0.0362476 0.238155 -0.0825523 0.278562 0.257503 0.0959373 0.0349938 0.311091 -0.137392 0.105379 0.0270379 0.192151 -0.0125055 -0.122961 -0.239659 -0.104536 -0.115981 -0.133056 0.13054 0.195887 0.0375341 0.406204 0.0469136 -0.0511486 -0.259373 0.107107 0.15793
internal_weight=0 141022 78743.2 107632 51190.2 33390 97851.4 30284.3 92007.4 19750.5 9780.96 26002.7 17856.2 20905.8 27553.1 17929 18699 13532 11445.9 19978.3 72029.1 15197.7 4281.65 14869.9 13639.5 12758.7 9620.92 9214.96 9577.41 14556.8 9247.89 5843.97 5910.89 7383.92 3870.08 46356.2 12035.4 12621.7 10368.7 8351.57 8484.21 6951.83 1894.28 6425 3791.6 35899.6 3586.68 6919.39
internal_count=1118990 797830 321160 660980 214409 136850 615671 139144 588125 87408 45309 122818 79607 75265 106751 64830 70816 52380 46810 108827 479298 69118 16326 77822 49442 46273 38101 39048 35856 76008 37186 27546 25401 32142 19908 302071 62699 68644 55721 28974 31435 28341 7801 26332 18603 237206 16369 25679
is_linear=0
shrinkage=0.5


Tree=11
num_leaves=49
num_cat=0
split_feature=13 16 14 8 8 3 14 10 13 6 14 8 8 8 10 14 10 13 13 16 8 4 0 1 14 10 1 16 13 8 16 10 16 1 6 16 10 1 16 8 16 16 6 1 10 9 0 8
split_gain=6782.47 2398.55 1619.74 1116.07 1192.35 968.162 854.597 802.234 795.366 687.279 630.434 504.241 577.416 450.122 418.732 621.723 388.099 363.004 334.922 316.556 285.781 267.623 257.67 233.671 231.276 266.359 223.693 210.543 205.438 203.168 194.274 193.07 185.955 209.897 185.172 184.737 174.01 157.185 191.659 155.787 154.763 153.07 151.04 145.327 144.164 141.123 140.603 139.653
threshold=-0.57402685284614552 -0.78830707073211659 2.2538310289382939 0.11092810705304147 -0.053293824195861809 0.20867940783500674 2.4656004905700688 3.9925955533981328 -0.22238310426473615 0.050392718985676772 5.5699808597564706 -0.0509224385023117 0.035256654024124152 0.030583035200834278 3.9136389493942265 4.3715484142303476 -0.89294105768203724 -0.17039158195257184 0.44695764780044561 -0.63410133123397816 0.071779105812311186 0.1079314947128296 0.76592689752578746 0.45399866998195654 6.5475947856903085 3.4235346317291264 0.4362910687923432 -0.65675517916679371 0.39848034083843237 0.044286543503403671 -2.5703328847885127 0.52603846788406383 0.60491245985031139 0.4573762863874436 0.15027511864900592 0.20087748020887378 4.0755205154418954 0.36851215362548834 -2.3454419374465938 -0.078195594251155839 0.36637790501117712 0.44698075950145727 0.097457390278577818 0.46075534820556646 3.689014315605164 -0.0048465090803802005 0.81908172369003307 0.060639301314949996
decision_type=2 2 2 2 2 2 2 2 2 2 2 2 2 2 2 2 2 2 2 2 2 2 2 2 2 2 2 2 2 2 2 2 2 2 2 2 2 2 2 2 2 2 2 2 2 2 2 2
left_child=1 9 11 4 18 6 23 10 13 14 32 28 17 27 15 37 -10 -13 39 24 26 -7 -5 35 44 -26 30 -6 -2 31 -17 -21 33 42 43 -3 -15 38 -1 -4 -9 -25 -8 -12 -18 -29 -19 -11
right_child=2 5 3 22 8 21 7 40 16 47 34 12 -14 36 -16 20 19 46 -20 29 -22 -23 -24 41 25 -27 -28 45 -30 -31 -32 -33 -34 -35 -36 -37 -38 -39 -40 -41 -42 -43 -44 -45 -46 -47 -48 -49
leaf_value=-0.24848448525679429 -0.19800602733812464 -0.084631202361617544 -0.16654633276806444 -0.00077745643317976294 0.052555202868624619 -0.27930343359499854 0.07521491778969841 -0.17066766938212302 0.020470947169189922 -0.2472839802289804 0.26031265340696985 -0.015553293695312997 -0.076209593625433808 0.0056208891066754172 -0.27174592614179138 -0.12012004438681663 0.1229767827348691 0.12100757770932587 0.15762689005130009 0.17870632920751209 -0.2231633599325524 -0.0095015187583264143 -0.20384840721230982 -0.20496238677347059 0.28751643364792034 0.069614898548316664 -0.16380624176191594 -0.16573263495378088 0.039747599742373678 0.13106820672408295 0.11825787180972827 0.2719102751333442 0.13549206448361484 -0.081273913692528815 -0.085681876905501692 0.051431894258941867 -0.20924157342601502 -0.24408155962667277 -0.10106483716818364 -0.023838066112657482 0.021061024338655518 -0.057224022010250397 -0.11591455866869257 0.13106081620017426 -0.079450283129335525 0.16310881653466963 0.023721163554911738 -0.36552907138728741
leaf_weight=2962.503717944026 4019.6689738184214 7587.9583158716559 3142.1109415888786 3678.64260340482 8031.8596376106143 4355.1185153871775 7322.474639005959 4228.2610216662288 3450.961210809648 7816.4434200115502 5141.2442003823817 11314.432364232838 11265.678449079394 6139.17062535882 5160.3835677988827 1035.9599538221955 13117.077162340283 14858.316685989499 1823.1026270389557 8083.8697817474604 1250.5948669984937 1169.9142770878971 2720.3862659186125 4988.0412227287889 4702.6593964993954 2008.8858847022057 1164.0097963213921 332.29228704422712 1169.2068089991808 4806.4516054838896 4822.5603900961578 18125.511122480035 3156.8024570122361 4943.5681362897158 579.01997021958232 3710.7157608792186 1111.3381646797061 5084.2023511715233 8721.8248916119337 4910.52269102633 1395.0527773573995 2721.4559585601091 1200.8277286589146 3812.3030154854059 939.02742360532284 13141.423802554607 4970.375204667449 3724.9298733174801
leaf_count=18543 16716 40037 11703 13821 32379 36374 33659 23565 12212 56256 23438 47552 47180 25837 36426 7312 45607 54701 5779 27030 9802 7813 12303 26332 15815 6894 8012 1233 3942 17367 27756 60552 12602 24167 4648 16248 4968 29681 48358 18428 5913 11831 7172 18624 3256 47090 18097 33959
internal_value=0 -0.0908635 0.0787223 0.114778 0.128554 -0.0235241 -0.00188875 0.0482619 0.147879 -0.181691 0.0851079 0.00275831 0.020771 0.0804095 -0.14199 -0.115221 0.182993 0.0558701 -0.0357433 0.193814 -0.00299508 -0.222276 -0.0872045 -0.0857595 0.145957 0.222389 0.0361682 0.116735 -0.144339 0.225836 0.076007 0.24319 0.0262873 0.000643072 0.187618 -0.0399005 -0.027268 -0.170557 -0.138503 -0.0795982 -0.123019 -0.15289 0.048218 0.205356 0.109413 0.15495 0.0966488 -0.285519
internal_weight=0 98056.2 147863 100265 93866.3 56312.8 50787.7 31779.6 83990.5 41743.4 26156.2 47597.7 42408.8 28756.1 30202 25041.7 55234.4 31143.1 9875.74 51783.5 8273.13 5525.03 6399.03 19008.2 20767.6 6711.55 7022.53 21505.6 5188.88 31015.8 5858.52 26209.4 16623.7 13466.9 9532.57 11298.7 7250.51 16768.5 11684.3 8052.63 5623.31 7709.5 8523.3 8953.55 14056.1 13473.7 19828.7 11541.4
internal_count=1118990 568528 550462 362274 336150 292423 248236 153788 300240 276105 124310 188188 167530 111507 185890 149464 188733 120350 35910 176521 52882 44187 26124 94448 71572 22709 43080 80702 20658 104949 35068 87582 77600 64998 46710 56285 30805 96582 66901 30131 29478 38163 40831 42062 48863 48323 72798 90215
is_linear=0
shrinkage=0.5


Tree=12
num_leaves=49
num_cat=0
split_feature=15 16 15 16 16 16 15 15 16 8 8 13 15 13 16 6 0 16 6 8 15 3 8 13 16 13 8 13 8 13 3 11 15 16 6 14 8 13 8 11 6 15 13 11 8 8 16 8
split_gain=16609.4 7936.15 2240.88 2633.69 1307.6 1154.23 1142.84 1071.59 908.213 836.659 733.349 626.101 559.432 527.833 443.301 411.43 344.991 330.858 313.964 253.61 239.819 227.192 203.053 360.604 192.208 190.465 217.347 167.621 202.456 156.523 150.028 137.427 133.117 132.83 126.25 125.816 123.236 111.098 101.672 100.886 98.5205 93.8474 92.1451 91.9203 84.261 79.3025 77.1371 72.6981
threshold=5.2095994949340829 -0.84905064105987538 5.2571423053741464 -1.1426810026168821 0.63434946537017833 -0.21770174801349637 5.1587140560150155 5.1270198822021493 -1.3628306388854978 0.098862431943416609 0.040516963228583343 -0.56724566221237172 5.2755038738250741 -0.43094250559806818 -0.34992541372776026 0.059167370200157172 0.7553175985813142 -0.70413324236869801 0.11299000307917596 0.096153162419796004 5.2335886955261239 0.14084994792938235 0.040516963228583343 -0.56724566221237172 0.69430947303771984 -0.92765018343925465 -0.066624470055103288 -0.89313110709190358 -0.044666152447462075 -0.49856063723564142 -0.054824125021696084 1.0558299422264101 5.1163475513458261 -1.1980597376823423 0.0076527781784534463 4.5016665458679208 0.093533415347337737 -0.8816738724708556 0.060639301314949996 1.1509620547294619 0.0076527781784534463 5.0916020870208749 0.77957102656364452 1.2307695150375368 -0.075498204678297029 0.077596317976713194 0.80300229787826549 0.020848414860665802
decision_type=2 2 2 2 2 2 2 2 2 2 2 2 2 2 2 2 2 2 2 2 2 2 2 2 2 2 2 2 2 2 2 2 2 2 2 2 2 2 2 2 2 2 2 2 2 2 2 2
left_child=1 7 5 10 12 9 32 8 16 18 27 -12 31 -11 -8 19 35 -14 22 30 -7 -19 25 -24 39 26 -2 28 -4 -21 -9 37 -3 -15 -18 -1 -13 -5 -17 -22 -32 -10 -38 -27 -29 -16 -6 -23
right_child=2 6 3 4 46 20 14 15 41 13 11 36 17 33 45 38 34 21 -20 29 24 47 23 -25 -26 43 -28 44 -30 -31 40 -33 -34 -35 -36 -37 42 -39 -40 -41 -42 -43 -44 -45 -46 -47 -48 -49
leaf_value=0.075981119409529771 -0.40908810051406425 -0.37779274742969787 -0.45661849492028983 0.091794246000424976 -0.01897107168910464 -0.13372009041351912 -0.09614296366908269 0.17923176688170037 -0.29121393479690522 -0.31415811366483681 -0.35017501243826316 0.087625921050848238 0.19142528822907165 -0.068910418238910698 -0.26612043434995503 -0.076738436767305782 -0.029744120396622626 0.3526558613017553 -0.13387656161538358 -0.25207250364154449 -0.022418963712204604 0.72762838497572135 -0.10716481731010286 0.12382754749138174 -0.17937863050240274 0.13434687307216106 0.067960331239438718 -0.12976009724736012 0.017660564215296898 0.002724327113455004 0.086218174225735633 0.25981386856066635 -0.30902387429096118 0.16438230614753094 -0.19066407409347738 -0.045902150509754873 -0.20643237279217197 0.20748542069304873 -0.28122816916106841 0.092752780196351081 0.018523543371274841 -0.17274490564605655 0.10341551280371414 0.19903730099602313 0.1257378545041638 -0.097036268135481427 -0.19698408651624541 0.39824046569008431
leaf_weight=5510.607525061816 250.47725551575422 20336.785906735808 248.88825671747327 2592.9557796604931 1235.5018519721925 6778.2836668416858 6845.0341953523457 3021.677313156426 4608.2578014805913 1912.6113150883466 2115.743874669075 1801.7661164812744 3263.6036554835737 1354.7897008024156 11299.276390992105 2414.3482183851302 1928.5335638076067 13802.148309603333 1258.4664956964552 940.3171902783215 5440.1797910109162 559.51874780282378 2573.8373508378863 4906.4298505112529 1449.9439163357019 23282.72552645579 4651.4971307590604 332.2356431260705 2246.3079904615879 1665.1193300150335 14217.367379050702 11570.204047817737 10997.58662317507 1106.3210519142449 3351.1241859998554 3432.0506781507283 856.44911957159638 10796.884455408901 817.47800479643047 2918.6729378588498 8676.5670196842402 2676.6059158109128 330.06834305822849 7255.6186748482287 8830.3959802985191 750.55208649858832 1211.9349103346467 257.39113119989634
leaf_count=19900 1317 151875 1315 10750 6160 42782 33828 10347 23416 17462 14500 5831 11461 5755 81926 16816 9909 46056 10038 7830 26257 2681 12049 17568 9804 83311 19209 1072 9117 7478 53728 41054 79069 4240 26185 14406 3638 37290 9910 12564 37973 12968 1244 24843 29182 5102 6264 1510
internal_value=0 -0.152519 0.117239 0.18524 0.247906 0.0524528 -0.295094 -0.018044 -0.104223 0.0913583 0.0158837 -0.142121 0.268215 -0.117169 -0.197893 0.0403135 -0.0306418 0.335778 0.112016 0.0594852 -0.0613979 0.367954 0.11924 0.0442763 -0.0113607 0.135047 0.043404 0.0851102 -0.029611 -0.0891029 0.0744457 0.219777 -0.353683 0.0357807 -0.131995 0.0291484 0.00508529 0.185128 -0.128689 0.0177422 0.0605864 -0.247784 -0.119803 0.149739 0.116406 -0.255639 -0.107369 0.62507
internal_weight=0 103489 127192 62052 45290.1 65139.9 50229.2 53260.1 21507.2 48552.8 16761.9 5104.03 42842.7 4373.72 18894.9 31752.9 14222.3 17882.7 44179.1 28521 16587.1 14619.1 42920.6 7480.27 9808.8 35440.3 4901.97 11657.8 2495.2 2605.44 25915.6 24960 31334.4 2461.11 5279.66 8942.66 2988.28 13389.8 3231.83 8358.85 22893.9 7284.86 1186.52 30538.3 9162.63 12049.8 2447.44 816.91
internal_count=1118990 602666 516324 229125 163226 287199 351800 250866 106784 195792 65899 25213 150802 27457 120856 144082 70400 61708 168335 117356 91407 50247 158297 29617 48625 128680 20526 40686 10432 15308 102048 89094 230944 9995 36094 34306 10713 48040 26726 38821 91701 36384 4882 108154 30254 87028 12424 4191
is_linear=0
shrinkage=0.5


Tree=13
num_leaves=49
num_cat=0
split_feature=11 10 11 12 10 12 11 12 11 12 12 11 12 11 11 12 12 12 11 11 11 11 12 12 12 11 12 10 12 10 11 12 11 12 12 12 11 11 12 16 10 16 10 12 11 11 12 12
split_gain=5143.45 3087.95 1853.89 1721.56 973.474 854.809 1600.09 2002.57 1253.23 852.184 638.416 857.594 637.401 1687.36 1526.76 1439.64 1355.97 959.299 1351.12 759.672 627.384 598.206 1501.36 606.419 585.262 728.151 554.1 515.839 378.633 322.688 319.395 1176.88 426.408 311.848 304.712 518.105 379.832 301.791 280.466 279.492 256.862 223.413 222.73 203.55 194.638 175.348 1132.52 298.099
threshold=1.2049956917762759 2.5282618999481206 1.3748100996017458 1.2362237572669985 1.0796346068382265 1.1048098206520083 1.0086557269096377 0.8852829933166505 0.88335803151130687 1.7201604843139651 1.4313648939132693 1.0744707584381106 1.6568915843963625 0.77109220623970043 0.6777341663837434 1.5083274841308596 1.4733581542968752 1.6154614090919497 0.52025413513183605 0.90094098448753368 1.024778485298157 0.55000519752502453 1.2192504405975344 1.3567180037498476 1.3372861146926882 1.2816583514213564 0.8852829933166505 4.5919899940490732 0.87785089015960704 1.0187018513679507 1.302752733230591 1.1329593658447268 1.3287029862403872 0.95270204544067394 0.90482649207115184 1.0003642439842226 0.74238738417625438 0.72308927774429332 1.4733581542968752 -1.2847392559051511 0.74536618590354931 -1.1293942928314207 2.4972664117813115 1.5014863014221194 0.53833347558975231 0.76139572262763988 1.5645944476127627 1.6154614090919497
decision_type=2 2 2 2 2 2 2 2 2 2 2 2 2 2 2 2 2 2 2 2 2 2 2 2 2 2 2 2 2 2 2 2 2 2 2 2 2 2 2 2 2 2 2 2 2 2 2 2
left_child=1 5 3 4 28 6 7 -1 34 10 21 12 14 -14 16 19 44 43 -19 -16 45 22 -7 29 25 -5 -8 39 -2 -23 -30 -32 -33 -10 -9 40 -37 -25 -21 -3 41 -36 -6 -18 -12 46 -17 -47
right_child=2 27 -4 24 42 9 26 8 33 -11 11 -13 13 -15 15 20 17 18 -20 38 -22 23 -24 37 -26 -27 -28 -29 30 -31 31 32 -34 -35 35 36 -38 -39 -40 -41 -42 -43 -44 -45 -46 47 -48 -49
leaf_value=0.086995059923846235 0.064145668905641481 -0.19734178877500261 0.49212586209857467 0.044765024618615541 -0.20964131263630362 0.37060362475104491 0.16228720375124159 0.2454959682987771 0.42482893485116446 0.4903874640716881 -0.1643605813801155 0.58860869708846797 -0.10304729780209065 0.80861686220048468 0.39317570700058641 0.51077453588431132 0.2242456628356316 0.51985489766364512 -0.049329460458733584 0.20530450234546779 0.66023714755481888 0.040888541814216195 -0.15244547665077249 -0.0034308789239563577 0.84003614876947341 0.84389956055206083 -0.025788005841835066 -0.25105494437670312 -0.077331168730281966 -0.049399052256949842 -0.24174216339779292 0.13821750990839432 0.9580434983259899 0.092317322856945022 1.000496537365039 0.58694899109636445 0.24929555739629469 0.18022003609776543 -0.064059275000496629 -0.035099424481081429 0.9931336510649631 0.52958814078514671 -0.32056844347375374 0.42567037982923051 0.097675263673561372 -0.11351644244595679 -0.087194282948530669 0.087132100181727831
leaf_weight=12225.100494854152 2964.4914401471615 3631.093133924529 1176.9428684879094 2192.4989028610289 12250.100708486512 1579.1258346438408 5515.4729150831699 887.77587883174419 907.5878785662353 1105.0323024392128 2038.5208876729012 851.85049286484718 7791.4165437445045 541.85245997458696 3414.0030603259802 978.36515717953444 1533.4743010774255 1472.073748268187 3563.3557442873716 1911.6190025210381 313.55220236629248 31811.744332041591 10396.533347219229 2915.9125657528639 348.54745651781559 326.97982588410378 13489.611542031169 6396.7791815176606 14334.883790206164 14360.346334408969 9175.8667565770447 442.61981060728431 248.11834939569235 3183.1962697803974 324.1115098297596 1893.9492494687438 1502.730629183352 9531.2374332472682 1948.6470270007849 9905.9001494720578 730.9660967849195 1214.2751074284315 7239.1559437587857 7289.0029304027557 1082.7212629020214 11491.170530587435 4132.0734076276422 2202.874868273735
leaf_count=44107 10968 33863 4438 11458 77465 6096 20233 3395 3383 3706 6910 2794 27869 1802 11243 3206 5039 4939 12354 6356 1024 118053 41326 11119 1253 1170 58261 82813 64658 72607 44856 1929 939 12435 1271 6957 5665 35822 6504 69569 3017 3856 83598 24168 3629 39111 14238 7518
internal_value=0 0.0519186 -0.127726 -0.142476 -0.165597 0.0742328 0.136022 0.225121 0.383686 0.0534048 0.0494757 0.0912006 0.0829847 -0.0436184 0.107322 0.032053 0.224281 0.291343 0.117039 0.221363 -0.0399596 0.0184044 -0.0834086 0.039214 0.233392 0.148969 0.0287727 -0.134021 -0.104386 0.0127962 -0.125052 -0.194318 0.434387 0.166297 0.519254 0.562008 0.437832 0.13716 0.0692199 -0.0786668 0.747377 0.629711 -0.250884 0.390746 -0.0733012 -0.051696 0.0272632 -0.0811989
internal_weight=0 186065 50700.2 49523.3 46655.2 166131 41874.8 22869.7 10644.6 124257 123151 52556.6 51704.7 8333.27 43371.5 26392.3 16979.1 13857.9 5035.43 7274.27 19118 70594.9 11975.7 58619.2 2868.03 2519.48 19005.1 19933.8 27166 46172.1 24201.5 9866.6 690.738 4090.78 6553.81 5666.03 3396.68 12447.1 3860.27 13537 2269.35 1538.39 19489.3 8822.48 3121.24 18804.5 5110.44 13694
internal_count=1118990 816258 302732 298294 284413 630013 162580 84086 39979 467433 463727 178704 175910 29671 146239 89200 57039 46500 17293 24103 65097 285023 47422 237601 13881 12628 78494 186245 123350 190660 112382 47724 2868 15818 24161 20766 12622 46941 12860 103432 8144 5127 161063 29207 10539 64073 17444 46629
is_linear=0
shrinkage=0.5


Tree=14
num_leaves=49
num_cat=0
split_feature=13 8 6 8 15 15 14 14 13 2 13 8 14 13 0 16 8 15 8 2 14 16 13 16 16 0 13 8 15 8 8 16 13 15 8 15 14 16 8 15 2 2 15 8 2 15 14 3
split_gain=8026.43 5408.19 3016.23 2883.21 1578.88 1230.38 1152.19 1111.57 753.476 727.94 694.951 637.285 626.055 522.494 464.36 461.608 455.044 422.097 398.796 390.984 356.455 337.768 325.083 317.766 297.722 283.466 282.633 269.465 268.414 244.531 242.838 232.472 230.833 229.385 227.509 225.398 210.507 185.174 182.637 180.304 180.112 176.207 171.382 167.683 159.546 153.081 148.346 146.598
threshold=-0.56724566221237172 0.044286543503403671 0.014784693252295257 0.10445404425263406 5.2171387672424325 5.1499998569488534 2.5643773078918461 3.1566095352172856 -0.15977662801742551 1.0000000180025095e-35 0.098538830876350417 -0.042768001556396477 3.4955070018768315 -0.92321011424064625 0.81608861684799205 -2.7493008375167842 0.20001861453056338 5.1779921054840097 0.11821465566754343 -0.2641021460294723 3.3630959987640385 -2.9637310504913326 -0.91610318422317494 -2.4497064352035518 -2.9050465822219844 0.56518408656120311 -0.87857630848884571 0.019057235680520538 5.2571423053741464 0.16772010177373889 0.019057235680520538 -1.0762537121772764 0.77957102656364452 5.1647019386291513 -0.11616110429167746 5.1549952030181894 2.7188066244125371 -0.32779800891876215 0.036932280287146575 5.2147040367126474 0.0069471735041588554 0.0026714564301073556 5.1952354907989511 -0.075498204678297029 -0.093079488724470125 5.259615659713746 6.5475947856903085 0.026055434718728069
decision_type=2 2 2 2 2 2 2 2 2 2 2 2 2 2 2 2 2 2 2 2 2 2 2 2 2 2 2 2 2 2 2 2 2 2 2 2 2 2 2 2 2 2 2 2 2 2 2 2
left_child=1 2 5 4 7 20 13 15 29 17 14 43 18 -4 34 -2 39 -8 25 -13 -1 -12 37 -21 -6 -3 -19 47 36 46 45 42 -18 -15 -9 -24 -25 -11 -26 -10 -22 -36 -14 -7 -17 -28 -5 -16
right_child=3 12 6 8 24 11 9 10 16 22 21 19 31 33 27 44 32 26 -20 23 40 -23 35 28 38 -27 30 -29 -30 -31 -32 -33 -34 -35 41 -37 -38 -39 -40 -41 -42 -43 -44 -45 -46 -47 -48 -49
leaf_value=-0.074483276290119499 0.063579468315575954 -0.11096013986098636 0.078770595765229157 0.10027871931894233 -0.090432850788186983 0.37801875296580428 0.26139671243078999 0.49071007227455465 0.028239110053978254 0.19956636789256801 0.19818103361126141 0.12546683161833003 0.27574137236268875 -0.0089563249163852818 -0.094993164333669625 -0.11048315845989945 0.51264070327458611 0.19053981295964559 0.27743733206528726 -0.048741405140144058 0.17163679003254073 -0.19865048056695719 0.082000726167762827 -0.25994788182507428 -0.3373846622038002 0.13156795767968502 0.034878332510784482 0.27604758462173629 -0.3074498453067035 0.50945718010225727 0.24386551625567898 0.2290745996659484 0.04434846156310495 -0.16787102152955044 -0.0041299684052982042 -0.081232293740910302 -0.1370733455695832 0.0094100103257470855 -0.23956844436353619 -0.18238231431412136 0.0060241607746660706 -0.14514520604681319 0.40351847834711413 0.013579413654382536 -0.26169280389379834 -0.18353997035006789 0.35690828338691011 0.12090219633276983
leaf_weight=5064.7918840385973 1305.7892375439405 1547.8752968050539 5882.8690753281116 1282.1977606825531 1705.6384879127145 364.00183943286538 9517.6018129885197 182.70471199601889 2019.1639174856246 3643.3520532920957 573.26654210686684 932.13449411839247 4696.9242181628942 3591.0418177172542 1242.4900859072804 1984.7193352617323 555.15731950849295 6198.6755948476493 3896.8212681263685 2905.6970904022455 3858.055559374392 7892.3436794355512 3368.0555737502873 5873.9661848768592 15753.420204127207 5398.033777192235 3005.3495417833328 1920.6329020150006 6788.7571897804737 1015.6242826841772 1072.0554644688964 6712.4561611562967 504.66821234673262 6208.2553050890565 4672.3603746592999 5674.3431547097862 8658.8965393602848 1982.4734106399119 6931.4495103470981 2036.9001081138849 2868.5261525660753 4224.6516448259354 6093.5938885994256 2359.9889159873128 15312.489920349792 1092.2724200114608 1015.0869586318731 2131.267188206315
leaf_count=27186 4768 9108 24160 6384 6125 1536 40224 816 10465 14921 1911 3826 22674 16133 7888 11408 2117 26596 14458 10948 16684 69018 13887 39510 141008 20758 12658 8622 51609 3938 4407 28702 2156 32679 28927 26026 47336 8197 51418 11840 13231 31814 28662 11882 130639 5136 4100 10494
internal_value=0 0.0532244 -0.00622609 -0.156169 -0.191424 -0.109726 0.0739098 -0.131993 0.11912 0.123709 -0.0580569 -0.166985 0.243907 -0.0389621 0.00884492 -0.222733 -0.0010934 0.183669 0.149384 -0.191862 0.0256374 -0.171699 0.0382909 -0.204096 -0.292374 0.0774411 0.118535 0.126551 -0.225241 0.304853 0.0320806 0.302421 0.290372 -0.109693 -0.0597407 -0.0203747 -0.186786 0.13266 -0.30753 -0.0774277 0.101098 -0.0711545 0.347976 0.0625831 -0.244379 -0.0232524 0.213998 0.0412393
internal_weight=0 119257 90911.2 74262 65833.2 39674.8 51236.3 41442.7 8428.8 35554.2 22839.7 27883.4 28345.7 15682.2 14374.1 18603 5115.89 20886 10842.7 25159.5 11791.4 8465.61 14668.2 24227.3 24390.5 6945.91 11368.4 5294.39 21321.6 3312.91 5169.68 17503 1059.83 9799.3 9079.72 9042.4 14532.9 5625.83 22684.9 4056.06 6726.58 8897.01 10790.5 2723.99 17297.2 4097.62 2297.28 3373.76
internal_count=1118990 573134 448772 545856 504856 223748 225024 306305 41000 152052 159490 166647 124362 72972 88561 146815 26578 89021 44324 153229 57101 70929 63031 149403 198551 29866 48797 27004 138455 14422 22201 80038 4273 48812 61557 39913 86846 23118 192426 22305 29915 60741 51336 13418 142047 17794 10484 18382
is_linear=0
shrinkage=0.5


Tree=15
num_leaves=49
num_cat=0
split_feature=2 13 2 14 10 6 13 10 14 6 0 2 14 0 2 6 13 14 10 14 13 2 14 0 0 0 13 13 2 3 6 0 2 14 10 14 14 14 2 3 11 10 2 11 3 12 6 4
split_gain=3900.19 1488.99 904.581 841.114 753.02 484.277 433.105 332.937 400.796 290.388 237.513 202.919 200.288 197.779 182.729 160.367 159.022 153.392 188.501 174.338 152.147 150.277 130.449 125.78 124.302 114.889 111.264 100.831 98.7753 98.3074 97.4962 86.3243 84.9043 79.6376 76.1495 101.641 74.9162 72.3626 71.1452 70.3066 67.065 66.9998 65.5806 65.5663 64.3727 62.9392 56.3031 56.1598
threshold=-0.048255756497383111 -0.87565180659294117 -0.17716649174690244 4.9250299930572519 3.6190190315246586 0.050392718985676772 -0.31854520738124842 3.7617185115814213 4.0132546424865732 0.035274198278784759 0.7253500521183015 0.051549673080444343 1.5130026340484621 0.78011256456375133 0.039524115622043617 0.067427512258291258 0.56118494272232067 2.3904864788055424 2.8259457349777226 7.722114324569703 -0.047815298661589616 0.03357041813433171 0.95185375213623058 0.51543048024177562 0.7517179846763612 0.7624594271183015 -0.8570599853992461 0.66954305768013012 0.19444649666547778 0.07788818329572679 0.033941993489861495 0.82517054677009594 0.2241516709327698 1.6430040001869204 2.3394261598587041 9.0988922119140643 9.8675456047058123 1.1671456098556521 -0.0035879235947504635 0.0037293477216735487 1.0995426177978518 2.9533933401107793 0.11148958653211595 1.2127778530120852 0.1478156000375748 1.1384025216102602 0.034613512456417091 0.032760577276349075
decision_type=2 2 2 2 2 2 2 2 2 2 2 2 2 2 2 2 2 2 2 2 2 2 2 2 2 2 2 2 2 2 2 2 2 2 2 2 2 2 2 2 2 2 2 2 2 2 2 2
left_child=2 9 24 6 14 7 12 8 26 17 22 20 -3 -7 16 37 25 -2 19 -19 -6 41 -8 39 47 -5 -4 38 31 -17 -27 -16 -13 -28 35 -10 -18 -12 -24 -11 45 -14 -20 -40 -25 -23 -26 -1
right_child=1 3 5 4 11 13 10 -9 34 23 15 32 21 -15 28 29 36 18 42 -21 -22 40 27 44 46 30 33 -29 -30 -31 -32 -33 -34 -35 -36 -37 -38 -39 43 -41 -42 -43 -44 -45 -46 -47 -48 -49
leaf_value=-0.10945608743431094 -0.093068544547108625 -0.058007753946157557 -0.15921674774766886 0.12893765922643827 -0.10519934672520777 -0.074253127509912836 0.014029290659221611 -0.18542078866886383 0.030772617618649592 -0.05031811113256579 -0.025940762744854372 0.074352573511686254 -0.0059997460218864972 -0.24261408288395495 0.20568528315427242 -0.035257888693408922 0.17511775984124156 0.029497637503140172 -0.14093687508200839 0.26704231799454059 0.040719649485983195 -0.043697663936625976 0.047525403555221314 -0.13311427613983814 -0.23794707749127683 0.089755103346212339 -0.1056001582694831 0.14858266616556881 0.3326829958608879 -0.2695140737446553 -0.046717474723479528 0.11962037788361619 0.35572078310726674 -0.037530515476502803 -0.036670317632264526 0.16631659386023687 0.34218647052853812 0.052783311400265993 0.085735052555175634 0.24061170712972052 0.092891125170075042 -0.12825679707916868 0.028666715893563368 0.15442991508752998 -0.23582132411182435 0.05043788769992226 -0.33453945166054905 -0.26204495540008865
leaf_weight=1885.350762847811 5047.3756168782711 10781.879045467824 3512.9984737001359 12581.12329280749 4236.1891248784959 2613.2354628909379 5078.7496584132314 4176.440066087991 8732.9371768459678 939.14550651237369 3530.9784795194864 3968.6920901983976 12447.11135905236 5312.7974742911756 10670.991592049599 1542.5149538069963 4443.6118539571762 5346.4041740857065 1989.3407784551382 903.45064213499427 3081.6779861301184 2347.9556796066463 8631.801705263555 6088.4319458901882 3064.0130906347185 3907.4805053435266 6740.4884675778449 8191.936202019453 1185.1194333061576 634.07729740440845 1961.352586813271 4061.8157311491668 288.02020079270005 11957.213517773896 3119.306240811944 1646.5542659647763 801.32559848576784 16620.691023740917 14468.34717527777 265.27408320829272 6607.2041787803173 1231.9050330035388 791.95167894288898 4611.3118867725134 2065.8445859141648 7223.9064450375736 3127.4374175239354 902.54092182405293
leaf_count=11280 31364 54602 23857 47372 22283 14057 20060 25595 37528 5256 13809 18144 58491 43377 39224 5436 14582 30212 14146 5391 10997 10701 32043 46544 29132 14746 31559 28510 4943 2294 9401 16571 1450 51287 14857 7881 2694 59931 53654 1305 28596 5832 5514 16790 18892 33270 38007 5523
internal_value=0 0.048779 -0.101649 0.0665266 0.118996 -0.0742838 0.0406837 -0.0518318 -0.036189 -0.0686741 0.0665413 0.00675935 0.000388872 -0.187184 0.151777 0.0250184 0.123874 -0.023251 0.0157196 0.0639532 -0.0436849 0.0214941 0.0891508 -0.136942 -0.247278 0.10197 -0.0774901 0.0997626 0.193271 -0.103823 0.0440609 0.182001 0.0935872 -0.0621006 0.0317308 0.0523368 0.200798 0.0389639 0.0853077 0.013491 0.0541165 -0.0170551 -0.0924709 0.102371 -0.159222 0.0272923 -0.286865 -0.15911
internal_weight=0 178575 56791.3 155138 51187.4 47812 103950 39885.9 35709.5 23437.2 63310.4 11574.6 40640 7926.03 39612.8 22328.3 23694.9 14078.5 9031.15 6249.85 7317.87 29858.1 40982.1 9358.7 8979.34 18450 22210.7 35903.4 15917.9 2176.59 5868.83 14732.8 4256.71 18697.7 13498.8 10379.5 5244.94 20151.7 27711.5 1204.42 16179.1 13679 2781.29 19079.7 8154.28 9571.86 6191.45 2787.89
internal_count=1118990 785050 333940 626426 202407 249998 424019 192564 166969 158624 232527 52874 191492 57434 149533 81470 88795 86627 55263 35603 33280 136890 151057 71997 83942 71519 106703 130997 60738 7730 24147 55795 19594 82846 60266 45409 17276 73740 102487 6561 72567 64323 19660 70444 65436 43971 67139 16803
is_linear=0
shrinkage=0.5


Tree=16
num_leaves=49
num_cat=0
split_feature=15 16 15 16 16 16 15 10 8 10 15 0 13 16 15 8 16 10 13 8 13 8 16 3 3 15 16 15 16 8 3 10 16 3 16 8 8 8 8 13 15 13 13 8 8 15 3 7
split_gain=6643.6 4182.23 1480.95 1411.57 1144.13 541.739 467.593 428.421 372.67 357.831 313.333 307.74 243.573 243.4 245.201 220.868 198.699 175.794 158.814 154.104 196.512 149.607 137.337 129.114 124.236 123.318 116.962 146.598 114.983 110.648 102.98 101.601 101.3 95.7844 95.3248 94.8209 86.3448 101.312 82.3007 136.796 80.3904 79.1807 78.3608 99.5229 120.728 78.0569 75.1194 71.5859
threshold=5.1703579425811776 -0.99831798672676075 5.2527954578399667 -0.29538562893867487 -1.5648467540740965 0.48722259700298315 5.2196061611175546 2.370100855827332 0.17663337290287021 2.370100855827332 5.1239702701568612 0.84227058291435253 -0.82233798503875721 -0.78830707073211659 5.2728118896484384 0.070176932960748686 -0.54113849997520436 1.6469560861587527 -0.46102112531661982 0.017370498739182953 -0.43094250559806818 -0.037833601236343377 -1.5111216902732847 0.13153466582298282 -0.067001245915889726 5.0985136032104501 -0.61107823252677906 5.2204651832580575 -0.80048599839210499 -0.04372738674283027 0.20232976227998736 0.32869593799114233 0.72605669498443615 -0.036819282919168465 -0.53025808930397023 -0.066624470055103288 -0.057103162631392472 0.036932280287146575 0.02205686550587416 -0.56724566221237172 5.071369171142579 -0.22238310426473615 -0.71560806035995472 0.025152095593512062 -0.041836291551589959 5.2716903686523446 0.21490770578384402 0.015211401972919704
decision_type=2 2 2 2 2 2 2 2 2 2 2 2 2 2 2 2 2 2 2 2 2 2 2 2 2 2 2 2 2 2 2 2 2 2 2 2 2 2 2 2 2 2 2 2 2 2 2 2
left_child=1 11 3 8 15 7 36 13 9 24 34 17 30 38 -15 42 -12 22 -17 -14 -21 -8 -1 47 -2 -24 31 -28 -9 -7 35 -26 -31 -23 -3 -11 -5 -38 -6 -40 -19 -10 43 44 -4 -30 -33 -13
right_child=2 10 4 6 5 29 21 28 41 12 16 23 19 14 -16 18 -18 40 -20 20 -22 33 25 -25 26 -27 27 -29 45 32 -32 46 -34 -35 -36 -37 37 -39 39 -41 -42 -43 -44 -45 -46 -47 -48 -49
leaf_value=0.01757697427964134 0.11354205655160385 -0.26381533301858145 -0.34686556780743166 0.013998817556865202 0.093726528799336392 0.32533642027145077 0.11854310826820172 0.15501514942628625 -0.35301694298146241 -0.24842082222377482 -0.11955128882365175 -0.037148996742834048 0.20850274715331354 0.10561235603979074 0.20006629290865441 -0.33625372305268714 -0.26021261624657799 -0.010951252781241263 -0.059996138399916125 -0.049950858106934629 0.1731673849528117 0.029411380097184924 -0.1835664257205735 -0.24416758297020638 -0.0018792614739931641 -0.02385596598686833 -0.12361247998231494 0.026961341458578082 0.21290004556489442 0.015907779663061561 -0.23377753635557508 0.055426491849988907 -0.14301713626300427 -0.080042819087662295 -0.3440631767168284 0.063203876178805268 -0.21535394184370638 -0.08384078175052509 -0.13530395060139133 0.067322694263620531 0.098536235314263282 -0.083858407248590117 0.036799118141155746 -0.22363119503853718 0.0072838872945219912 0.30740434398301414 -0.20740235421710021 -0.1625802767312973
leaf_weight=8840.7026577368379 3974.4513870757073 5349.9603759497404 258.91360698826611 541.17798812501132 7236.4011233858764 202.73515257239342 1407.3765543960035 3534.187219677493 648.13573986012489 255.80793498829007 3739.574370784685 4138.4070661738515 6397.5247799232602 14638.0342417676 13016.533943660557 928.1609641360119 7757.6960661467165 2249.8847146835178 1195.6314511932433 1637.4995942693204 2470.6521064154804 2603.8502775728703 1966.2983625121415 1347.5895228553563 13791.32372074388 3157.7102316319942 2927.4720899295062 3598.55514254421 4271.9932549223304 2337.6839821208268 347.56335923448205 22886.914120529778 1748.2393233180046 8511.3092479668558 12717.129055974074 4752.1049112481996 7763.0450663454831 1823.7712782686576 1217.204452464357 2632.1007471382618 6486.546347389929 483.14082942157984 5416.4964384846389 717.91532915085554 3217.9124793410301 4628.3512887321413 273.39353922754526 1576.8688447065651
leaf_count=35353 13789 36591 1547 4167 24684 956 7525 15043 11691 1568 21595 23677 22683 51850 45602 11324 76062 10012 4895 8741 9148 12238 9250 20070 55666 12975 15913 14459 16378 10714 5865 87232 10138 50210 139364 25350 66104 14032 5647 8744 27304 2674 17752 3569 12227 18670 3277 14665
internal_value=0 -0.146018 0.0508549 0.00782069 0.106623 0.136634 -0.0995386 0.150941 0.0455633 0.0506538 -0.279215 -0.0136923 0.115678 0.124988 0.150094 -0.0351779 -0.214519 0.0146477 -0.181066 0.159925 0.0841208 -0.034877 -0.020126 -0.104842 0.0289065 -0.085265 0.0211557 -0.0405157 0.23174 -0.033962 0.0287749 0.0320618 -0.0519873 -0.0543566 -0.320344 0.0471396 -0.179427 -0.190399 0.0623067 0.00310094 0.0702848 -0.238683 -0.0028736 -0.0542171 -0.0190374 0.262129 0.0522935 -0.0718659
internal_weight=0 59328.4 154294 87095.1 67198.5 55463.5 22650.5 51174.8 64444.5 63313.3 29564.4 29764 15861.2 38740.3 27654.6 11735 11497.3 22701.1 2123.79 10505.7 4108.15 12522.5 13964.7 7062.87 47452.1 5124.01 43477.7 6526.03 12434.5 4288.66 5355.48 36951.6 4085.92 11115.2 18067.1 5007.91 10128 9586.82 11085.7 3849.31 8736.43 1131.28 9611.24 4194.74 3476.83 8900.34 23160.3 5715.28
internal_count=1118990 426918 692072 432332 259740 208426 154276 186618 278056 263691 273612 153306 73355 136527 97452 51314 97657 94894 16219 40572 17889 69973 57578 58412 190336 22225 176547 30372 50091 21808 32783 146175 20852 62448 175955 26918 84303 80136 39075 14391 37316 14365 35095 17343 13774 35048 90509 38342
is_linear=0
shrinkage=0.5


Tree=17
num_leaves=49
num_cat=0
split_feature=14 11 14 10 11 10 11 11 10 10 14 11 16 16 14 11 16 0 16 10 14 10 10 10 0 11 14 16 16 14 10 16 10 6 2 14 14 8 10 14 8 16 11 11 14 2 10 16
split_gain=5125.09 1995.54 857.048 823.08 821.315 556.514 352.168 333.313 225.724 220.892 216.805 179.604 163.802 163.321 144.76 130.966 125.605 100.552 98.8974 96.9357 92.4935 91.0097 88.481 81.9192 73.7245 72.9347 70.8901 69.13 63.7904 58.0904 56.0384 50.7162 49.8265 49.0589 48.703 47.3244 47.039 46.1887 45.9758 45.5366 43.8151 38.8346 38.2619 36.2042 35.0138 33.9377 29.7809 27.4616
threshold=8.3439216613769549 1.2430073022842409 2.6422442197799687 -0.62864696979522694 1.3748100996017458 0.31295271217823034 1.0403851866722109 1.3004075884819033 -2.1646585464477535 0.49644815921783453 11.076449871063234 1.0630916357040407 -0.68082228302955616 -1.1293942928314207 5.1304495334625253 0.33223477005958563 -0.98541817069053639 0.66882914304733287 -0.099183797836303697 1.4615551829338076 2.7188066244125371 1.3574581742286684 0.15236344933509829 0.92560359835624706 0.84227058291435253 0.97144022583961498 1.7046172618865969 -1.6203892827033994 -0.83645406365394581 5.5063092708587655 -0.52179887890815724 -0.066415037959814058 -0.57468017935752858 0.015167218167334797 -0.27803111076354975 3.9745092391967778 1.4910310506820681 -0.042768001556396477 -0.49824541807174677 1.9640211462974551 0.029105271212756637 -2.219167828559875 0.45407073199748998 0.84633857011795055 4.7315943241119394 -0.2641021460294723 2.7069008350372319 -2.1585329771041866
decision_type=2 2 2 2 2 2 2 2 2 2 2 2 2 2 2 2 2 2 2 2 2 2 2 2 2 2 2 2 2 2 2 2 2 2 2 2 2 2 2 2 2 2 2 2 2 2 2 2
left_child=1 2 11 8 7 30 14 13 -4 32 25 15 21 38 27 -1 46 19 23 37 -15 -8 -22 -16 -10 -7 31 -5 -11 -14 -2 -19 -9 -33 -29 -30 -18 -17 -3 -40 -36 -21 -39 -12 -23 -28 -13 -25
right_child=5 4 3 6 -6 10 12 9 24 28 43 16 29 20 18 17 36 26 -20 41 22 44 -24 47 -26 -27 45 34 35 -31 -32 33 -34 -35 40 -37 -38 42 39 -41 -42 -43 -44 -45 -46 -47 -48 -49
leaf_value=-0.044557245288882115 0.058584031414571601 -0.0076290276541472512 0.35636579442110183 -0.011840826680399682 0.3457166498690758 -0.15569094415669027 -0.067286678941611722 -0.021997366082934046 0.09527082202225827 -0.26240846740712742 -0.27702469270392688 0.00076899533775320471 0.0040170681362365823 0.032337101159239753 0.0065391573638396219 0.12777294593700536 0.10446021930087834 0.12683963171619175 0.034322743465487582 -0.018583437170574927 0.038899324045062814 -0.12150285411559711 -0.10838399358843726 -0.16452435583389444 0.19162467695943519 -0.2543360697299718 -0.044885517309737895 -0.10286006900813101 -0.1358464650291053 -0.072282155913405699 -0.084197822839298483 0.13535171960020043 -0.11419917329996274 0.22178858955613626 0.064329607048077816 -0.24026001701211233 0.050312681849871005 0.0089475063493298819 -0.070424560305740139 -0.19665371287885122 0.018554802736189042 0.15723097435790628 0.075108357048227603 -0.34403661179583689 -0.22813128650678707 0.1037010909508095 -0.18871648716742181 -0.067893223962679383
leaf_weight=1465.0499388612807 1102.3240367248654 638.99706700071692 1167.7713665291667 5133.7424525860697 1076.2845009304583 3841.3976436350495 5481.2670221515 2206.0388407483697 6865.0263186469674 3175.0003016339615 3340.1299370266497 6581.5084441881627 9107.1118240635842 5590.2898092400283 4596.3658807612956 3857.3252673074603 7618.0571521557868 11007.57820821926 6489.6833700723946 327.55956639535725 1474.3387021459639 1599.9028635546565 3272.8156635500491 866.16811349708587 2821.3661874160171 3754.0531731219962 390.96988792717457 503.06022742763162 3296.2439670078456 3429.1982486508787 1811.001630038023 3080.4818259514868 4454.6899046748877 3646.8256857581437 22342.578957442194 1657.7045144028962 8593.3687027134001 2428.978076249361 1083.5522299762815 2192.2629584260285 6869.374088473618 5494.3925348632038 23480.325983203948 5720.7814052738249 1550.3780987877399 12710.11540431343 212.95294715464115 5271.7764439918101
leaf_count=5574 4122 2972 3940 27440 4006 27573 26710 10050 23106 30133 37807 30894 42202 26574 18044 13144 29417 40437 28393 2222 6197 13322 23729 8230 9651 37865 1723 2638 21400 19973 7840 10414 23779 12313 86737 14884 34200 8549 6820 18134 28049 24928 80544 82842 16281 46461 2321 34406
internal_value=0 0.0359816 0.0564438 0.0200566 -0.0828875 -0.231815 0.00100626 -0.0988 0.148545 -0.151395 -0.26708 0.0901024 -0.0533647 -0.04418 0.0231186 0.103048 0.0518749 0.106312 -0.0143579 0.0881526 -0.0111848 -0.106378 -0.0625379 -0.043836 0.123404 -0.204539 0.12725 0.0416555 -0.206748 -0.0168181 -0.0299999 0.147918 -0.0837448 0.182309 0.0509148 -0.170928 0.0757934 0.0765723 -0.131154 -0.155087 0.0535835 0.147252 0.0689257 -0.319422 -0.174193 0.0992256 -0.0051232 -0.0816355
internal_weight=0 205108 174990 84094.8 30118.2 19569.7 73240.6 29041.9 10854.2 14789.7 16656.4 90895.5 21167.9 14252.3 52072.7 67889.6 23005.9 66424.6 17224 35588.6 10337.4 8631.55 4747.15 10734.3 9686.39 7595.45 30836 34848.8 8128.95 12536.3 2913.33 17734.9 6660.73 6727.31 29715 4953.95 16211.4 29766.6 3914.81 3275.82 29212 5821.95 25909.3 9060.91 3150.28 13101.1 6794.46 6137.94
internal_count=1118990 920941 732263 389122 188678 198049 352425 184672 36697 100246 186087 343141 118488 84426 233937 246309 96832 240735 89073 129387 56500 56313 29926 60680 32757 65438 111348 144864 66417 62175 11962 63164 33829 22727 117424 36284 63617 102237 27926 24954 114786 27150 89093 120649 29603 48184 33215 42636
is_linear=0
shrinkage=0.5


Tree=18
num_leaves=49
num_cat=0
split_feature=6 16 9 8 14 6 16 9 8 8 14 14 5 9 15 8 9 15 16 6 9 14 15 8 9 14 14 9 0 9 16 9 14 9 9 16 9 9 16 15 0 11 15 15 15 11 16 8
split_gain=3396.29 2238.93 1411.89 1343.45 923.023 739.959 671.873 704.718 597.229 502.764 483.821 424.855 424.002 417.537 364.922 339.767 285.042 264.668 258.087 235.478 222.536 219.549 212.799 208.669 191.861 182.378 154.006 145.287 135.612 130.335 136.833 142.623 127.455 122.203 127.134 117.304 129.032 129.369 116.576 115.804 108.927 108.019 107.639 107.561 102.565 91.7449 90.3917 86.5778
threshold=0.023970048874616626 -1.7590590715408323 -0.0032736585708335038 0.038736591115593917 5.0758674144744882 0.10317760333418848 -1.7382562756538389 -0.0029754658462479706 0.14606266468763354 -0.10282425582408904 5.1304495334625253 1.8559749722480776 0.099040422588586821 0.0036828967276960616 5.2496464252471933 0.077596317976713194 0.0045704699587076911 5.2335886955261239 -3.2242171764373775 0.21583290398120883 0.0043512217234820136 4.4150049686431894 5.1383156776428232 0.15956523269414905 -0.0048465090803802005 8.0190720558166522 12.130771636962892 -0.0012568118399940429 0.45805627107620245 -0.0012084841146133838 -3.0193912982940669 0.0010013111168518665 2.2761152982711796 -0.0010046965326182542 0.0014758639736101033 -1.3308955430984495 -0.0020461662206798788 0.0025748560437932615 -3.3009693622589107 5.2620294094085702 0.47898060083389288 1.1353777050971987 5.0967867374420175 5.2643487453460702 5.1239702701568612 1.09613573551178 -0.077685978263616548 0.023865871131420139
decision_type=2 2 2 2 2 2 2 2 2 2 2 2 2 2 2 2 2 2 2 2 2 2 2 2 2 2 2 2 2 2 2 2 2 2 2 2 2 2 2 2 2 2 2 2 2 2 2 2
left_child=1 8 24 5 12 6 29 -8 9 -1 18 -5 17 14 21 16 22 20 -11 26 32 40 46 25 43 28 35 -20 -13 -2 -31 -32 -4 -12 38 -7 -37 -38 -35 47 -9 -30 -29 -3 -23 -42 -6 -24
right_child=3 2 4 11 15 19 7 13 -10 10 33 23 -14 -15 -16 -17 -18 -19 27 -21 -22 44 39 -25 -26 -27 -28 42 41 30 31 -33 -34 34 -36 36 37 -39 -40 -41 45 -43 -44 -45 -46 -47 -48 -49
leaf_value=0.43060523677616519 0.30246361964189078 0.23387674597194869 -0.23135041257016231 0.014664622216497796 0.0073024192683766309 0.16167758979009766 0.1593301985734078 -0.22650097531348123 0.26849999525396256 0.081027302876481119 0.22415403283740917 -0.062085188191956388 0.016378345522831156 0.097994362034670268 -0.22736433856966617 0.090264344436250324 0.10392980584502244 -0.27167226290122048 0.06962449554828902 0.23179556953823385 0 0.052787957235513959 -0.15489539530632504 0.290996185836496 0.015686601499075643 0.24183821421652399 0.2318815919315898 0.0061733835757580456 0.097501929343233318 0.22909456596078936 0.010896230120643384 0.23263398071007108 -0.15999455217077516 0.16895765087209633 0.24318631529395607 0.16300555228493718 -0.032682740361754281 0.15880553230001257 0.0086328234583525239 -0.24981961608585762 -0.14040330784731159 0.20829143662155808 -0.13553865207312771 -0.057139062258440218 -0.057929084496598192 -0.03653632381620868 -0.11896085233732256 -0.045345624331378696
leaf_weight=699.33961664885283 797.66351152211428 2408.4173699971288 12202.357849616557 4377.7668424192816 3913.8530796542764 1990.3546611443162 3326.4924584664404 2049.5814631935209 2537.0467041991651 2653.0996803194284 1416.7401506714523 898.74088360369205 2154.1310343490914 2818.5477803852409 4892.0299924891442 2762.9119676239789 1623.4686000924557 12419.24704551883 1225.2698048260063 2994.5120101124048 1556.6056091506034 3326.9355739653111 7387.1344244368374 3892.4521200694144 3195.7046221904457 4744.8072458952665 1365.6009765416384 1590.669870313257 5659.817645477131 1351.9439927786589 4156.0002676509321 878.98317482694983 13037.892197960988 1427.7386826686561 882.43055927380919 1420.1054544895887 5662.2209292892367 1043.6491307243705 5531.7501412667334 2455.5565930958837 5258.98035627231 3632.9677159581333 8277.6724552698433 362.24194930307567 5620.4791166875511 3595.5348040722311 2215.3336969669908 2406.0794436763972
leaf_count=3050 3835 12902 110411 20977 23546 8528 16471 18582 11757 9239 6875 6197 12341 14528 36188 15223 9366 143762 6416 13146 10731 18027 54448 23679 21950 27494 7879 8014 25876 4982 18346 4103 111282 4948 4332 5747 23564 4345 25311 23945 34868 16963 48708 2838 29938 20982 16381 15969
internal_value=0 -0.0865911 -0.133228 0.0549018 -0.154874 0.0106429 -0.0259324 -0.057977 0.0379725 0.0132685 0.000541972 0.155097 -0.199376 -0.0842269 -0.105007 -0.0739717 -0.0966869 -0.21124 -0.0589423 0.106866 -0.183204 -0.0748194 -0.114441 0.187719 0.0993566 0.160753 0.0742233 -0.0924661 0.122934 0.111755 0.0878159 0.0497439 -0.194519 0.0889115 0.064389 0.0528709 0.0261419 -0.00278722 0.0416148 -0.152512 -0.122455 0.140886 -0.112647 0.195641 -0.0167038 -0.0982916 -0.0382646 -0.128039
internal_weight=0 96342.7 70100.9 75756.2 64134.6 52549.6 38073.2 30888.6 26241.8 23704.7 23005.4 23206.6 41370.2 27562.1 24743.5 22764.3 20001.4 39216.1 13746.7 14476.4 26796.9 19851.5 18378 18828.8 5966.36 14936.3 11481.9 11093.6 10191.5 7184.59 6386.93 5034.98 25240.3 9258.66 7841.92 10116.3 8125.98 6705.87 6959.49 12248.8 10904.1 9292.79 9868.34 2770.66 8947.41 8854.52 6129.19 9793.21
internal_count=1118990 713745 585095 405245 547405 284059 220850 189584 128650 116893 113843 121186 388527 173113 158585 158878 143655 376186 72377 63209 232424 122397 134289 100209 37690 76530 50063 63138 49036 31266 27431 22449 221693 41466 34591 42184 33656 27909 30259 94362 74432 42839 56722 15740 47965 55850 39927 70417
is_linear=0
shrinkage=0.5


Tree=19
num_leaves=49
num_cat=0
split_feature=2 16 13 13 0 14 3 16 16 6 3 3 16 16 16 14 2 6 14 5 3 6 0 16 13 6 2 0 16 3 6 4 4 13 3 6 3 16 5 6 3 13 2 3 2 2 6 3
split_gain=1535.73 605.107 600.088 436.008 346.493 292.748 255.005 183.077 163.576 162.166 192.219 171.705 161.683 150.83 143.39 135.022 134.328 133.411 126.775 106.924 94.2399 88.4061 124.332 88.1076 87.5756 85.5984 77.6467 77.5846 77.4989 80.0659 75.6943 80.1785 72.4947 71.3347 73.3353 66.5631 65.8268 63.0324 62.4697 59.0541 57.4961 57.0118 56.8258 56.6318 56.5367 55.6478 55.6132 54.9136
threshold=-0.022852083668112751 -0.16420018672943112 -0.88465908169746388 -0.84742894768714894 0.74035960435867321 3.8644413948059086 0.042278047651052482 -0.94765955209732045 -0.099183797836303697 0.089980900287628188 0.09183149412274362 -0.097982671111822114 -2.4124492406845088 -2.8494665622711177 -3.2242171764373775 3.5261338949203496 -0.20745131373405454 0.018877088092267517 6.7001798152923593 -0.045879250392317765 -0.074874632060527788 0.027575029060244564 0.89731135964393627 -0.69188857078552235 -0.23292452096939084 -0.091552648693323121 0.180535763502121 0.46832109987735754 -2.7018834352493282 -0.05349405109882354 0.17090357840061191 0.056061496958136565 0.062426723539829261 0.83756178617477428 -0.058949986472725861 0.044022137299180038 -0.034983361139893525 -1.7382562756538389 0.09282314777374269 0.097457390278577818 0.16710986942052844 0.63282346725463878 -0.10634442046284674 0.2861525565385819 0.09600089862942697 -0.12406443804502486 -0.057912064716219895 -0.070920709520578371
decision_type=2 2 2 2 2 2 2 2 2 2 2 2 2 2 2 2 2 2 2 2 2 2 2 2 2 2 2 2 2 2 2 2 2 2 2 2 2 2 2 2 2 2 2 2 2 2 2 2
left_child=2 3 7 12 8 13 23 45 28 11 -11 41 -2 -5 -7 39 -9 37 19 -13 -10 33 -23 -6 35 -21 -20 36 -4 -30 31 -18 40 34 -16 47 -27 -8 -39 -14 -17 -3 -31 -29 -36 -1 -22 -15
right_child=1 9 4 5 6 14 17 16 20 10 -12 18 15 24 21 32 30 -19 26 25 46 22 -24 -25 -26 27 -28 43 29 42 -32 -33 -34 -35 44 -37 -38 38 -40 -41 -42 -43 -44 -45 -46 -47 -48 -49
leaf_value=-0.30541359671597362 -0.21066319188881102 -0.083170929195230087 -0.14841614541982054 -0.1366630699919622 -0.075532152271485964 -0.11329086121707888 -0.21178040866385484 -0.25191239371749347 -0.078536818916083578 0.061094848599916422 -0.17077119979615088 0.019845000125526393 -0.081481427791951208 -0.11616405661813542 -0.012444735760655091 0.05137448776692527 -0.025377281347975549 -0.18221627585753872 0.12769671866316593 -0.13102814722990924 -0.089612092563655585 0.064142865574152358 -0.068265539698777189 0.0098362017317285468 0.026155748161548486 0.067287175747845651 0.27902986380489669 0.077782999998344024 -0.090899873476902704 -0.060955628775521797 -0.27425775190241125 -0.16866754589656044 -0.090977371017405828 0.20183277083897208 0.072086680428033803 -0.096540327926120315 0.14442141292301394 -0.036517977241631507 -0.21721787232811951 -0.23227398197532409 -0.17728129177020657 0.11838737456620131 0.0063375719347801554 -0.11171105077903809 0.13605278604989274 -0.18877136548077092 0.061043531725342895 0.00089362399872024558
leaf_weight=1614.7080772416666 1743.5732957394794 1942.4706555604935 1221.3981819674373 1939.809401685372 5230.1646392401308 1131.9575179051608 742.42061354592443 1254.5835606232285 1488.032478954643 2541.9483841881156 1376.4489777386189 6478.2429300770164 5446.147507911548 1084.2305996231735 2131.8338862992823 4267.6946443812922 4474.7229332439601 5904.7228553853929 8731.2246080767363 431.9376492202282 639.63521993532777 5571.2069687824696 2596.6402554195374 7137.8024389818311 22885.737711992115 3918.3538505136967 946.45692276209593 22717.146121468395 3325.4264069255441 3911.2878899332136 431.22408111020923 1252.3916551619768 1472.1657811161131 1184.8719144389033 18104.327090682462 2512.3062831349671 9669.7661003954709 4578.997566992417 535.30378454737365 742.35874368436635 292.07947451248765 425.48494631052017 15795.308572400361 398.25938507542014 4302.05653565377 2944.2137343334034 12892.773026708513 12946.022850845009
leaf_count=31583 22153 8795 7445 11105 26886 7079 5786 20122 6348 11501 8782 25061 37989 6349 9000 31138 33351 45531 32991 1754 2568 22727 13163 29530 86717 15203 3850 86503 16807 21465 5742 8848 14101 3960 69411 12912 35604 24491 3840 6714 3781 1503 69780 2697 17286 33235 50187 65616
internal_value=0 0.0388394 -0.048648 0.0130394 -0.0292511 0.0278941 -0.0764061 -0.151322 -0.00026562 0.0779582 -0.0202499 0.0848813 -0.0681848 -0.000574043 0.0615333 -0.0477999 -0.102689 -0.129123 0.0907385 0.0792216 0.0407237 0.0673903 0.0219845 -0.0262271 0.00611194 0.0895655 0.142576 0.0921786 -0.0256721 -0.019135 -0.0721715 -0.0568229 0.00535721 0.0817872 0.0759622 -0.0215873 0.122222 -0.0754882 -0.055568 -0.0996855 0.0365825 -0.0467083 -0.00699556 0.0744919 0.0843961 -0.230252 0.0538795 -0.00812436
internal_weight=0 149933 75375.1 90355 63403.3 76391 24129.4 11971.8 39273.9 59577.7 3918.4 55659.3 13964 41368.1 35022.9 12220.4 7412.92 11761.4 53291.4 43613.7 15020.4 33890.9 8167.85 12368 39428.3 37135.5 9677.68 36703.5 24253.4 23032 6158.34 5727.11 6031.94 25723.1 24538.2 16542.6 13588.1 5856.72 5114.3 6188.51 4559.77 2367.96 19706.6 23115.4 22406.4 4558.92 13532.4 14030.3
internal_count=1118990 675445 443545 441201 310664 325325 136064 132881 174600 234244 20283 213961 115876 182699 142626 93723 68063 79648 203663 166822 59103 135547 35890 56416 171594 141761 36841 140007 115497 108052 47941 42199 49020 99657 95697 84877 50807 34117 28331 44703 34919 10298 91245 89200 86697 64818 52755 71965
is_linear=0
shrinkage=0.5


Tree=20
num_leaves=49
num_cat=0
split_feature=15 16 15 16 16 16 1 15 16 8 6 1 1 16 1 16 16 1 1 16 13 1 6 8 8 6 6 15 8 8 8 14 16 6 8 7 6 8 13 8 1 15 1 16 1 6 1 6
split_gain=2927.32 2352.95 669.726 882.157 520.524 409.888 362.884 283.535 260.405 220.114 192.476 185.42 166.406 156.229 177.722 223.214 154.532 141.868 147.922 296.248 190.732 126.503 124.901 123.465 121.363 120.913 110.727 109.078 108.166 98.6306 97.4923 93.0261 89.1693 89.0458 85.7998 80.7379 78.7831 76.9574 75.7822 75.4806 74.57 71.4306 66.529 65.0495 67.9941 65.0357 62.1682 60.8851
threshold=5.1512687206268319 -1.1842088699340818 5.2196061611175546 -0.64509379863739003 -1.3628306388854978 0.71035981178283703 0.41164566576480871 5.2744526863098153 -0.69188857078552235 0.17663337290287021 0.18015941232442859 0.50099757313728344 0.55999639630317699 -0.41715922951698298 0.46075534820556646 0.034569222480058677 -2.5298522710800166 0.6956518590450288 0.36573913693428045 -0.19624478369951245 -0.80307015776634205 0.29342631995677954 0.02922056615352631 0.077596317976713194 -0.031311277300119393 0.0089981714263558405 0.12448183819651605 5.100102663040162 -0.089539106935262666 -0.078195594251155839 0.071779105812311186 1.4067409634590151 -0.08832205086946486 0.023012492805719379 0.083822030574083342 0.013265072368085386 -0.060532100498676293 0.014766321051865818 -0.84742894768714894 -0.039386106655001633 0.48082794249057775 5.0771710872650155 0.50776222348213207 -1.6203892827033994 0.37844771146774298 -0.049575464800000184 0.49886311590671545 0.010378488805145027
decision_type=2 2 2 2 2 2 2 2 2 2 2 2 2 2 2 2 2 2 2 2 2 2 2 2 2 2 2 2 2 2 2 2 2 2 2 2 2 2 2 2 2 2 2 2 2 2 2 2
left_child=1 11 3 12 6 7 9 10 27 16 17 25 26 -9 15 -15 21 18 19 36 22 33 -20 29 -22 43 31 -3 -5 -10 32 -2 -30 -4 39 -33 -6 -18 -16 -21 47 -31 -7 -1 -45 -37 -24 -8
right_child=2 8 4 28 5 42 40 13 23 -11 -12 -13 -14 14 38 -17 37 -19 20 34 24 -23 46 -25 -26 -27 -28 -29 30 41 -32 35 -34 -35 -36 45 -38 -39 -40 -41 -42 -43 -44 44 -46 -47 -48 -49
leaf_value=0.067431770806191171 0.092399924490524116 -0.21574617468612997 -0.0045922308907495818 0.2978282851311122 0.18420095650407503 -0.16057514363047565 -0.091410340582800967 0.07521434588124494 -0.05662251445283515 -0.29831908700258603 -0.21802654276198113 -0.30745083907026138 -0.27971041765737159 0.18501710735820076 0.13893841461638076 -0.007839646558472144 0.061176413000462664 -0.23759585261227631 0.068074102905986242 0.098848853231154707 0.19817147367293209 -0.34765027981737345 -0.00076191968736240496 -0.065145470700900696 0.097679339444833396 -0.037337939606910731 -0.17158933604506835 -0.092198489717837381 -0.090533773457635511 -0.33424652125929394 0.0085417669108981895 0.037779275044849743 -0.16864221115923106 -0.14105110379458907 0.17111563748623385 0.1107862317330101 0.057148288487137502 -0.0038335261909484275 0.28041867997622588 -0.10272756567959929 -0.45821298880991029 -0.25929790458250634 -0.011374723200121646 -0.054046032733967818 0.09446662006027394 -0.046107951494907901 -0.14902877538723797 -0.3552486814648731
leaf_weight=8167.5746897179633 5829.4422306530178 3641.7019298346713 5069.3513316018507 155.64263751544058 1308.4117879718542 1994.2599291335791 597.76865834183991 7411.2085246257484 477.19384888000786 586.53753133397549 609.34790854621679 468.17564838472754 435.23359046317637 4094.4971764199436 1325.7566352821887 2359.9637042135 11182.307763576508 385.63037793152034 7095.52445762977 513.2860288657248 3569.7284414768219 344.1407482791692 2084.3452464239672 699.34032498300076 19450.831851532683 7916.5755101907998 659.12408769596368 3550.3568261815235 7150.4301833808422 5411.645807787776 1365.9324583336711 20546.069446348585 7572.2601438644342 1566.861905451864 355.07473623938859 748.59835262689739 18868.674722027034 7653.9791074879467 3491.1624982766807 4596.3484424035996 363.83586473949254 8104.6915030428208 1206.7198010832071 2711.4162413142622 1074.5680803572759 5481.3002228904516 1074.2720563719049 351.56019607605413
leaf_count=33129 21761 27137 18251 1014 4618 14864 2680 29150 5275 10897 6328 5976 4414 16128 5633 8575 39914 2961 29472 2107 13367 2198 11139 9661 77532 53718 10157 21376 45046 78624 11311 87498 87244 9890 1510 2754 67516 31866 13413 20019 3637 106080 9145 10633 4992 28104 7856 3083
internal_value=0 -0.119221 0.0288379 -0.0191375 0.0507222 0.0707888 -0.00847983 0.0779358 -0.233002 0.00426502 0.0611481 0.00319367 0.0269864 0.131738 0.168849 0.114435 0.0111702 0.0640288 0.0660155 0.0374396 0.0880196 -0.0523424 0.0312286 -0.271212 0.113292 0.0105533 0.0310226 -0.154848 -0.114851 -0.281469 -0.118893 0.0351389 -0.13075 -0.036903 -0.0657752 0.0226508 0.0654207 0.0347348 0.24162 -0.0823651 -0.264923 -0.289365 -0.104506 0.0423128 -0.0117481 -0.0271602 -0.0513782 -0.189913
internal_weight=0 42223.2 159455 49944 109511 81795 27716.3 78594.1 21884.9 26403.2 59911.5 20338.3 33699.8 18682.6 11271.4 6454.46 25816.6 59302.1 58916.5 25641.8 33274.7 6980.35 10254.1 14692.9 23020.6 19870.1 33264.5 7192.06 16244.3 13993.5 16088.6 32605.4 14722.7 6636.21 5464.71 26776 20177.1 18836.3 4816.92 5109.63 1313.16 13516.3 3200.98 11953.6 3785.98 6229.9 3158.62 949.329
internal_count=1119653 356601 763052 299303 463749 341333 122416 317324 248153 113016 244425 108448 154688 72899 43749 24703 102119 238097 235136 95770 139366 30339 48467 199640 90899 102472 150274 48513 144615 189979 143601 140117 132290 28141 23636 118356 72134 71780 19046 22126 9400 184704 24009 48754 15625 30858 18995 5763
is_linear=0
shrinkage=0.5


Tree=21
num_leaves=49
num_cat=0
split_feature=14 11 12 11 11 12 12 11 12 12 12 11 11 10 12 12 12 11 10 12 10 11 12 12 11 11 12 11 11 12 12 11 12 11 12 12 12 16 11 12 10 10 11 11 12 11 12 11
split_gain=2193.09 864.969 1142.94 481.286 466.632 424.564 404.931 710.742 1277.66 409.745 395.986 438.502 345.581 312.039 290.716 288.238 260.866 882.379 260.712 256.307 233.702 206.248 188.762 157.116 1024.98 859.147 723.479 925.662 862.665 593.458 287.824 358.425 229.84 182.774 1122.22 166.807 145.666 140.68 138.358 161.016 131.23 131.091 116.236 113.004 112.473 965.82 108.83 604.331
threshold=9.2367162704467791 1.2816583514213564 1.1499419212341311 1.3166631460189822 1.3748100996017458 1.7201604843139651 1.1185004115104678 0.93677332997322094 0.89697080850601207 0.89429974555969249 1.3669102787971499 1.09613573551178 0.82307216525077831 2.4659396409988408 1.4216704964637759 0.86884266138076793 1.6618136763572695 0.75179609656333934 1.0653446912765505 0.98345893621444713 3.0444197654724126 1.1775808334350588 1.2305923700332644 1.4422227144241335 0.5960313379764558 0.6245219111442567 1.5268649458885195 0.86957052350044262 0.99644675850868236 1.4878149032592776 1.6338464021682741 0.46771438419818884 1.4878149032592776 0.72799819707870495 1.5885424613952639 1.5596277713775637 1.4601888656616213 -0.054962109774351113 0.65684908628463756 1.6888943314552309 1.0023633241653445 0.40506829321384435 1.3382913470268252 0.38952668011188513 1.6290044784545901 0.84184852242469799 0.75661468505859386 0.58459892868995678
decision_type=2 2 2 2 2 2 2 2 2 2 2 2 2 2 2 2 2 2 2 2 2 2 2 2 2 2 2 2 2 2 2 2 2 2 2 2 2 2 2 2 2 2 2 2 2 2 2 2
left_child=1 5 4 22 15 6 7 8 46 -9 20 16 13 -10 21 42 23 38 -2 -14 37 -13 -4 25 29 -12 27 36 33 -25 35 -32 -29 34 -28 -31 -26 -8 43 -40 -17 -11 -3 -18 -35 -46 47 -1
right_child=18 2 3 -5 -6 -7 10 9 12 41 11 14 19 -15 -16 40 17 -19 -20 -21 -22 -23 -24 24 26 -27 28 32 -30 30 31 -33 -34 44 -36 -37 -38 -39 39 -41 -42 -43 -44 -45 45 -47 -48 -49
leaf_value=0.62296107696660352 -0.07965446776297172 0.02620317639410609 0.026043287800974663 0.70971224625045526 0.21586476027413645 0.36100090139803431 -0.027366552209374468 0.10352764425915832 0.33659367123064349 0.027227438461050642 -0.15076777491309792 0.056368893996552552 0.402042015616704 0.89706120160549341 0.56321544280502511 -0.1221490053723818 0.17528734815922892 0.54525174548108901 -0.2462088024501643 0.065610660268489676 -0.1558820817738415 0.55850872908195726 0.54666933316482069 -0.035682226183085496 0.12741334810095997 0.093548681876964274 0.35676083330126951 0.097996483697441669 0.6196961106105362 0.21031907359247984 0.47159038205486647 0.014076856583792832 -0.10595495976968027 -0.10630519718236714 -0.10601426020444402 0.37218182729433863 0.3532364378345732 0.022664242704820269 -0.057746580759807993 0.35908196509960677 -0.21874791162636861 -0.045400494835679865 0.44768302690916367 -0.15423626710687088 -0.13803629443447546 0.79473140556596589 -0.00570414186165954 0.02701667234790231
leaf_weight=479.9442048035562 3244.8844184651971 1015.1202114867046 885.8835490513593 529.39298463240266 976.36282011680305 966.91747032571584 37043.039615942165 10918.96007737983 5155.0567603297532 11345.326212514192 5789.3866234114394 1155.6495399642736 760.99971081689 261.65177607070655 596.63661784306169 9389.3852046495304 271.29379369318485 563.88919926807284 8622.7693503345363 2224.7673801062629 2811.9462357740849 248.39021939784288 216.45823091268539 2371.7787087634206 926.95282223075628 9504.0289795575663 1755.5585727440193 2643.2546533709392 484.179677862674 2861.3389853825793 535.18355757649988 2136.2161009628326 2890.4754870906472 11835.344329766929 5151.3624512413517 3661.3838919708505 3249.0577336382121 22627.200800420716 916.96245526894927 308.43499992601573 5669.5054225828499 13720.538461891934 194.79292138013989 5335.8844106998295 1598.2467336012051 334.74653232563287 7202.5745905628428 3705.1016574278474
leaf_count=1775 16849 5238 5393 2274 3872 3946 175889 46661 18624 44733 24851 4747 2864 2201 2253 55158 1055 2078 151395 9090 35174 941 869 8796 3377 37315 6368 9607 1737 10318 1916 8229 10809 45227 19739 13091 11643 84055 3678 1177 63378 88115 983 21943 6108 1149 28798 14167
internal_value=0 0.0203342 -0.0816446 0.318118 -0.119515 0.0306675 0.02894 0.0645643 0.140677 0.0226891 0.0136053 0.0402712 0.288571 0.36392 0.270815 -0.139686 0.0331771 -0.0551948 -0.200722 0.151632 -0.0150345 0.145893 0.129131 0.0445091 0.0601684 0.00102516 0.0125835 0.125586 -0.0392515 0.187116 0.244643 0.106064 -0.00844459 -0.0547364 0.0115733 0.301297 0.303272 -0.00838623 -0.104895 0.0469695 -0.158563 -0.0125079 0.0947869 -0.138175 -0.0880355 0.0235648 0.0314916 0.095612
internal_weight=0 205227 18876.9 1631.73 17245.2 186350 185383 55774.9 19790.1 35984.8 129608 67125.6 8402.48 5416.71 2000.68 16268.8 65125 7396.46 11867.7 2985.77 62482.2 1404.04 1102.34 57728.5 42435.1 15293.4 30869.2 9709.74 21159.4 11565.9 9194.12 2671.4 5533.73 20675.3 6906.92 6522.72 4176.01 59670.2 6832.58 1225.4 15058.9 25065.9 1209.91 5607.18 13768.3 1932.99 11387.6 4185.05
internal_count=1119653 951409 137165 8536 128629 814244 810298 257028 77519 179509 553270 258152 32779 20825 7941 124757 250211 29931 168244 11954 295118 5688 6262 220280 158114 62166 115764 35436 80328 42350 33554 10145 20416 78591 26107 23409 15020 259944 27853 4855 118536 132848 6221 22998 52484 7257 44740 15942
is_linear=0
shrinkage=0.5


Tree=22
num_leaves=49
num_cat=0
split_feature=3 16 14 10 6 14 6 16 8 9 16 9 9 16 9 8 8 7 9 14 9 8 9 15 7 7 11 0 6 16 14 6 3 11 8 6 6 9 9 8 6 0 9 8 0 15 16 8
split_gain=2068.58 1486.87 583.098 573.823 514.468 429.196 429.164 424.643 307.521 217.551 181.562 201.931 179.944 168.375 179.395 168.125 164.352 149.946 147.275 140.333 133.397 127 125.866 124.677 123.315 123.03 121.135 117.652 102.671 101.977 95.177 90.8141 88.8736 86.458 86.11 85.0755 80.6906 82.0391 80.1774 79.1389 78.8264 74.1226 74.0939 72.5657 72.3222 67.4122 65.6491 59.5367
threshold=0.030877713114023212 -1.493541896343231 4.9250299930572519 6.4663085937500009 0.0037543635116890077 2.5904321670532231 0.056877767667174346 -0.27277077734470362 0.090935770422220244 -0.0018385751172900198 -2.3790723085403438 0.0025748560437932615 -0.0035089782904833551 -2.7018834352493282 -0.002664442989043891 -0.084994006901979433 0.050733126699924476 -0.059618912637233727 0.0061039512511342773 16.853241920471195 0.0061039512511342773 0.17663337290287021 -0.0021900619613006707 5.1525676250457773 0.029324158094823364 -0.048649586737155907 1.2887114286422732 0.73302391171455394 0.0096768694929778593 -3.5831278562545772 16.853241920471195 0.12448183819651605 0.2861525565385819 1.1745360493659975 0.035256654024124152 0.0056708625052124271 0.16346363723278048 0.002363574225455523 -0.00089846621267497529 0.090935770422220244 0.18015941232442859 0.78698650002479564 0.00097363308304920803 0.23251934349536899 0.42062582075595861 5.1790761947631845 -2.2795002460479732 0.02025050483644009
decision_type=2 2 2 2 2 2 2 2 2 2 2 2 2 2 2 2 2 2 2 2 2 2 2 2 2 2 2 2 2 2 2 2 2 2 2 2 2 2 2 2 2 2 2 2 2 2 2 2
left_child=1 5 6 4 13 21 23 9 15 -6 -11 27 -9 -2 -15 -7 17 -4 24 28 26 29 -19 -3 25 -16 31 -12 41 -1 -5 47 34 -29 45 -31 37 -24 -30 -25 -8 -17 46 -10 -18 -27 -40 -14
right_child=3 2 16 30 7 8 40 12 43 10 11 -13 20 14 18 19 44 22 -20 -21 -22 -23 36 39 -26 32 -28 33 38 35 -32 -33 -34 -35 -36 -37 -38 -39 42 -41 -42 -43 -44 -45 -46 -47 -48 -49
leaf_value=0.085737825153153618 0.11481323427325613 -0.15838422673942232 0.2047885681722568 0.12936731449212294 0.17798266431272433 0.21995101229942249 -0.081792480854007144 0.10628713466425127 0.14336195907868943 0.16964814241910983 -0.062553445840523692 0.15633429941659924 -0.099908441362151615 0.058047916429119162 0.19003343946879195 -0.031225388393506213 -0.077400786807358735 0.037011665757301464 0.1087693713120645 0.15555108156625996 0.11771754146255697 0.16185687496122553 -0.13986090287196293 -0.24681885567831319 0.065950669456270775 -0.092815819214609269 0.067210095457174643 0.019222626445734439 0.18740106528846082 -0.1631122517803191 0.25344176435343396 0.020758186999343564 0.11412989776885463 0.098971849436888276 -0.045624879082019794 -0.059687494759440747 0.076938447653131042 -0.015132852651376575 0.044387186610021515 -0.11536918874200384 0.080479238605403292 -0.18372835326279063 0.16675579852025599 0.32240567941661402 0.07620979405970478 -0.1720297974227869 -0.069538464859594751 -0.021577634047250549
leaf_weight=712.94387305527925 1615.1380199827254 7963.464256701991 421.44083918444812 4268.6800313591957 5414.2574639935046 977.8996731005609 4926.6689273724332 3123.7257624920458 3211.325854441151 3727.4718731958419 2966.9218766018748 3721.1152934655547 7634.8709466885775 3116.8316393513232 366.49972848780453 6243.5326924752444 1085.959965147078 1538.7528721140698 1059.116582011804 1423.2486397624016 1529.6567058935761 507.23695920035243 9983.7445916803554 13943.933472550474 1276.7301535801962 5470.0942557761446 2410.461416055914 10073.829280367121 768.02321715652943 3973.7933871559799 2454.5534238293767 3172.0897116176784 456.97868197783828 5144.8771953694522 3948.2751872688532 4024.1396979335696 522.14518111944199 1529.7380075175315 2889.002953119576 1266.494480708614 878.55591194331646 915.32091915234923 710.40981042571366 695.43157246895134 2581.5764943398535 5367.4253920922056 2245.9301114454865 3582.5622546095401
leaf_count=2435 6628 84614 2770 25916 28333 4455 31191 14525 16835 18741 22734 19536 51117 17222 2605 36632 7677 12043 5598 6591 7400 2177 87255 204266 8864 37756 13141 50116 3781 29720 18994 12874 2038 25907 24392 22684 2428 12415 11913 11640 3195 5116 3536 5144 14299 47399 12193 20812
internal_value=0 -0.0797359 -0.135185 0.0348214 0.022297 0.00852358 -0.17884 0.0494847 0.0495415 0.0868631 0.0675918 0.050197 -0.00458962 -0.0406251 -0.0525735 0.0190913 -0.0635293 -0.0882265 -0.071817 0.00611852 -0.0235172 -0.0807685 -0.0973749 -0.209302 -0.0831791 -0.0954123 -0.0364128 0.0284444 -0.00929801 -0.094971 0.17477 -0.0538094 -0.10232 0.0462204 -0.109051 -0.111151 -0.114599 -0.123335 0.0355708 -0.235915 -0.0571387 -0.050817 0.0155076 0.175435 0.0305806 -0.132106 -0.00534839 -0.0749403
internal_weight=0 75940.7 46642.5 81902.2 75178.9 29298.2 28979.1 52501.8 20080.1 31048.5 25634.2 21906.7 21453.4 22677.1 21062 16173.4 17663.4 13995.8 17945.1 15195.5 18329.6 9218.11 13574.4 23173.9 16886 15609.3 16800 18185.6 13772.2 8710.88 6723.23 14389.5 15242.8 15218.7 14785.8 7997.93 12035.6 11513.5 6613.37 15210.4 5805.22 7158.85 5845.34 3906.76 3667.54 10837.5 5134.93 11217.4
internal_count=1119653 637005 473793 482648 437738 163212 334906 285236 106196 165367 137034 118293 119869 152502 145874 84217 138887 116911 128652 79762 105344 57016 114141 300520 123054 114190 97944 98757 73171 54839 44910 84803 111585 76023 109547 52404 102098 99670 31423 215906 34386 41748 27642 21979 21976 85155 24106 71929
is_linear=0
shrinkage=0.5


Tree=23
num_leaves=49
num_cat=0
split_feature=2 9 8 8 2 2 9 16 16 6 6 10 14 12 14 10 14 8 13 9 10 9 6 8 16 9 13 14 11 10 9 8 6 4 16 9 2 11 12 12 14 10 14 10 14 3 6 6
split_gain=705.464 522.477 478.643 566.151 321.544 263.885 254.373 244.276 220.936 226.846 200.07 179.079 222.436 165.978 162.955 222.954 194.725 148.479 109.015 107.756 101.037 97.7633 95.1976 94.5879 89.2749 81.3711 81.2776 71.1816 65.16 63.9958 63.486 61.6369 60.7783 59.736 62.6468 59.268 55.886 54.66 125.767 85.1548 54.6537 54.3346 73.5219 51.8496 88.7679 48.8528 48.7346 48.6324
threshold=-0.064800426363944993 -0.0029754658462479706 0.077596317976713194 -0.038604140281677239 -0.21539790183305738 0.21204871684312823 0.0033087220508605246 -1.7795858979225156 -2.219167828559875 -0.07062875851988791 0.059167370200157172 3.689014315605164 4.8752405643463144 1.7201604843139651 1.3851261138916018 2.7466168403625493 9.2367162704467791 -0.075498204678297029 -0.50595182180404652 -0.0056054426822811356 -2.1646585464477535 -0.0024709068238735195 0.18015941232442859 0.17663337290287021 0.25064590573310858 -0.0015012015937827525 0.72429212927818309 4.5933716297149667 1.369414269924164 2.2787679433822636 -0.0043291342444717875 0.02205686550587416 0.039384603500366218 0.088486153632402434 -0.58765211701393116 0.0061039512511342773 -0.27803111076354975 1.0782358050346377 1.1761768460273745 1.3922175168991091 3.9745092391967778 6.2222929000854501 6.5475947856903085 2.8667459487915044 4.6845073699951181 -0.039666147902607911 0.041674315929412849 0.039384603500366218
decision_type=2 2 2 2 2 2 2 2 2 2 2 2 2 2 2 2 2 2 2 2 2 2 2 2 2 2 2 2 2 2 2 2 2 2 2 2 2 2 2 2 2 2 2 2 2 2 2 2
left_child=4 5 3 17 36 19 8 47 40 45 23 12 21 14 18 16 20 -3 -11 -2 -16 -9 25 43 41 -22 27 -19 31 -29 -14 37 -21 34 -23 -8 -1 38 -27 -39 -5 42 -17 44 -4 -10 -33 -6
right_child=1 2 10 6 7 -7 35 11 9 13 -12 -13 30 -15 15 24 -18 26 -20 32 22 33 -24 -25 -26 28 -28 29 -30 -31 -32 46 -34 -35 -36 -37 -38 39 -40 -41 -42 -43 -44 -45 -46 -47 -48 -49
leaf_value=-0.27601712897158459 -0.22171627885589204 -0.10501210357095159 -0.031613898912461254 -0.060236947859785485 -0.13551795003607089 0.23016408316577366 -0.01091014991217565 -0.14621262992115328 -0.18733666623621767 -0.029821189235626766 -0.18973881865140543 -0.13469131728787928 -0.18225439251160064 -0.32753510124616381 -0.11054206756891903 -0.024425307579618451 0.18106263315606833 -0.046954154469554539 0.051753970439155923 -0.064099815250654696 0.039898837944073028 -0.064821137125890382 -0.12044863229760555 -0.13801498372210089 0.09108312594200399 0.027113410365861911 0.089048930458508382 0.061066633004909068 -0.12166698711348219 -0.040725548212907851 0.067670044926645134 0.076472019003607838 -0.18344205861774041 -0.15839603084600748 0.0010338716436448488 -0.10889830435634128 -0.14574726352931175 0.1256233468287383 0.10593870037038972 -0.14861343800576268 0.019512657136595616 -0.060817030079805351 0.062161578341975728 -0.081512106608652352 0.071351864612952814 -0.038599816188660249 0.0044487465213507264 -0.29053559279686841
leaf_weight=1422.8800371410325 1779.4463653154671 5546.7928838469088 6577.7506663445383 4476.3084980510175 2986.6049671331421 602.11193672660738 6072.2099412232637 1963.7522252053022 771.1645711697638 6520.6356492880732 2326.9158202074468 3289.3188708461821 260.87944969814271 267.69760245084763 696.46461477689445 4958.3915693424642 4961.8866922203451 11004.748695993796 10985.703539229929 6252.8430309928954 9874.6709094550461 5475.1957912612706 582.16192255169153 1801.9909931952134 3494.9032231699675 6879.9500508662313 1797.1550572887063 3771.8874905370176 362.19455484300852 2607.4558005388826 7641.9235904607922 13233.799627218395 1294.6439587883651 838.24932952411473 10561.678165451623 2074.8193519692868 2032.0503005408682 17664.361685723066 19338.305800814182 285.21939113736153 4116.5611505955458 2787.5050295554101 4837.9592404905707 2360.9502658117563 3068.76845738478 1984.9847780056298 2873.7780316639692 619.50509114889428
leaf_count=30663 11377 25557 30683 27707 26017 3430 27331 13062 4053 39270 25542 28899 2484 1801 3502 23473 20127 51628 43765 28314 40352 35643 4787 12489 14162 28438 6237 15316 1831 13682 41376 52775 8648 5377 54547 10335 26466 71088 78549 1306 25696 16462 23860 12991 13294 8915 13041 13305
internal_value=0 0.0213578 0.0278359 0.0363786 -0.0543349 -0.090129 0.0495616 -0.0393934 0.0552775 0.0611379 -0.0540986 -0.024606 -0.0110419 0.0646713 0.0656304 0.0739768 0.085194 -0.0329596 0.0213409 -0.110882 0.0785586 -0.0405925 0.0804197 -0.0311947 0.0203978 0.0820868 -0.0120932 -0.0225825 0.088948 0.0193825 0.0593345 0.0902239 -0.0846588 -0.028264 -0.0214213 -0.0359366 -0.199607 0.0999006 0.085275 0.12123 -0.0219755 0.000721032 0.0182868 -0.0151122 0.00109393 -0.0804503 0.0636543 -0.162361
internal_weight=0 180895 170966 154830 37092 9929.05 130102 33637.1 121955 113362 16136.4 30031 26741.7 110606 110338 92831.6 76752.8 24728 17506.3 9326.93 71790.9 18838.9 71094.4 13809.5 16078.8 70512.3 19181.2 17384.1 60637.6 6379.34 7902.8 60275.4 7547.49 16875.1 16036.9 8147.03 3454.93 44167.8 26218.3 17949.6 8592.87 12583.9 9796.35 12007.5 9646.52 2756.15 16107.6 3606.11
internal_count=1119653 841814 790045 695046 277839 51769 582626 220710 544960 491557 94999 181388 152489 478589 476788 393753 315796 112420 83035 48339 295669 108629 292167 69457 77957 287380 86863 80626 247028 28998 43860 245197 36962 95567 90190 37666 57129 179381 106987 72394 53403 63795 47333 56968 43977 12968 65816 39322
is_linear=0
shrinkage=0.5


Tree=24
num_leaves=49
num_cat=0
split_feature=10 14 10 14 14 16 5 16 7 14 8 6 16 8 16 3 3 9 9 10 3 10 14 4 14 5 3 8 3 8 8 14 16 5 6 10 12 0 6 8 10 3 8 10 3 8 16 0
split_gain=580.355 488.163 635.573 386.505 307.362 188.261 180.311 165.009 144.202 121.294 105.357 79.068 76.913 76.6915 75.0519 73.7302 72.6622 70.5969 82.774 69.8105 68.4617 63.962 62.6712 52.9753 48.2287 48.0281 50.6487 47.5922 43.7758 43.2626 47.6204 43.1449 42.788 39.7104 39.1375 37.801 34.1357 34.0818 32.2337 32.0851 31.8 31.0168 31.0058 30.7929 30.2729 30.8343 30.1349 30.07
threshold=2.8667459487915044 2.0515363216400151 0.49644815921783453 4.6387345790863046 17.503860473632816 -0.077685978263616548 0.10242820158600809 0.35336799919605261 0.021869719959795478 12.720792293548586 0.21455493569374087 0.12448183819651605 0.034569222480058677 0.079698219895362868 -2.0722030401229854 -0.054824125021696084 0.040634779259562499 -0.0021404331782832737 0.0027341288514435296 1.0954561829566958 0.10105215013027193 4.3694505691528329 6.7768707275390634 0.079157285392284407 3.0684059858322148 -0.014936885330826042 -0.084704671055078493 0.015297182369977238 -0.12826955318450925 0.031304085627198226 -0.0509224385023117 5.9953763484954843 0.41960529983043676 0.090140286833047881 0.014784693252295257 0.05190724320709706 1.4365174174308779 0.44164982438087469 0.16346363723278048 0.050733126699924476 13.487078666687013 -0.052187286317348473 0.060639301314949996 -0.16862672567367551 -0.070920709520578371 -0.059873962774872773 0.69430947303771984 0.47362974286079412
decision_type=2 2 2 2 2 2 2 2 2 2 2 2 2 2 2 2 2 2 2 2 2 2 2 2 2 2 2 2 2 2 2 2 2 2 2 2 2 2 2 2 2 2 2 2 2 2 2 2
left_child=1 5 3 12 6 25 8 9 21 10 11 19 34 17 -6 -9 38 -7 32 31 27 36 35 24 -23 -1 -27 -16 -21 30 -17 41 -19 -30 -3 -5 -2 -26 -10 -14 -39 -4 -11 -24 -34 -46 -32 -8
right_child=4 2 7 22 14 13 47 15 16 42 -12 -13 39 -15 20 29 -18 18 -20 28 -22 23 43 -25 37 26 -28 -29 33 -31 46 -33 44 -35 -36 -37 -38 40 -40 -41 -42 -43 -44 -45 45 -47 -48 -49
leaf_value=0.059635399897960802 0.0878333568443809 -0.028135092397177649 0.055020275798506907 -0.1727824859340728 -0.16809972334765691 0.048626823615521085 0.085305014292243922 0.04444430695351817 0.060591130462396184 -0.079592228096031073 -0.28883996239299453 -0.12050947999305789 -0.13593933201611227 0.11547644211590365 0.060223160372898182 0.067215753668500924 -0.076612508702352769 -0.052320722573195096 0.04966247433612575 0.17297744010512464 -0.16314192662738333 0.042977642963757771 -0.27414340096304746 0 0.19391327637847652 0.097562059117524635 0.019713533768057543 -0.064527170411220372 0.023062879065747253 -0.020079876915119199 -0.12162043946532038 -0.067741109598681015 0.014133352188420318 -0.068375548308235307 -0.075409160747941434 -0.089879851439186698 0.02146412429142237 0.13975243631220144 -0.16170718860916825 -0.0040083944042288173 0.012332526463703869 -0.013752339485481341 -0.22532285622332515 -0.18326126820494248 0.13542569253460029 -0.15577263501581945 -0.22282317989004746 -0.15763630611175464
leaf_weight=15192.333014904521 11081.905571689364 13290.817035076208 1905.8250075150281 3732.0292640661355 1177.6230552205816 1774.8936349379364 143.95024380460382 836.36268154717982 3231.5301870843396 2109.8573007276282 300.55035029817373 1180.1866143369116 3593.8308226114605 814.32757727056742 1828.9631750611588 248.07506396993995 1725.2632668698207 5464.4424701668322 1471.0955054282676 474.07027168944478 715.91479476867244 1199.3563785115257 1735.2964140940458 752.56931315129623 3020.0271563669667 2254.8851652815938 29104.51872992469 1310.6128117665648 36653.121518150903 924.58061477541924 2081.6423250087537 3312.252336749807 329.21952314162627 1223.6079893414862 6573.0758690661751 2235.4416315234266 2374.1707462193444 5238.1648632693104 169.68183281598613 537.67878957139328 549.95141944335774 11649.183606610168 448.33023921959102 2172.2729263552465 91.722588921897113 2526.4117098716088 1179.6128671430051 935.3363465545699
leaf_count=64069 56132 59180 8006 27570 13521 15350 768 7150 17706 12132 5821 15984 41676 4842 10544 2885 19484 35943 12613 2055 14166 5617 14407 5273 13627 8803 126124 9142 170345 9129 23051 19290 2763 10966 39163 15054 11667 32722 3387 4213 4286 56992 4077 16205 963 29961 19368 15461
internal_value=0 -0.0140283 -0.0355947 -0.09106 0.0567792 0.0219163 0.0757218 -0.00647217 0.0831156 0.00106062 0.00587484 0.00745935 -0.0567606 -0.0326156 -0.0576097 -0.0912469 0.00682769 -0.0430121 -0.0595237 0.0102056 -0.023697 0.0992439 -0.17434 0.128052 0.137672 0.0365375 0.0253301 0.00798309 0.0220014 -0.116959 -0.142328 -0.0165842 -0.0786817 0.020094 -0.0438065 -0.141831 0.0761629 0.150502 0.0493097 -0.118896 0.127736 -0.00404273 -0.105405 -0.223808 -0.127352 -0.145332 -0.158436 -0.124722
internal_weight=0 157422 98397.7 33870.4 35455 59023.8 30421.9 64527.3 29342.6 59257 56698.8 56398.2 23995.4 12472.1 5033.11 5270.27 5126.48 11657.8 9882.89 55218.1 3855.49 24216.1 9875.04 10760.1 10007.5 46551.7 31359.4 3139.58 38350.8 4433.91 3509.33 16867.3 8411.8 37876.7 19863.9 5967.47 13456.1 8808.14 3401.21 4131.51 5788.12 13555 2558.19 3907.57 2947.35 2618.13 3261.26 1079.29
internal_count=1119653 886150 584719 217468 233503 301431 186130 367251 169901 305668 289459 283638 144232 102435 47373 61583 40577 97593 82243 267654 33852 129324 73236 61525 56252 198996 134927 19686 183366 54433 45304 84288 69630 181311 98343 42624 67799 50635 21093 45889 37008 64998 16209 30612 33687 30924 42419 16229
is_linear=0
shrinkage=0.5


Tree=25
num_leaves=49
num_cat=0
split_feature=14 14 12 0 16 13 14 13 3 3 16 12 2 16 12 2 12 15 12 12 13 12 15 6 12 15 13 0 0 14 2 13 13 14 13 14 2 15 13 15 2 2 4 12 2 6 2 12
split_gain=1055.52 258.582 166.907 155.738 124.699 112.85 112.832 110.512 128.736 104.613 101.022 93.6994 88.9032 79.4383 76.1963 75.0798 72.3536 70.6992 65.3013 64.7735 59.5617 54.8024 43.9508 42.1073 40.66 40.0658 44.3271 39.0174 37.3969 36.6701 39.9163 36.3252 36.0906 34.2638 30.4011 28.6294 28.5009 28.2789 28.1728 34.1412 26.4872 25.8933 25.7417 24.7993 24.5351 24.4896 24.0118 23.7347
threshold=10.429485321044924 6.5475947856903085 1.7201604843139651 0.88564595580101024 -1.299478232860565 0.43014982342720037 15.66709613800049 -0.093809012323617921 0.15879228711128238 0.047368628904223449 0.057327821850776679 1.4365174174308779 -0.059232249855995171 -0.021504170261323449 1.6431928277015688 -0.36193440854549402 1.4537268280982973 5.2290766239166269 1.363434970378876 1.4666116237640383 -0.024182716384530064 0.89429974555969249 5.2212600708007821 0.023970048874616626 0.79676747322082531 5.1132068634033212 -0.56072592735290516 0.65636923909187328 0.74784392118453991 1.6634972691535952 -0.061927113682031625 -0.86327719688415516 0.59717071056365978 1.298895597457886 -0.96007007360458363 3.8644413948059086 -0.095086764544248567 5.0317387580871591 -0.44624529778957361 5.1923205852508554 -0.25253529846668238 -0.3338856697082519 0.07709780335426332 0.86884266138076793 0.053938433527946479 0.016358081251382831 0.12505220621824267 0.79676747322082531
decision_type=2 2 2 2 2 2 2 2 2 2 2 2 2 2 2 2 2 2 2 2 2 2 2 2 2 2 2 2 2 2 2 2 2 2 2 2 2 2 2 2 2 2 2 2 2 2 2 2
left_child=1 2 3 4 12 11 19 10 22 14 15 13 -1 47 16 -5 17 29 38 32 24 -17 -9 -12 -19 -18 -27 46 -7 -6 -31 -16 43 -23 -13 -26 -35 -32 39 -14 -29 -25 -42 -2 -39 -24 -11 -3
right_child=6 5 -4 7 9 28 -8 8 -10 27 23 34 18 -15 31 21 25 20 -20 -21 -22 33 45 41 35 26 -28 40 -30 30 37 -33 -34 36 -36 -37 -38 44 -40 -41 42 -43 -44 -45 -46 -47 -48 -49
leaf_value=-0.072650076166117405 -0.06191725701116059 -0.0073279906524051979 0.25471501848420491 -0.19569780554633254 0.058297147899562855 0.015905281008785934 -0.27467746792084996 0.10196971207164393 0.31455680973574152 -0.019879240411443573 0.032099329903311838 0.14613671826338481 -0.076666637475462721 -0.022132568892444898 0.063110670491466778 0.08267139495259325 0.010433466335708927 0.1060538941220498 0.031792874088677384 -0.026333742799822264 -0.04032995846448708 0.050141238360821627 -0.015311897963557631 -0.051302663743822231 0.021120889172075608 0.11117749328449175 0.049892193483941479 -0.078642560100788142 0.15206259526537613 -0.01257951513801585 -0.025981357786310343 -0.056281565115292427 0.05043682519136599 -0.044862203047565836 -0.0029760433149272716 -0.032768951356378181 0.0076660138942444504 0.05070716602271285 -0.00072663335455150943 -0.01317552263592502 0.022523813489127523 0.10642627015833855 -0.037032008688644147 -0.19623223212687743 0.014305500592719584 0.078088046301627745 -0.081998728374697794 -0.11198578606900902
leaf_weight=5785.3030224302784 400.83107128553092 593.54724582703784 753.91862518340349 426.26241205725819 12905.192818935961 1391.6507578827441 2296.3308056262322 6152.5295952949673 616.92666007019579 9795.0036814920604 3830.2318288553506 373.90574584621936 3892.4334321441129 4512.0045537436381 764.80306187458336 2672.9216356622055 3024.8842413797975 1193.5145236477256 8482.3838711204007 1013.3015404934995 6200.3025707155466 3457.6293535530567 1559.4801459182054 267.53047390002757 12152.581902872771 5007.5719593521208 7307.6034413613379 819.74963707197458 798.91687839571387 5384.1474845055491 1751.644916979596 3705.1447677873075 173.19663385441527 3449.3064459054731 3814.3491578605026 3084.9859390519559 10232.664760296233 15561.120273863897 8004.4623311124742 4693.0219169263728 12205.385227222927 5774.9675077693537 2124.9167833980173 3082.1338445614092 6651.340983228758 1264.752044999972 1859.576446980238 7766.275351384189
leaf_count=31760 5153 3846 3610 3655 46897 9891 66256 25365 2590 41212 15188 2989 20971 28980 2907 12463 10955 4768 35065 10707 32393 15026 7272 1609 62500 18707 26374 4366 5462 21325 7234 13809 2512 23054 20424 20030 54606 65582 46865 29470 51630 24167 8981 53119 27639 5596 7782 76891
internal_value=0 0.0142381 0.0200441 0.0190682 0.0113403 -0.0408716 -0.183706 0.0467619 0.0935198 0.0191273 0.0318454 -0.0546057 -0.0167805 -0.075746 0.0277445 0.0115874 0.0312879 0.0239736 -0.0038666 -0.138812 0.00139864 0.0160819 0.07824 0.0733176 0.0171769 0.0621895 0.0748595 -0.0080819 0.0658378 0.0360528 0.0262527 -0.0357323 -0.169832 0.00566392 0.0102483 0.0101761 -0.00554243 0.0349984 -0.0221302 -0.0420246 0.00862392 0.0993528 0.0136559 -0.180941 0.0398306 0.0263505 -0.02984 -0.104617
internal_weight=0 202067 182816 182062 142357 19250.6 6965.79 39705.2 9593.69 111499 30111.5 17060.1 30857.6 12871.8 84694.8 20238.8 80224.9 64884.8 25072.3 4669.46 22631.4 19812.5 8976.76 9872.73 16431.1 15340.1 12315.2 26804.6 2190.57 42253.4 29348.3 4469.95 3656.16 17139.6 4188.25 15237.6 13682 23964.1 16589.9 8585.46 15150.1 6042.5 14330.3 3482.96 22212.5 2824.23 11654.6 8359.82
internal_count=1119653 981906 833423 829813 639222 148483 137747 190591 40823 475091 149768 133130 164131 109717 361120 108804 344404 288368 132371 71491 119691 105149 38233 40964 87298 56036 45081 113971 15353 168677 121780 16716 60784 92686 23413 82530 77660 100455 97306 50441 64977 25776 60611 58272 93221 12868 48994 80737
is_linear=0
shrinkage=0.5


Tree=26
num_leaves=49
num_cat=0
split_feature=13 1 8 2 16 16 5 4 3 16 4 2 15 15 1 8 1 6 13 8 13 4 16 2 16 13 13 3 8 15 1 16 8 16 6 2 4 0 3 5 15 2 0 16 0 8 16 2
split_gain=1706.94 882.838 854.246 565.622 519.866 431.137 421.194 350.69 322.057 217.639 211.779 213.854 209.741 197.659 191.761 180.992 174.351 161.818 156.293 164.485 151.566 140.658 137.271 132.227 129.98 121.785 118.887 115.332 98.5565 156.303 97.5613 92.9587 89.1186 88.9393 88.7617 82.3436 81.7638 77.4637 74.3838 72.8486 72.8265 72.2986 72.099 71.3533 70.2161 68.1366 66.7778 66.6161
threshold=-0.31003560125827784 0.57788023352622997 0.086136166006326689 0.023587403818964962 -0.28428635001182551 -2.4882816076278682 0.067625179886817946 0.050684059038758285 -1.0000000180025095e-35 -1.3153570294380186 0.04012135602533818 0.16850955784320834 5.1726315021514901 5.1435923576354989 0.68015995621681224 0.15956523269414905 0.37983892858028417 0.092336159199476256 -0.78342819213867176 0.18735688179731372 -0.49127985537052149 -0.043516822159290307 -1.3470091223716734 0.1868558079004288 -0.90931957960128773 0.29111693799495703 0.70644649863243114 0.10733608528971673 0.03281724080443383 5.1132068634033212 0.42858774960041052 -3.5831278562545772 0.021450709551572803 -2.5298522710800166 0.00032466049015056347 -0.044750928878784173 0.1003251187503338 0.68133172392845165 0.12343078479170801 0.036478949710726745 5.1779921054840097 0.0033808384323492651 0.8365655541419984 -0.74043270945549 0.42062582075595861 -0.072952784597873674 -3.3009693622589107 0.10437152907252313
decision_type=2 2 2 2 2 2 2 2 2 2 2 2 2 2 2 2 2 2 2 2 2 2 2 2 2 2 2 2 2 2 2 2 2 2 2 2 2 2 2 2 2 2 2 2 2 2 2 2
left_child=1 2 3 7 27 12 13 8 34 16 22 36 46 25 23 32 33 28 19 41 40 -8 30 -6 -9 45 -17 43 29 -11 -5 -14 -15 -10 37 -34 -12 -1 -16 -22 -20 -4 44 -3 -36 -7 -2 -24
right_child=5 4 18 10 14 6 21 24 9 17 11 -13 31 15 38 26 -18 -19 20 -21 39 -23 47 -25 -26 -27 -28 -29 -30 -31 -32 -33 35 -35 42 -37 -38 -39 -40 -41 -42 -43 -44 -45 -46 -47 -48 -49
leaf_value=-0.094465597280399924 0.25014602937199693 0.62607238666984444 0.086842773414869234 -0.06187197078963292 0.055450384204090028 0.13624641362378642 0.17330258874990556 0.1935777020937994 0.11135661995399741 0.044588534252132841 0.0057206380168921857 -0.11496150170221042 0.08067260844033633 -0.24089138500777277 0.33609290169975081 0.14090414669597257 0.2102987383746707 0.063462662302567446 0.17827269926568257 0.1939509844983853 0.047294940179640414 -0.042478939350399023 -0.10406876520085646 -0.16519031565924419 0.053823641333799507 -0.16494164105530798 -0.20753522469004401 0.25298446640075412 0.045890196386236981 -0.082178745298748301 0.18430400200116845 -0.11415940539818854 -0.06218878132505546 0.013520385049346636 -0.078713143832009266 -0.19308726089621167 0.13186871667901279 -0.26854135650275307 0.14065971301810709 0.28812605694434046 0.38604781911075325 -0.024111950925801082 -0.12793639749921101 0.33405828997431825 0.023894779108392088 -0.070683664531497464 0.068952247337869782 -0.17613688146180831
leaf_weight=4548.9506136565469 734.75648029521108 393.73166241310537 3466.5793945016339 7543.0858176797628 5307.7957057585008 427.39769977983087 1123.5957755697891 3054.303904466331 3637.1578197591007 3190.8214551955462 4931.2328969929367 3423.6748435813934 796.775042001158 8342.081581834238 637.15093763498589 648.71235035546124 2005.8723966199905 5906.2597165126354 684.69401065073907 2441.8561367122456 1354.4739492656663 2292.8579012919217 8575.1799246934243 776.90717160794884 3684.408182553947 4535.7497040303424 391.6166152888909 2389.3928030561656 3192.3883872716688 10154.644688329659 423.29031235352159 2600.4818225242198 1560.8523317268118 6465.62543172203 2672.0112230945379 5421.0604656329378 1740.4688676260412 748.4884894490242 2159.3591227307916 411.02304926514626 1160.1614376660436 2535.9169289488345 1756.6222821613774 481.94565506186336 4420.717666786164 5340.0393141768873 1690.5738576892763 5193.6190351550467
leaf_count=47021 2576 1929 22121 41503 31975 3299 8344 16624 16224 16729 30636 16682 2779 142156 4027 3091 12439 28308 3714 21636 7160 22646 79437 4191 25802 55648 2406 15462 17401 68506 2283 12018 15393 34147 21739 67124 8589 7351 11003 2083 6589 13098 9659 3129 27608 54687 7043 43638
internal_value=0 0.0126626 -0.00289368 -0.0201329 0.139901 -0.112684 -0.136788 0.0103607 -0.00442312 0.0215833 -0.0732572 -0.0133558 0.0117727 -0.157966 0.0770895 -0.192161 0.0756097 -0.00754391 0.121858 0.084515 0.209015 0.0283705 -0.101055 0.0271739 0.11726 -0.103594 0.00918575 0.310525 -0.0329354 -0.0518309 -0.0487073 -0.0683071 -0.205862 0.0488 -0.0679747 -0.163909 0.0387191 -0.119202 0.18547 0.103777 0.309344 0.0398875 -0.0372425 0.466492 -0.0146954 -0.0552414 0.124132 -0.1313
internal_weight=0 111470 99323.5 87268.8 12146.3 35906.6 30084 55438.3 48699.6 34552.8 31830.6 10095.4 5822.59 26667.5 8881.21 16364.3 12108.7 22444.1 12054.7 8444.35 3610.35 3416.45 21735.2 6084.7 6738.71 10303.2 1040.33 3265.07 16537.9 13345.5 7966.38 3397.26 15324 10102.8 14146.8 6981.91 6671.7 5297.44 2796.51 1765.5 1844.86 6002.5 8849.35 875.677 7092.73 5767.44 2425.33 13768.8
internal_count=1119653 720443 648727 572326 71716 399210 374794 349558 307132 193754 222768 55907 24416 343804 51196 230170 62810 130944 76401 56855 19546 30990 166861 36166 42426 113634 5497 20520 102636 85235 43786 14797 224673 50371 113378 82517 39225 54372 15030 9243 10303 35219 59006 5058 49347 57986 9619 123075
is_linear=0
shrinkage=0.5


Tree=27
num_leaves=49
num_cat=0
split_feature=15 1 16 10 16 8 1 15 1 7 8 8 8 16 1 7 1 15 3 14 8 15 8 16 16 8 10 16 7 14 16 15 15 14 7 16 7 10 14 14 7 15 1 14 10 16 1 14
split_gain=673.037 563.531 459.603 275.819 240.479 232.151 194.815 188 169.622 159.609 154.167 135.202 134.748 132.727 128.879 106.161 99.6608 88.7308 87.8216 81.7283 80.436 78.2072 77.2436 76.984 75.5057 64.4229 60.7463 60.5431 56.3182 56.2173 54.6986 51.9209 51.6949 48.8639 48.0875 47.1078 45.1643 43.4001 41.5162 40.7479 40.7004 39.8018 39.6852 39.6024 43.0024 39.2908 38.5198 38.378
threshold=5.1512687206268319 0.42858774960041052 -1.6594548821449278 3.0932742357254033 0.34045864641666418 -0.029357044026255604 0.60669776797294628 5.2559525966644296 0.63165828585624706 -0.050834069028496735 0.022647117264568809 -0.10282425582408904 0.068414308130741133 -0.15344824641942975 0.32857944071292883 -0.053291905671358102 0.52223926782608043 5.2509696483612069 0.080705780535936369 3.791767001152039 0.037813592702150352 5.2522065639495858 -0.046638527885079377 -0.82436722517013539 -2.3790723085403438 -0.068531345576047883 -1.6218187212944029 -3.3868509531021114 0.07098784297704698 2.8509500026702885 -0.88476553559303273 5.1979954242706308 5.0458695888519296 4.9768187999725351 -0.040370853617787354 -1.1842088699340818 -0.040370853617787354 0.76070982217788707 7.0148112773895273 6.6261110305786142 -0.089591499418020235 5.2204651832580575 0.36573913693428045 3.6880577802658085 1.9181769490242007 -0.37269349396228785 0.51006951928138744 11.076449871063234
decision_type=2 2 2 2 2 2 2 2 2 2 2 2 2 2 2 2 2 2 2 2 2 2 2 2 2 2 2 2 2 2 2 2 2 2 2 2 2 2 2 2 2 2 2 2 2 2 2 2
left_child=2 3 24 5 7 17 20 23 11 -7 13 -4 15 14 19 40 43 25 27 35 22 30 -6 46 -1 39 -17 -12 33 -19 -16 -25 -28 -29 -5 -11 -24 -35 -34 -2 -13 -8 -26 -9 -45 -10 -3 -27
right_child=1 4 8 34 6 9 41 16 45 10 18 12 -14 -15 21 26 -18 29 -20 -21 -22 -23 36 31 42 47 32 28 -30 -31 -32 -33 38 37 -36 -37 -38 -39 -40 -41 -42 -43 -44 44 -46 -47 -48 -49
leaf_value=-0.11036366774585238 -0.1247196576221058 -0.10377782737764286 -0.17497167150347512 -0.17422825912714368 -0.12289625707658035 -0.098187348047246187 -0.077976267384846018 -0.1593944382330392 -0.27050627641890196 0.0029039750218353873 -0.14983226920676679 -0.23476177244460344 -0.019078769387015714 0.09634542127292324 -0.032205663643522509 -0.035906489319710508 -0.24114823976355354 -0.17643595450820967 -0.08650688337659003 0.1033096296568843 -0.084424085464377824 -0.082340732777039682 -0.11673488877629808 -0.013193590600710891 -0.0044332032827008134 -0.0052130295615362924 0.10889091278806924 0.0067212479215851117 -0.13974430063838231 -0.048238169646901523 0.057635381686525149 -0.072928751590600346 0.064191138816646912 0.11879150911557319 -0.053090927044225474 0.070608423563331704 0.042403440761373395 0.02976722156606482 0.10501951209494133 0.049729113550618494 -0.015686150302002919 -0.20277401006069898 -0.10833184534981338 -5.4461912973721924e-05 -0.1383895625052475 -0.047561205945504628 -0.22979998044569869 0.17412097626975281
leaf_weight=3710.2579151485115 1859.7380556566641 2794.3538579097949 578.39849864784628 883.52062527975067 824.08991209790111 2349.8477035919204 1300.8432798106223 2671.2564559392631 216.88348826300353 5917.1267177378759 551.49204761208966 246.91665232274681 4177.6377095920034 12597.350763026625 3103.2633740529418 1144.717917715665 2491.932934848126 1650.7338454611599 2419.1250849664211 6679.0410136263818 1976.443043966312 2812.6117992540821 463.10505428630859 5891.8771490920335 5649.4295598869212 8705.5491232993081 12189.014649654739 15738.030625565909 552.72215383173898 1804.3332957616076 3718.956455652602 9605.8371286215261 33954.680212295614 2046.9762416877784 11976.752140165772 4562.0652371356264 10515.659086428583 4201.1192090734839 7692.6928485343233 403.03618228808045 1512.6076003424823 1293.8561985353008 1099.4907684093341 1139.7946402020752 1120.8573491969146 2302.9562341175042 788.6838045665063 307.88473313394934
leaf_count=29554 9542 20441 2499 6610 3440 12269 7437 21565 3383 36071 5727 1184 23750 51361 15779 5546 23762 11108 21170 31916 8819 19454 2040 29573 30036 41554 51926 78786 4728 9734 16217 51447 139080 9041 88153 24744 42653 19473 38223 1938 6654 7577 10001 7138 9824 14765 10497 1464
internal_value=0 -0.0148981 0.0441006 0.0066029 -0.0624658 0.0172874 -0.0147881 -0.0918996 0.0599808 0.0297446 0.0343858 0.065195 0.0674863 0.0539974 0.034065 0.0738689 -0.159455 -0.0395454 0.00408207 0.0600545 0.00884749 -0.012168 0.0245144 -0.0655824 -0.0530446 -0.0180082 0.0777414 0.0135979 0.0176254 -0.109665 0.0166968 -0.0502534 0.0801678 0.0216105 -0.061465 0.0324304 0.0356351 0.0590274 0.0717469 -0.0934184 -0.0468292 -0.140454 -0.0214473 -0.118035 -0.0688945 -0.0670482 -0.131713 0.000875908
internal_weight=0 137720 74475.7 94841.3 42878.6 81981 16374 26504.6 64016.5 67249.7 64899.9 61496.7 60918.3 39390.4 26793.1 56740.6 7423.84 14731.3 25509.5 17158.2 13779.3 9634.83 11802.9 19080.8 10459.2 11276.2 54981.1 23090.3 22538.8 3455.07 6822.22 15497.7 53836.4 21986.1 12860.3 10479.2 10978.8 6248.1 41647.4 2262.77 1759.52 2594.7 6748.92 4931.91 2260.65 2519.84 3583.04 9013.43
internal_count=1119653 763052 356601 516839 246213 422076 71966 174247 287010 346736 334467 268862 266363 195542 144181 242613 62289 75340 138925 92731 56952 51450 48133 111958 69591 54498 234775 117755 112028 20842 31996 81020 229229 107300 94763 60815 44693 28514 177303 11480 7838 15014 40037 38527 16962 18148 30938 43018
is_linear=0
shrinkage=0.5


Tree=28
num_leaves=49
num_cat=0
split_feature=15 15 3 3 6 10 14 10 13 13 10 5 3 14 13 14 6 0 6 6 15 15 3 15 3 13 15 10 6 4 6 3 5 13 10 6 10 14 10 14 10 3 3 14 3 13 10 14
split_gain=1163.46 274.652 184.622 179.554 137.992 127.09 124.978 137.664 124.083 108.849 104.255 76.4106 75.6071 73.8612 71.3479 69.3197 65.4577 81.5807 61.5266 59.1607 58.9763 53.7573 44.2776 43.3622 42.2511 40.7085 39.9038 39.1124 37.8187 35.8294 35.5414 33.7248 32.2163 31.2869 39.2366 30.5158 31.9661 35.421 29.9164 69.0516 29.9116 29.0749 27.394 27.2086 27.2045 32.7094 26.9893 44.4237
threshold=5.1409068107604989 5.2503130435943612 0.033730499446392066 0.22893080115318301 0.19030591100454333 2.5955644845962529 2.7188066244125371 0.76070982217788707 -0.66906809806823719 -0.29061385989189142 3.3661875724792485 -0.034604733809828751 0.18619588762521747 13.407486438751222 -0.79131540656089772 6.5475947856903085 0.00032466049015056347 0.78011256456375133 -0.033502226695418351 0.19030591100454333 5.0693876743316659 5.0565819740295419 0.1478156000375748 5.2025904655456552 0.35224644839763647 0.74209058284759533 5.0479729175567636 1.9892288446426394 0.068914923816919341 -0.050937602296471589 0.053526006639003761 -0.019681530073285099 -0.08073610812425612 -0.65259751677513111 3.9925955533981328 0.10952169075608255 1.1422216892242434 1.8782778382301333 0.40506829321384435 2.9835039377212529 -0.035909878090023988 -0.030647085979580876 -0.077089034020900712 4.8261332511901864 0.027441775426268581 -0.71079581975936879 1.1113049387931826 4.6845073699951181
decision_type=2 2 2 2 2 2 2 2 2 2 2 2 2 2 2 2 2 2 2 2 2 2 2 2 2 2 2 2 2 2 2 2 2 2 2 2 2 2 2 2 2 2 2 2 2 2 2 2
left_child=2 3 9 4 5 6 23 15 16 21 11 32 20 33 -9 31 -3 41 -13 24 -4 -1 28 44 46 42 -11 -28 29 -20 -22 -8 -10 -7 -35 36 37 -23 39 -31 -33 -18 -16 -27 45 -2 47 -19
right_child=1 8 12 -5 -6 13 7 14 10 26 -12 18 -14 -15 25 -17 17 19 22 -21 30 35 -24 -25 -26 43 27 -29 -30 38 -32 40 -34 34 -36 -37 -38 -39 -40 -41 -42 -43 -44 -45 -46 -47 -48 -49
leaf_value=-0.086795129759540415 0.048162584609389575 0.041930719354477522 -0.17896819738445394 -0.19145211306410614 -0.25059184630981274 0.028843997849572017 -0.012483053976453435 -0.054188772805120709 0.19377162421893709 -0.16397813335841516 0.1329410621729166 0.10413333198649742 -0.27909185149072768 -0.023962780137261816 0.11845844959986526 -0.14751589877493754 -0.0023457631063028305 0.041452979603021724 0.080246245203564853 -0.16160386269799876 -0.083443888460411744 0.018563870626845252 0.18720751915560685 0.025163264536020191 -0.20359712191636528 -0.020672767658193522 -0.10802479289584975 -0.024672124573451526 0.12048620975171891 0.024590507374756189 -0.19300501399902037 -0.10672818494330938 0.086050955078034813 0.045501869021970238 0.116536330854026 -0.15882153804628085 0.022204390211470759 -0.07447476342801411 0.030718467636200977 -0.075333677612792985 -0.043188148545015362 -0.063840296299344831 0.015102924023934376 -0.22078679458252137 -0.041043066518205794 -0.014052652047096497 0.078148675185292019 -0.1251857269989822
leaf_weight=3282.2070369315334 3048.2919107931666 11615.299164478667 3747.485792061314 1243.1126958986279 545.85336325806566 7219.6678995315451 3505.5002392171882 5214.2411719444208 820.44531144667417 2114.791087763384 4143.8247447775211 3153.2426528185606 928.68964370340109 3909.8273903115187 675.78188188932836 2375.5651387316175 3056.4956283585634 2311.9605694497004 2458.8100372184999 371.15483826305717 5292.9454663500655 1678.4327490399592 440.06156810279936 22444.50540006021 167.37632880639285 429.20465059019625 5210.0263783878181 1952.2606949442998 1041.6296927202493 5276.4213810069486 871.819676150335 3416.9460041020066 4909.8837928990833 4859.7572188717313 3282.7211307757534 341.09107639105059 4625.5568033671007 2588.909627097426 13490.819554597139 2568.4951677452773 4134.4053816888481 5258.5384289873764 12896.952521189582 287.38092228770256 4721.6889450894669 6862.6787672764622 3620.6596320068929 481.9088322436437
leaf_count=24742 15035 49763 48637 28405 12292 39705 19688 30295 3186 21916 18897 11906 32441 27890 3009 18801 12970 11646 9262 5087 51634 10711 1996 98514 2218 2601 48528 14255 4423 19096 17249 24986 18567 21315 14281 6372 25342 19515 50266 9721 25698 21644 66182 2247 32272 37851 23130 3466
internal_value=0 0.0149252 -0.0888722 -0.00280419 -0.000185943 0.00134213 -0.0085493 -0.0309667 0.0397027 -0.0623021 0.0579819 0.0488705 -0.142229 0.0373012 -0.00411208 -0.0699185 0.0136387 -0.00785322 0.038223 0.0320721 -0.129328 -0.0318182 0.029977 0.0113511 0.0430923 0.0141287 -0.103368 -0.0853814 0.0271636 0.0230524 -0.0990479 -0.0531897 0.101592 0.0529266 0.0742123 -0.0122152 -0.00651866 -0.0377679 0.0164342 -0.00806726 -0.0720162 -0.0412989 0.0202941 -0.10182 -0.00980102 0.00503521 0.049638 0.0124964
internal_weight=0 156261 32634.2 91074.1 89831 89285.1 70013.1 32936 65187 21793.3 38303.6 34159.8 10840.9 19272 19503.6 13432.4 26883.4 15268.1 28429.5 6953.06 9912.25 12516.2 25276.2 37077.2 6581.91 14289.3 9277.08 7162.29 24836.2 23794.5 6164.77 11056.9 5730.33 15362.1 8142.48 9233.99 8892.9 4267.34 21335.7 7844.92 7551.35 8315.03 13572.7 716.586 14632.7 9910.97 6414.53 2793.87
internal_count=1119653 798311 321342 521067 492662 480370 377179 193507 277244 171381 147320 128423 149961 103191 104334 89173 129924 80161 106670 45547 117520 86682 94764 183672 40460 74039 84699 62783 92768 88345 68883 70372 21753 75301 35596 61940 55568 30226 79083 28817 50684 34614 69191 4848 85158 52886 38242 15112
is_linear=0
shrinkage=0.5


Tree=29
num_leaves=49
num_cat=0
split_feature=14 11 11 14 11 11 11 16 15 13 0 16 16 11 0 6 11 5 15 13 15 3 15 14 11 15 16 11 3 14 1 13 13 13 1 5 15 15 14 13 15 16 15 13 0 0 15 13
split_gain=537.768 359.238 186.238 159.99 111.297 101.121 80.9888 74.0066 77.4175 74.0147 58.3524 49.3754 47.2815 46.8039 43.1119 39.0313 38.4372 37.7991 44.8669 43.4708 40.1407 37.5413 37.2779 32.4269 32.2285 42.0261 52.5652 39.6525 29.477 29.2222 28.9551 28.428 27.8702 27.8471 27.7515 27.6849 27.2288 26.0983 25.6322 24.4869 23.8044 23.6694 23.6302 23.533 22.7193 22.6166 21.8151 24.1934
threshold=12.720792293548586 1.2651347517967226 1.3748100996017458 1.8987931013107302 1.3166631460189822 1.0782358050346377 0.45407073199748998 -1.1567589044570921 5.2267448902130136 -0.37244904041290278 0.87632450461387645 -0.57546821236610401 -0.22902083396911618 0.9797065556049348 0.96189275383949291 0.023970048874616626 0.31721976399421697 -0.055428508669137948 5.0790433883667001 -0.87565180659294117 5.2683823108673105 0.016804485581815246 5.2328479290008554 6.7001798152923593 1.0630916357040407 5.2283360958099374 -0.7163884937763213 0.46066956222057348 0.10313148051500322 5.5699808597564706 0.29982353746891027 0.43014982342720037 0.61403346061706554 -0.82610496878623951 0.16528464108705523 -0.087347574532031999 5.2275555133819589 5.071369171142579 22.311775207519535 -0.24226126074790952 5.2298479080200204 -0.55231845378875721 5.0317387580871591 -0.42244625091552729 0.64329135417938244 0.65636923909187328 5.2290766239166269 1.0000000180025095e-35
decision_type=2 2 2 2 2 2 2 2 2 2 2 2 2 2 2 2 2 2 2 2 2 2 2 2 2 2 2 2 2 2 2 2 2 2 2 2 2 2 2 2 2 2 2 2 2 2 2 2
left_child=1 3 4 14 11 6 16 29 9 -9 17 -3 39 38 24 -12 -5 44 -19 20 41 -16 43 -21 27 26 -26 -1 34 -7 -30 40 35 -28 -17 -29 -34 -37 -2 -6 -25 -20 -18 -13 -8 -44 47 -14
right_child=13 2 -4 5 12 7 10 8 -10 -11 15 22 46 -15 21 28 42 18 19 23 -22 -23 -24 31 25 -27 33 32 30 -31 -32 -33 36 -35 -36 37 -38 -39 -40 -41 -42 -43 45 -45 -46 -47 -48 -49
leaf_value=0.00051719637110681914 -0.10659322687230427 -0.064970820449651162 0.16311703256715401 -0.11377533804719467 -0.15584658532164924 -0.041809521707051614 -0.051572597419293112 -0.013696974829034252 -0.044412359844723442 0.055449478634711967 0.020100209871684514 -0.0065071167542536529 -0.063055327689668983 -0.25286142008611973 -0.002895711909696958 0.13113570233727753 -0.12984984613682246 -0.018053579857872634 0.015131528033770323 0.022491918903637401 0.146215429353339 0.1053593797861989 -0.055989761031849328 -0.006264620878443713 -0.011122928466988535 -0.019315088044790346 -0.00027161404988809609 -0.03753069537507684 0.21684756167621455 -0.11381623705589181 0.083109092624685771 0.066814658055803361 0.035522799865438673 0.080187657994774425 0.030164328478382685 0.012455393530778548 -0.059419040209666638 0.060047394124784319 -0.26979470167485803 -0.08106957298221075 -0.080107459309108522 0.074526147107636359 -0.036019193654250395 0.066278366936220939 0.012941562105089675 0.017257046657568512 -0.11467281177601872 0.043179284080478046
leaf_weight=4974.9700426161289 1493.6008236084599 4856.6564008037094 974.15954081295058 1134.5926940105855 3590.7034639448393 5841.5963811152615 3329.6840816163458 8641.1193430880085 7559.1106539019383 6996.0290792612359 8379.4898378094658 2381.6122028930113 1985.6760773938149 1589.8417584528215 991.07210755720735 785.04529482452199 429.12993318587542 7508.6594038475305 3617.0794540802017 34205.81029212568 1099.3224414996803 3983.5315456697717 1933.2672586976551 2950.7361631072126 3851.5637287581339 5521.083480658941 1356.4333416558802 818.96418937295675 456.94777596974745 1876.8810627798084 3976.4662893125787 821.05006890557706 2420.5961856395006 4970.5104654319584 5323.1244043475017 3236.9580981563777 1095.0546601749957 28374.344041261822 293.86740884091705 1630.0064242230728 1746.8543113023043 3170.571352340281 3983.8536816909909 2061.543670120649 2294.0051640123129 3969.2363857398741 1249.0399129246362 727.38363312464207
leaf_count=19205 28347 45506 4306 5768 40707 38279 14230 43948 48510 35895 39206 13597 12958 56650 3751 5649 1990 31486 19666 140296 6570 15649 15095 17994 17292 27510 4809 3047 3539 24535 24892 5143 8442 17471 24795 11502 4254 104942 12971 16371 12929 12763 18340 12319 10712 19873 10691 5253
internal_value=0 0.0110606 -0.0502213 0.0182782 -0.0604329 0.00764717 0.0161922 -0.0169869 -0.0028517 0.0172086 0.0214036 -0.0269899 -0.101281 -0.190074 0.0389976 0.0456607 -0.0273772 0.0138389 0.0178283 0.0234979 0.0574287 0.0836954 0.00186579 0.0167473 0.0350603 0.0157493 0.0348183 0.0424563 0.0659275 -0.0593964 0.0970519 -0.0187662 0.0482466 0.0628617 0.0432427 0.0528324 0.00579965 0.0551904 -0.13384 -0.132616 -0.0338416 0.0429558 -0.0156108 0.0271588 -0.0251696 -0.00936835 -0.0598433 -0.0343837
internal_weight=0 203082 21390 181691 20415.9 120096 89181.7 30914.7 23196.3 15637.1 79664.8 11233.1 9182.81 3377.31 61595.1 18921.1 9516.81 60743.8 55120.1 47611.4 7886.97 4974.6 6376.42 39724.5 56620.5 15699.6 10178.5 40920.9 10541.6 7718.48 4433.41 5518.64 35945.9 6326.94 6108.17 32430.3 3515.65 31611.3 1787.47 5220.71 4697.59 6787.65 8382.22 4443.16 5623.69 7953.09 3962.1 2713.06
internal_count=1119653 1021685 176803 844882 172497 607008 415841 191167 128353 79843 369870 86517 85980 97968 237874 98081 45971 271789 246847 215361 38999 19400 41011 176362 218474 67082 39572 151392 58875 62814 28431 36066 132187 22280 30444 119491 12696 116444 41318 57078 30923 32429 40203 25916 24942 38213 28902 18211
is_linear=0
shrinkage=0.5


Tree=30
num_leaves=49
num_cat=0
split_feature=14 2 6 6 2 16 7 7 16 3 9 16 9 11 6 5 2 2 7 11 7 14 3 0 4 4 2 9 2 2 7 6 9 0 11 11 14 16 11 7 9 9 7 14 11 11 11 2
split_gain=693.547 466.713 292.467 277.867 213.706 200.357 151.883 187.161 148.34 195.423 135.609 129.707 122.052 107.281 95.4257 88.9537 88.9078 75.7337 73.7539 71.9883 70.3032 68.4936 62.1692 55.3474 53.4463 52.2563 65.465 51.3488 51.2677 50.106 48.4038 69.7135 47.1995 46.4264 44.9985 40.4247 39.645 38.2994 37.2828 37.2752 36.4223 36.2039 35.7243 35.1607 35.1413 34.9976 34.8789 34.2847
threshold=2.0734498500823979 -0.020152184180915352 0.050392718985676772 0.0028089300030842428 -0.22338821738958356 -1.3948057293891905 -0.044810624793171876 0.017721439711749557 -2.2795002460479732 0.080705780535936369 -0.0021900619613006707 -1.9903860688209531 -0.0019587646238505836 1.1479799151420595 0.060521518811583526 -0.044882632791995995 0.1000879928469658 -0.047075996175408356 0.042143002152442939 1.1060063242912295 -0.059618912637233727 11.592182636260988 0.017496326006948951 0.44704878330230718 0.09382240474224092 0.058509811758995063 0.20301858335733416 0.0024338412331417207 0.32408474385738378 1.0000000180025095e-35 0.089579753577709212 0.081167347729206099 -0.0068772949744015923 0.78357321023941051 1.0518961548805239 1.3004075884819033 5.6880414485931405 -2.0164717435836788 1.2839908599853518 -0.063726089894771562 -0.002664442989043891 0.00045732807484455412 0.0073644425719976434 13.788032531738283 1.1353777050971987 1.2282413840293886 1.2862957119941714 0.2241516709327698
decision_type=2 2 2 2 2 2 2 2 2 2 2 2 2 2 2 2 2 2 2 2 2 2 2 2 2 2 2 2 2 2 2 2 2 2 2 2 2 2 2 2 2 2 2 2 2 2 2 2
left_child=2 4 8 11 43 15 33 12 34 17 16 -3 32 21 27 -6 -5 -10 20 -17 -13 23 36 -12 29 37 -27 38 46 45 35 -32 -8 -7 -1 40 -22 -15 -14 -39 -9 -25 -21 -2 -19 -4 -24 -18
right_child=1 3 24 10 5 6 7 30 9 -11 13 18 14 25 -16 19 47 44 -20 42 22 -23 28 41 -26 26 -28 -29 -30 -31 31 -33 -34 -35 -36 -37 -38 39 -40 -41 -42 -43 -44 -45 -46 -47 -48 -49
leaf_value=-0.069080549379364947 0.11809397821106114 -0.0061433241566741618 -0.0060860648972811014 0.13388827243762114 0.18708017643718905 0.24134621262923037 0.20430065860226937 0.13007041667442135 -0.10134928578122299 -0.049711851893507207 -0.10884560240071969 0.19408349718256301 -0.10031578411935189 0.061815912849353991 0.038745428541678319 0.031773622469531276 0.031674669387683985 -0.20644873061115551 0.080744997460459975 0.07732903836509207 -0.18166758116544235 0.03668344753997678 -0.084807541699785119 -0.050434644763213084 0.11374016769823386 0.13481583688945514 -0.056994268238667017 -0.0050852622400032977 -0.32537783202656972 -0.060642161755987765 0.43940799371884803 0.10078580016845601 0.028088864340539407 0.072871897736374799 0.030940037965364861 0.14365921727878445 -0.099248100944144352 0.19559829997204839 -0.013287575611099216 -0.014011913666677601 0.015909360282211488 0.0012076289568755309 0.16239890103193411 0.24146672835407926 -0.14143624851129072 0.087253727939152911 0.011672755339665076 -0.13109353105588609
leaf_weight=2377.1631407160312 5440.0098749836907 5559.5259000398219 4183.2149956687354 2990.0924675893039 1709.371112357825 792.62973729241639 427.04053182993084 802.76530964300036 4262.008740582969 6291.7325093848631 2745.7656721998937 193.12584506347775 8017.5167425987311 2715.4567121965811 2405.8280734708533 7023.4617827525362 1328.2653505736962 5749.743255761452 560.06331699853763 3390.9743853816763 3402.3138473667204 3124.4501993367448 5993.1256236112677 9152.2657731077634 910.17606076970696 1966.7160659823567 570.01431929692626 2421.3624440860003 202.1108673568815 3447.8249334199354 182.89095872826874 930.62589539028704 3517.4912005001679 869.53668171167374 2124.4794836882502 907.67993713612668 2629.2698405864649 217.45297669433057 1470.1702885758132 7088.6927814702503 5486.9431234467775 5363.891557820607 1980.3925684792921 657.34052389999852 3381.0122645166703 1317.2346897465177 1099.4787708157673 426.07902640476823
leaf_count=11489 34360 28166 21300 20212 10290 5818 2689 4796 50141 37347 31720 1896 74266 14689 12260 41444 7896 104510 6047 19023 63362 20285 56812 62796 3920 12353 2888 17361 908 21238 1094 5762 23250 4674 10188 5949 31639 1391 11593 54885 37783 36542 13243 9414 52184 6657 8965 2158
internal_value=0 0.0078399 -0.0742071 -0.0226838 0.0439788 0.0313573 0.00702547 -0.00213101 -0.103794 -0.122524 0.00243164 -0.0709058 -0.0304603 -0.00893713 -0.0519351 0.0800232 0.0814654 -0.156687 -0.0964406 0.0652047 -0.103823 -0.0313421 -0.108192 -0.0436853 -0.00156717 0.0273935 0.0915128 -0.0702978 -0.0769752 -0.013363 0.0600457 0.157196 0.0473395 0.153609 -0.02177 0.0449262 -0.145845 0.0111058 -0.0868858 -0.00767894 0.0305778 -0.031319 0.108811 0.131514 -0.182448 0.0161876 -0.0697814 -0.00762429
internal_weight=0 105762 34044.6 57328.2 48434 42336.7 28232.5 26570.3 24186.1 19684.5 37689.1 19639 18259.4 32944.7 14314.9 14104.2 4744.44 13392.8 14079.5 12394.8 13519.4 20386.4 13326.3 17261.9 9858.45 12558.3 2536.73 11909 7294.72 8948.27 8310.91 1113.52 3944.53 1662.17 4501.64 7197.39 6031.58 10021.6 9487.69 7306.15 6289.71 14516.2 5371.37 6097.35 9130.76 5500.45 7092.6 1754.34
internal_count=1119653 800679 318974 465610 335069 291295 207295 196803 265859 244182 267815 197795 141419 237549 115480 84000 30266 206835 169629 73710 163582 151343 161686 131058 53115 86206 15241 103220 66685 49195 55384 6856 25939 10492 21677 48528 95001 70965 85859 56276 42579 99338 32266 43774 156694 27957 65777 10054
is_linear=0
shrinkage=0.5


Tree=31
num_leaves=49
num_cat=0
split_feature=2 6 15 9 9 2 6 6 6 8 15 16 4 0 8 2 6 0 8 16 8 15 16 2 15 6 0 9 9 5 0 4 12 16 0 15 8 6 0 8 6 4 11 7 16 2 5 7
split_gain=378.299 249.085 184.73 162.375 147.885 134.551 120.513 114.974 122.845 108.253 100.27 113.751 81.7759 73.4791 71.4908 70.1892 65.8388 64.825 59.7668 57.729 55.3352 53.9051 64.8619 53.4475 51.5037 51.3821 46.092 42.5753 42.5452 41.0697 37.9061 37.2997 37.109 36.4213 34.6355 34.1998 35.2214 32.7345 32.0897 30.3615 29.8201 29.5479 29.266 28.3397 28.2304 27.9918 27.4611 26.5583
threshold=1.0000000180025095e-35 0.092336159199476256 5.1340825557708749 -0.0037885875208303328 0.0071789436042308816 0.2804542481899262 -0.057912064716219895 0.048497527837753303 -0.05326512083411216 -0.068531345576047883 5.1525676250457773 -1.9156150221824644 0.069906927645206465 0.59347486495971691 -0.028118747286498543 0.12216424196958543 0.16346363723278048 0.63452351093292247 -0.012499357108026741 -0.077685978263616548 0.01791937276721001 5.2571423053741464 -2.1298555135726924 -0.1213027276098728 5.2780830860137948 -0.032643118873238557 0.61643481254577648 -0.006159373326227068 -0.0021404331782832737 -0.05179940722882747 0.57475021481513988 0.1003251187503338 1.1471500396728518 -2.0447008609771724 0.55088889598846447 5.2407772541046151 0.019057235680520538 0.021146777085959915 0.68545088171958934 0.071779105812311186 -0.091552648693323121 -0.089187938719987855 1.2816583514213564 0.062014965340495116 -0.90931957960128773 -0.16771378368139264 -0.087347574532031999 0.033573394641280181
decision_type=2 2 2 2 2 2 2 2 2 2 2 2 2 2 2 2 2 2 2 2 2 2 2 2 2 2 2 2 2 2 2 2 2 2 2 2 2 2 2 2 2 2 2 2 2 2 2 2
left_child=1 3 5 27 6 15 40 8 38 -8 11 -11 17 -9 21 26 30 18 -12 23 24 -10 -23 -19 29 -20 33 -1 -28 -16 -3 -7 43 -2 -22 36 -15 -25 -4 -30 -5 -31 44 46 -34 -32 -13 -29
right_child=2 16 7 4 -6 31 9 13 14 10 12 32 -14 35 20 -17 -18 19 25 -21 34 22 -24 37 -26 -27 28 47 39 41 45 -33 42 -35 -36 -37 -38 -39 -40 -41 -42 -43 -44 -45 -46 -47 -48 -49
leaf_value=-0.24587837922108444 -0.023779003638412961 0.033719202726792984 -0.093103477279117636 -0.18897207751668624 -0.20152774000616203 0.18072312506010763 -0.087642412295827754 0.037000768404071696 0.0030822747399236652 -0.071552840685682337 -0.028246888942531571 -0.14709891632775302 -0.093225437375918166 -0.0084274559553643227 -0.010205091961302202 0.10025501259211428 -0.21915146852052866 -0.11823497787275582 -0.048130130081181062 0.0080546500504716772 0.032536395432826451 0.19418323679180408 -0.11215290410895531 -0.014057961404406519 -0.041295084245207066 0.033110857457683975 -0.055899911267102691 -0.082821625215230357 0.036490946677177311 -0.054352521346197072 -0.23254860446746431 0.46044672705078193 0.014429450891461703 0.068082459981355481 -0.0070731242496419955 -0.1044999302502214 -0.091304512775755173 -0.066516877354209497 0.02838737801703814 -0.056674854497401499 -0.074673908099535155 0.057960282928030071 -0.12165262062605886 -0.14526091192436755 0.067376426872370637 -0.093612293566377153 0.02094558002352459 -0.31159886465560133
leaf_weight=655.07623347663321 1172.9350530654192 513.39677234692499 3036.7304501142353 730.11067863320932 996.68162339320406 268.25316297449172 3700.9909785399213 2533.2206645710394 10184.022947443649 2774.8687131474726 7831.3877075640485 247.63868497405201 2996.2353143033106 3713.6769259693101 2617.0675198929384 5731.7420278396457 1399.3250194988213 2181.2974694776349 2196.6297218576074 7420.0549048916437 10329.488085022196 187.82508424296975 1925.5017589079216 8098.7261975184083 1652.6416606009007 16750.588010593085 1661.1906495001167 1914.0796999894083 11305.153401941061 594.15067312866449 421.88953626295552 230.16994810197502 3332.7245845878497 12387.617984268814 11815.593842942268 2863.0260021467693 1969.662052384112 4729.3777956627309 654.30745549593121 942.94123724661767 2780.4850472919643 25282.274781813845 236.43121897615492 275.7663062880747 10634.463956121355 2891.0868393252604 9869.4796058242209 137.22654735995457
leaf_count=8603 5847 2693 15617 4152 11832 1226 20872 11896 45294 21640 40201 1326 19708 21431 11818 26619 27864 31184 11645 36047 47349 1268 12096 43681 12150 85279 8334 15001 47290 2899 12532 1705 16863 47308 59225 22582 15932 32285 3024 6092 14691 112610 1158 1245 44711 28789 44693 1346
internal_value=0 -0.0199639 0.0227503 -0.0138275 -0.0101016 0.0537678 -0.00789519 0.0095719 0.0172433 -0.00406286 -0.00016832 0.0243363 -0.0130262 -0.0376567 0.0223195 0.0498734 -0.126106 -0.008131 0.00846341 -0.0279649 0.030389 -0.0119531 -0.0846114 -0.0458042 0.044335 0.0236638 0.0393396 -0.134446 0.019062 0.0493204 -0.0918991 0.311563 0.0351769 0.0600988 0.0113806 -0.0598461 -0.0372489 -0.0334408 -0.0714296 0.0292736 -0.0986343 0.0553601 0.0518 0.0124078 0.0547804 -0.111521 0.0167688 -0.0985142
internal_weight=0 95716 113059 90490.3 87783.9 33700 86787.3 79359.2 68279.6 83276.7 79575.7 27371.4 52204.3 11079.6 64588.6 33201.6 5225.7 49208.1 26778.6 22429.5 52291.2 12297.3 2113.33 15009.4 30146.1 18947.2 27469.8 2706.38 13909.3 28493.5 3826.37 498.423 24596.5 13560.6 22145.1 8546.36 5683.34 12828.1 3691.04 12248.1 3510.6 25876.4 14203.6 10392.9 13967.2 3312.98 10117.1 2051.31
internal_count=1119653 580041 539612 508163 483213 144421 471381 395191 323350 452538 431666 131636 300030 71841 304709 141490 71878 280322 137125 143197 246051 58658 13364 107150 139477 96924 114871 24950 61716 127327 44014 2931 109996 53155 106574 59945 37363 75966 18641 53382 18843 115509 62732 47264 61574 41321 46019 16347
is_linear=0
shrinkage=0.5


Tree=32
num_leaves=49
num_cat=0
split_feature=15 16 3 16 15 16 16 16 15 15 16 16 14 3 16 16 13 10 14 3 2 13 10 9 16 9 13 14 15 16 15 15 2 9 4 13 3 9 10 14 10 14 10 3 3 13 6 6
split_gain=495.684 896.213 160.841 166.662 145.817 547.491 182.609 117.206 106.174 94.3204 95.9246 82.8531 63.173 58.3005 56.2975 53.4957 51.7074 50.2241 85.0823 48.6269 49.379 66.3859 64.5469 64.4993 57.686 54.7489 49.2262 45.9374 43.433 41.2609 36.6654 35.6376 34.9107 34.2151 32.4151 32.2721 31.2647 30.6738 31.8836 30.6448 29.9871 29.7031 47.4601 29.7892 29.0845 28.8299 28.5018 28.4615
threshold=5.1051878929138192 -1.1980597376823423 -0.14056918025016782 0.77195569872856151 5.2147040367126474 -0.74043270945549 -1.8470785021781919 -0.28428635001182551 5.1952354907989511 5.2775402069091806 -0.34992541372776026 0.14039232581853869 6.0611777305603036 -0.057602973654866212 -0.2071997448801994 -1.7795858979225156 -0.96888494491577137 2.5955644845962529 6.2682116031646737 0.31403687596321112 -0.055351002141833298 -0.93219158053398121 4.266686439514161 -0.0020031124586239453 -0.10971231013536452 0.0065993890166282662 -0.34599959850311274 11.592182636260988 5.0502655506134042 -1.1035019159317014 5.1647019386291513 5.1883027553558358 0.14161062240600589 -0.00094082334544509638 0.042569387704133994 0.12514583021402362 0.07395473495125772 -0.0025341740110889073 1.0342237353324892 10.0428524017334 1.3233156204223635 5.0252461433410653 0.49644815921783453 0.06892073899507524 -0.032346501946449273 0.56118494272232067 0.031502183526754386 -0.07062875851988791
decision_type=2 2 2 2 2 2 2 2 2 2 2 2 2 2 2 2 2 2 2 2 2 2 2 2 2 2 2 2 2 2 2 2 2 2 2 2 2 2 2 2 2 2 2 2 2 2 2 2
left_child=1 13 -2 4 5 16 12 28 14 19 -11 37 33 -1 44 39 -4 18 29 20 21 -8 23 -22 41 26 -26 -19 -3 31 -31 -18 -17 -6 -35 -24 -16 -12 -39 45 -20 43 -43 47 -7 -15 -23 -25
right_child=2 7 3 -5 6 8 9 -9 -10 10 11 -13 -14 15 36 32 17 27 40 -21 22 46 35 24 25 -27 -28 -29 -30 30 -32 -33 -34 34 -36 -37 -38 38 -40 -41 -42 42 -44 -45 -46 -47 -48 -49
leaf_value=0.13059125608614666 0.16184559935940479 -0.20673067947833892 -0.05200681155847748 -0.10846701369614643 -0.091938476177727713 -0.017442286187303875 -0.026473148283225625 -0.26448993154784511 -0.028296898511965405 0.022918494345791397 0.26310108171037333 0.032948257494276517 -0.081657235755131258 0.068380537989250395 -0.12844620193244818 -0.048638334120218799 0.052504471847030332 0.082168427806443331 -0.10081202765258451 -0.15760306321361861 0.060115315711816865 0.068407458018581266 0.052018047745396999 0.11317643859275843 -0.0030656574313809638 0.20459403714670149 -0.070782443396443101 -0.0013243639680459304 -0.11009964103624843 -0.066756347870644245 0.017801680708626141 0.0067657316902102298 0.14698865876877232 0.0065716831882999434 -0.083098259356580342 0.16478450082863341 -0.21784046089179199 0.087524629137030643 0.17943267255160036 -0.058805541526098841 -0.013150778305232603 -0.092368975772398498 0.0048579932948446172 0.065323141747673313 -0.098501464251369464 -0.067053676968421683 0.016414993313290865 0.011504679404053713
leaf_weight=1093.1111508561298 1649.8807040289976 1895.1072997013107 2355.8798588854261 3173.0222865922842 1188.990415438544 1479.3021634300239 2817.9757979342248 3690.1548895018641 5368.3215120811947 6580.2479278338142 525.70274786651134 2403.5767454821616 4360.9267642064951 4183.524232534226 4723.9748925978784 3622.7320106714033 12275.579137185588 5898.5266906276811 1818.910008268198 380.17304509622045 5515.0885609863326 11958.94795889128 3646.8504187560175 709.93162193894386 5933.1219077408314 244.73310188297182 4924.1550502851605 2269.4305111037102 3129.4526918963529 1990.4859323641285 3584.0496293432079 6562.3836500220932 241.3312057685107 9802.9172821815591 1121.918344094418 775.94877969659865 1266.2450731669087 1948.5627409555018 1895.9853130541742 664.63812037580647 2136.1695989423897 1551.2653710793238 6517.2666006856598 3296.9339664913714 4593.0207946319133 429.17155272513628 3416.768477499485 23158.599658029154
leaf_count=4300 7963 23655 21361 45386 5818 9371 18579 95593 42076 28298 2556 9312 31023 23106 68204 22890 52611 27427 12200 7065 23982 48413 18376 2652 29150 1183 24544 17562 34223 11638 15302 25284 1853 39874 5503 2910 28488 7783 9843 7687 11577 6685 25472 13722 42948 2261 18727 83217
internal_value=0 -0.0788127 0.00654817 0.00498345 0.00722314 -0.0132854 0.0182628 -0.196647 -0.0869233 0.0272914 0.0660162 0.107799 -0.0300425 0.0214842 -0.112968 0.00836978 0.0197071 0.0243463 0.0143745 0.0203748 0.0212922 0.0439483 0.0139578 0.00900042 0.00290458 -0.0285086 -0.0338273 0.0589118 -0.146679 0.0254104 -0.0123081 0.0365987 -0.0362562 -0.011415 -0.00259791 0.0719479 -0.14746 0.148834 0.133015 0.0411403 -0.0536072 0.0128174 -0.0137821 0.0207364 -0.0788428 0.0556594 0.0568881 0.0145543
internal_weight=0 18949.2 165822 164172 160999 56322.3 104677 8714.71 17430.9 88201.8 13354.1 6773.83 16474.8 10234.5 12062.5 9141.4 38891.4 36535.5 28367.6 74847.8 74467.6 18193.7 56273.9 51851.1 46336 11102 10857.3 8167.96 5024.56 24412.5 5574.54 18838 3864.06 12113.8 10924.8 4422.8 5990.22 4370.25 3844.55 5277.33 3955.08 35234 8068.53 27165.5 6072.32 4612.7 15375.7 23868.5
internal_count=1119653 215568 904085 896122 850736 386049 464687 153471 191087 382469 57792 29494 82218 62097 149011 57797 194962 173601 128612 324677 317612 85719 231893 210607 186625 54877 53694 44989 57878 104835 26940 77895 24743 51195 45377 21286 96692 20182 17626 33054 23777 131748 32157 99591 52319 25367 67140 85869
is_linear=0
shrinkage=0.5


Tree=33
num_leaves=49
num_cat=0
split_feature=14 11 11 16 11 11 2 15 0 11 14 14 13 11 9 16 14 16 2 3 2 13 13 14 16 2 9 0 3 15 0 16 9 5 0 13 6 6 11 15 5 0 15 15 3 6 16 2
split_gain=248.066 135.158 131.571 77.6599 85.0652 77.6544 70.7429 61.2143 52.8189 43.4532 35.2835 35.1329 34.6839 34.4929 34.2567 34.04 32.8175 27.9156 27.0716 32.31 26.9546 26.4675 26.1362 29.0043 33.1348 24.3081 22.6645 21.6317 24.9446 21.4992 20.6448 20.3707 20.3615 20.2717 20.5335 20.2446 19.6215 19.4815 19.3763 18.8392 18.1288 17.9499 21.0605 17.7909 17.0481 16.2964 16.2355 16.0386
threshold=10.231198787689211 1.3096855282783511 1.369414269924164 -0.12068963795900343 0.99644675850868236 0.90094098448753368 -0.087416298687458024 5.2683823108673105 0.42062582075595861 0.46066956222057348 17.503860473632816 18.222620964050297 -0.34599959850311274 0.69317826628685009 -0.0039479720871895543 -1.0762537121772764 0.92628616094589245 0.43269866704940801 -0.091226290911436067 0.10516912862658502 -0.24167411029338834 -0.68467712402343739 -0.86027285456657399 2.6669582128524785 -1.0898258686065672 0.14161062240600589 0.0028174798935651784 0.78357321023941051 0.10733608528971673 5.2275555133819589 0.81908172369003307 0.63434946537017833 -0.0016917979228310285 -0.019262100569903847 0.89962595701217662 0.59717071056365978 0.034613512456417091 0.021146777085959915 0.73757374286651622 5.2290766239166269 -0.038301106542348855 0.39798888564109808 5.2204651832580575 5.1018226146698007 0.058897964656353004 0.0050232764333486566 -1.0116102695465086 -0.21539790183305738
decision_type=2 2 2 2 2 2 2 2 2 2 2 2 2 2 2 2 2 2 2 2 2 2 2 2 2 2 2 2 2 2 2 2 2 2 2 2 2 2 2 2 2 2 2 2 2 2 2 2
left_child=1 3 15 4 7 11 40 9 14 30 35 36 13 -9 -5 -3 -10 43 19 47 38 -17 33 41 -25 -16 32 44 -29 -26 -1 -30 -20 -8 -35 -7 -2 -22 -21 -23 -6 -24 -43 -18 -19 -33 -4 -11
right_child=5 2 46 8 6 10 22 12 16 18 -12 -13 -14 -15 25 21 17 27 26 20 37 39 23 24 29 -27 -28 28 31 -31 -32 45 -34 34 -36 -37 -38 -39 -40 -41 -42 42 -44 -45 -46 -47 -48 -49
leaf_value=-0.041891452652512519 -0.04213288435605448 -0.11688629870120258 0.017521696384644844 -0.095415307447045863 -0.11464550357078647 -0.13853916376087269 -0.068315562497217264 0.12465367310825447 0.069881674349796821 -0.13947749930948447 -0.26799538251286592 -0.17402970849843299 0.011006412149014889 0.041151179725895437 0.011882585593325631 -0.086918716902833593 -0.0084481160157204513 0.035993549784850747 -0.0071269957315769454 0.043884652524880864 0.012179718660079124 0.00011324405305642239 -0.0081828507710288052 -0.042551193361488625 0.025482098130173707 -0.060286915234747329 -0.025525037566349461 0.039467634564383271 0.042068497125842277 -0.030795595083265417 0.012011048352426877 0.040765925368756353 0.025408784995709137 -0.032343678522755277 0.038458274005600972 0.061700920239372022 0.059806051460348598 0.13025698546750492 -0.11053115594439449 -0.074418316712036719 -0.048553405327986979 0.045595979615526951 -0.00062930381721433603 0.02409293962213729 -0.011662101209508028 0.13830972634527919 0.14017658586140047 -0.027203702797805481
leaf_weight=5634.7899527600966 1631.164239065256 2547.2367089854088 401.18850570498034 835.40184837114066 1320.3466259103734 2224.5064180272166 2508.2116257965099 2374.3076653946191 5400.860825361684 341.59854949638247 562.09955075453036 395.61317081621382 2782.934160429053 2634.1300837257877 20233.127487096936 2701.2436989662237 5354.009775120765 8120.8128942158073 5467.8656236086972 386.92229343159124 639.86741197062656 2760.7665711720474 5048.2677934104577 6174.2811216430273 5087.3264422551729 1235.5070314444602 2728.561573070474 7625.9987906813622 1514.5622726893052 2540.5130609073676 2575.1584856640548 572.03182292729616 38519.002264256589 3854.9381046178751 1388.3844607453793 129.70427457988262 660.76678874460049 796.58450521714985 419.14052181597799 1214.1859036809765 5175.1882198159583 6482.4435599576682 3940.4559304714203 19142.603144214489 2421.4669345393777 1928.2367099719122 891.93817148916423 5067.7988244933076
leaf_count=24744 20955 32797 2596 3515 9212 54976 15458 12886 19830 1605 34124 17227 14629 14278 81505 23619 22375 31327 22722 2838 3295 19680 25218 46976 27839 5047 11198 29552 6995 19464 12617 2428 160784 24032 11029 2272 12551 5074 3217 12879 37605 26747 21394 83063 9590 8842 5199 21848
internal_value=0 0.00854991 -0.0466014 0.0116334 0.00342144 -0.0981071 -0.0139485 0.0141713 0.0241997 0.00895767 -0.15465 -0.03653 0.0559741 0.0808533 0.00381452 -0.0675758 0.03292 0.0286315 0.0140836 -0.013445 0.0368982 -0.0486724 -0.00548943 0.0013305 -0.0153133 0.00770337 0.0186037 0.041496 0.0563889 0.00667124 -0.0249239 0.0883876 0.0213529 -0.0313059 -0.0134969 -0.127273 -0.0125124 0.0780524 -0.0358272 -0.0225403 -0.0620805 0.0162111 0.0280738 0.0169603 0.025 0.116218 0.102553 -0.0344106
internal_weight=0 198790 10516.6 188274 113889 5603.85 43520.4 70368.7 74384.6 62577.3 2916.31 2687.54 7791.37 5008.44 22304 9223.43 52080.6 46679.7 54367.3 7651.91 2242.51 6676.2 37024.8 29273.3 13802.1 21468.6 46715.4 22183.1 11640.8 7627.84 8209.95 4014.83 43986.9 7751.53 5243.32 2354.21 2291.93 1436.45 806.063 3974.95 6495.53 15471.2 10422.9 24496.6 10542.3 2500.27 1293.13 5409.4
internal_count=1119653 977548 96770 880778 576709 142105 264974 311735 304069 269942 91372 50733 41793 27164 90067 88975 214002 194172 232581 37877 14424 56178 218157 167638 94279 86552 194704 88734 47817 47303 37361 18265 183506 50519 35061 57248 33506 8369 6055 32559 46817 73359 48141 105438 40917 11270 7795 23453
is_linear=0
shrinkage=0.5


Tree=34
num_leaves=49
num_cat=0
split_feature=13 8 13 13 1 0 8 0 5 13 3 13 8 1 2 6 0 2 8 1 6 8 8 0 1 13 6 8 3 6 13 5 8 8 13 3 5 1 13 0 10 10 8 0 1 5 1 1
split_gain=644.391 442.67 412.895 264.201 214.733 200.512 163.723 160.711 141.521 141.617 137.516 135.731 135.695 128.14 115.593 111.181 104.685 103.477 82.6751 74.3519 75.3031 71.1321 68.4018 68.3472 67.1843 66.5187 64.3705 62.8759 60.2081 64.7137 75.0752 59.6828 57.1151 54.8593 52.5017 52.4214 50.8332 58.6891 50.202 49.1036 47.7049 47.5833 43.3203 43.1959 42.5784 42.4977 41.2822 40.0127
threshold=-0.11611164361238478 0.031304085627198226 -0.93870118260383595 -0.79131540656089772 0.4907990843057633 0.49469123780727392 -0.029995289631187912 0.77305260300636303 0.045023526996374137 -0.51303863525390614 -0.0024292016169056292 -0.67424774169921864 0.14606266468763354 0.47325646877288824 -0.032992046326398843 0.18015941232442859 0.70567047595977794 0.081547692418098464 -0.095241781324148164 0.25892464816570288 -0.0018836202798411248 -0.072952784597873674 -0.070558745414018617 0.86878949403762828 0.65711602568626415 -0.54019033908843983 0.20158795267343524 0.0076757441274821767 0.0087299421429634112 0.094719186425209059 0.29111693799495703 -0.06090258248150348 0.070176932960748686 -0.11616110429167746 -0.89313110709190358 0.020058037713170055 0.1337646692991257 0.29982353746891027 -0.81093719601631153 0.5408594310283662 0.46835261583328253 10.219071865081789 0.13077464699745181 0.93449166417121898 1.0000000180025095e-35 -0.056680493056774132 0.64783906936645519 0.61200135946273815
decision_type=2 2 2 2 2 2 2 2 2 2 2 2 2 2 2 2 2 2 2 2 2 2 2 2 2 2 2 2 2 2 2 2 2 2 2 2 2 2 2 2 2 2 2 2 2 2 2 2
left_child=1 2 4 12 7 25 11 21 9 -7 23 18 13 26 36 22 -6 24 -4 44 -21 -1 -9 41 27 32 34 -12 -22 30 43 -23 -5 -13 45 -24 37 -2 -29 -40 -14 47 -11 -30 -16 -3 -18 -8
right_child=14 3 6 5 16 8 10 15 -10 42 17 33 40 -15 19 -17 46 -19 -20 20 28 31 35 -25 -26 -27 -28 38 29 -31 -32 -33 -34 -35 -36 -37 -38 -39 39 -41 -42 -43 -44 -45 -46 -47 -48 -49
leaf_value=0.24400868481770022 0.037402608009033583 0.032879183589339292 0.34378486729658797 0.019508126536986786 0.2657603282314937 0.15955954816468179 -0.092008234371882033 0.11008278131134049 0.239483725380081 0.011209229126318446 -0.0397716513544117 0.18643449130561254 0.012583622048339255 0.067223756893484032 0.13002644482756193 0.093264426092536712 0.065555320823358049 -0.082714368769403038 0.04408450506517262 -0.1964060248492783 -0.16817273147086248 0.2105158396662038 -0.20445510720828436 -0.201527603233809 0.097997868366769145 -0.058490475474313394 0.1010435718995131 -0.038969071093185918 -0.049737079195274439 0.11079491886483576 -0.14601706273943182 0.038815094777087576 0.25382100523931078 -0.059984368780686532 0.0014302624278683545 -0.062243947612657079 0.2372920725726663 -0.069482395884302856 -0.055697182053760147 0.068703465166298883 0.13522637334187096 0.10739792063023854 0.12996861592084827 0.14687925856774481 -0.073978488682600096 -0.090536082401187212 0.17528250796692646 0.067446225363636439
leaf_weight=597.58440210297704 1918.1026272717863 788.73773462325335 236.38631244562566 956.63331974158064 1206.9348426256329 5290.7465600948781 10718.264299630187 493.97421673778445 2433.155896496959 3420.5038341167383 16861.376513828989 234.42217424837872 1156.4198235515505 3985.8196999467909 263.52545288391411 1351.362800648436 2934.2286422336474 7774.0922415116802 8224.8694584886543 3267.4176062820479 2437.4155220882967 579.97192548960447 771.66065483819693 1309.8156199424993 1210.1236157361418 2165.0051365811378 769.50690064858645 2817.3911731922999 1405.1605980363674 440.63323503173888 2474.4061475882772 4061.3543360098265 359.16419390402734 5128.9589450620115 3382.9564373223111 4196.198368309997 176.78251227922738 3855.4645540891215 981.19159314222634 4049.5058599514887 2589.7157904333435 323.73809186182916 993.74438811931759 347.17763038957492 6568.6993184422608 5653.9411595994607 1227.6795357838273 404.08040177309886
leaf_count=2862 17490 4327 1174 8214 8576 29375 126257 2949 14007 24211 115313 1144 5953 24529 1139 8164 16975 58608 46917 74944 49614 3815 4121 11056 7049 21662 5346 15809 21480 2714 32260 28579 1779 51964 18548 21227 962 51240 10114 25294 28104 1862 5203 3664 58630 32153 8076 4200
internal_value=0 0.00575532 -0.0150508 0.0533898 0.0527348 0.101174 -0.0346516 0.0156337 0.131511 0.104367 -0.0488702 0.0130856 0.0126358 -0.00914188 -0.085894 -0.0349431 0.135908 -0.0321066 0.0525561 -0.106679 -0.133404 0.0814984 -0.0667669 -0.0931048 -0.0169058 -0.00447808 -0.0379209 -0.0225571 -0.104337 -0.0708638 -0.0899415 0.0604189 0.0839908 -0.049088 -0.0488642 -0.084471 -0.0257069 -0.033886 0.0143645 0.0443346 0.0975139 -0.0806374 0.0380812 -0.0104362 -0.0660188 -0.0753468 0.0980771 -0.0861647
internal_weight=0 111641 77695.2 33946.1 17420.9 15619 60274.2 12052.1 12138.2 9704.99 46449.6 13824.6 18327.1 14581 23154.8 6813.2 5368.84 33693.7 8461.26 17204.4 10372.2 5238.91 5461.83 12755.9 25919.6 3480.8 10595.1 24709.5 7104.79 4667.38 4226.74 4641.33 1315.8 5363.38 9825.64 4967.86 5950.35 5773.57 7848.09 5030.7 3746.14 11446.1 4414.25 1752.34 6832.22 6442.68 4161.91 11122.3
internal_count=1119653 805516 582105 223411 105344 104451 476761 71717 72796 58789 375562 101199 118960 84903 314137 36461 33627 232187 48091 244445 184676 35256 28297 143375 173579 31655 60374 166530 109732 60118 57404 32394 9993 53108 55028 25348 69692 68730 51217 35408 34057 132319 29414 25144 59769 36480 25051 130457
is_linear=0
shrinkage=0.5


Tree=35
num_leaves=49
num_cat=0
split_feature=7 7 3 10 6 2 16 15 14 2 16 3 6 15 8 16 7 2 14 3 6 8 15 12 11 4 2 8 15 12 11 8 2 8 2 6 14 11 12 12 12 12 6 6 12 11 6 14
split_gain=162.5 154.764 116.136 95.2207 92.4127 92.0749 91.438 132.387 97.0012 92.5746 87.5125 78.2188 70.2866 68.3872 74.6403 71.465 64.8095 58.4094 58.0746 51.5313 50.2156 49.8083 48.971 47.43 75.7424 44.9171 43.0637 41.8218 39.2501 39.1815 38.9625 37.6682 35.5528 35.1725 32.3825 31.9972 31.6005 30.8935 57.6512 74.8281 38.4367 31.0878 30.6717 30.4105 30.258 37.9924 29.9469 46.8907
threshold=-0.031485229730606072 0.032107325270771987 -0.1132112257182598 7.323280096054078 0.14421332627534869 -0.095086764544248567 -0.75275710225105275 5.2503130435943612 5.7449727058410653 0.10898805037140848 0.092173844575881972 0.14438209682703021 0.28431320190429693 5.2421438694000253 -0.0031984179513528939 -2.9637310504913326 -0.089591499418020235 -0.097265589982271181 5.8098285198211679 0.20232976227998736 -0.1071360297501087 0.12638624012470248 5.2017006874084482 1.1903654336929324 1.2333067059516909 0.1079314947128296 -0.072267945855855928 -0.081177428364753709 5.2095994949340829 1.2566898465156557 0.43948586285114294 -0.038604140281677239 -0.14709837734699246 -0.046638527885079377 0.11663552746176721 0.11655478924512865 3.1273633241653447 0.51393756270408641 1.4666116237640383 1.6523344516754153 1.5441946983337405 1.3149505257606509 -0.043414888903498643 0.06593653187155725 1.4537268280982973 0.81833741068840038 0.075498979538679137 1.8987931013107302
decision_type=2 2 2 2 2 2 2 2 2 2 2 2 2 2 2 2 2 2 2 2 2 2 2 2 2 2 2 2 2 2 2 2 2 2 2 2 2 2 2 2 2 2 2 2 2 2 2 2
left_child=16 2 -2 4 6 -3 8 9 11 17 26 13 19 15 -15 -4 -1 18 -8 20 -7 46 35 30 36 -11 -9 -17 -20 -26 -19 -12 -33 -28 -5 -18 37 38 -25 -40 41 -39 -35 -16 45 -38 -22 -48
right_child=1 5 3 34 -6 12 7 10 -10 25 31 -13 -14 14 43 27 22 23 28 -21 21 -23 -24 24 29 -27 33 -29 -30 -31 -32 32 -34 42 -36 -37 44 40 39 -41 -42 -43 -44 -45 -46 -47 47 -49
leaf_value=-0.19144014808094711 -0.084189034547425323 -0.12793535547797816 -0.1146602970285111 -0.08030946683305823 -0.14575258142043107 -0.1797673099145215 0.044348755245839956 -0.11777623007005705 0.034270342286146845 0.069013593328157485 -0.098253158124251408 -0.12701599417176584 -0.26179817681605849 -0.025655145998455069 0.066598585280905523 -0.1021750972018281 -0.0083905354451746239 -0.1609449646036267 0.18219296262253248 -0.16774613171542452 -0.014692323626308759 -0.12312892556355648 -0.06500324232143101 0.16938331379501961 -0.036798605298840818 0.17560014270941418 -0.15836162078826424 -0.007705384621673958 0.019083651268858599 -0.270019229060313 0.01081366423631216 -0.10745572116653376 0.044939823720181696 -0.11926612301587793 0.040590268862011607 -0.19249006352824435 0.080781366437911298 0.063185722739665079 -0.098173594478832782 0.18092537130268421 0.095764029056577063 0.0038137055631042994 -0.010018735317202739 -0.1046319003665768 -0.0042575227724834588 0.015255499949827103 -0.062838041920336041 0.061400301658252741
leaf_weight=691.60183654120192 3034.2920508573297 2235.9450828367844 1763.852389276959 3431.0757674435154 871.54371170466766 439.85794010944664 5702.1044813259505 1586.2927183946595 17759.607858953299 9289.4444954404607 551.12996121589094 1366.1471498697065 297.6400267095305 3997.555690728128 6707.3947512274608 1217.7959063779563 10129.146943422267 333.08457234688103 1543.8891208386049 552.52489934349433 13574.656656845473 908.38054387411103 7932.1732705505565 1540.9064852371812 599.89491300284863 1114.7073528207839 486.46111292019486 31089.315481809434 494.13359142560512 260.66493952646852 26265.743660693988 401.4883476649411 7199.45794747537 705.89965463522822 653.88533303095028 241.04720970871858 3845.9068445404992 4083.7001638617367 591.61258096061647 402.26297776214778 3112.2921905340627 4832.6607955275103 7257.1485849991441 266.64437332656235 5369.1094718286768 5262.681226185523 978.65604490973055 3337.4915703404695
leaf_count=4528 18597 37665 14478 35064 9763 2582 35884 16589 104683 36929 2744 17354 5497 28524 41823 6156 46982 1455 11440 8332 61065 11569 47832 5535 2357 5557 3854 145954 3576 1136 103237 3462 31987 5427 4850 2539 14222 14820 3249 1695 13225 20599 48420 2582 20426 19843 6908 26658
internal_value=0 0.00739748 0.0126864 0.0145049 0.0164577 -0.0316658 0.0173623 0.0273949 0.00284003 0.0367168 -0.0108351 -0.00917738 -0.0209202 -0.00558948 0.0287245 -0.0166545 -0.0411353 0.0296173 0.0703828 -0.0172594 -0.0129031 -0.0089629 -0.0354181 0.0240228 0.0376907 0.0804972 -0.0421117 -0.0112849 0.14292 -0.108253 0.00863805 0.0276079 0.0368113 -0.0278352 -0.0608293 -0.0127361 0.0420362 0.0585073 0.108824 0.0143552 0.0478543 0.0310662 -0.0197797 0.059966 0.0254301 0.0429831 -0.00313178 0.0331063
internal_weight=0 187317 164992 161957 157873 22325.2 157001 92832.7 64168.3 74644.8 18187.9 46408.7 20089.2 45042.6 10971.6 34071 18994 64240.6 7740.13 19791.6 19239 18799.2 18302.4 56500.5 29901.7 10404.2 10035.8 32307.1 2038.02 860.56 26598.8 8152.08 7600.95 8449.51 4084.96 10370.2 29041.1 14563.4 2534.78 993.876 12028.7 8916.36 7963.05 6974.04 14477.7 9108.59 17890.8 4316.15
internal_count=1119653 1017772 857496 838899 798985 160276 789222 427668 361554 315185 112483 256871 122611 239517 72929 166588 101881 272699 50900 117114 108782 106200 97353 221799 117107 42486 74290 152110 15016 3493 104692 38193 35449 57701 39914 49521 113614 59123 10479 4944 48644 35419 53847 44405 54491 34065 94631 33566
is_linear=0
shrinkage=0.5


Tree=36
num_leaves=49
num_cat=0
split_feature=15 16 7 9 6 6 1 7 7 16 3 9 0 0 15 16 16 1 6 16 3 13 0 15 1 15 16 1 16 15 13 2 13 3 16 1 1 1 1 16 6 0 1 4 3 1 15 13
split_gain=228.992 490.224 117.673 89.0482 85.6678 70.9583 68.94 68.1487 73.382 53.4637 52.3321 47.8604 60.4641 55.3038 47.0434 75.1554 45.7394 77.9432 42.5759 41.7229 39.5376 38.15 37.0435 69.6697 58.3703 32.1534 41.3097 32.9488 30.8983 29.9288 28.763 41.944 34.5491 34.1036 30.6075 32.6584 27.6662 27.2714 26.4683 40.3194 26.8017 26.2772 25.6667 25.54 24.7872 26.7615 29.7788 24.767
threshold=5.1051878929138192 -0.8725682497024535 0.007857421878725292 0.0026531713083386426 -0.039620783179998391 0.21583290398120883 0.52724939584732067 0.011476080864667894 -0.011471317149698733 -1.528771638870239 0.0081150527112185972 -0.0032736585708335038 0.77305260300636303 0.5697496533393861 5.2187826633453378 -0.49555356800556177 -2.6565614938735957 0.23252882808446887 0.061822524294257171 -0.18538641929626462 0.27407370507717138 0.32023549079895025 0.78011256456375133 5.2252314090728769 0.46417438983917242 5.2350528240203866 -0.86070513725280751 0.58232319355010997 -0.53025808930397023 5.2434713840484628 -0.77125626802444447 -0.10634442046284674 -0.21287345141172406 0.024720281362533573 -0.15344824641942975 0.52223926782608043 0.18603173643350604 0.192087396979332 0.3671413809061051 -1.7795858979225156 0.010030325502157213 0.46832109987735754 0.53805881738662731 -0.065015640109777437 0.00066183513263240467 0.65711602568626415 5.2643487453460702 -0.79131540656089772
decision_type=2 2 2 2 2 2 2 2 2 2 2 2 2 2 2 2 2 2 2 2 2 2 2 2 2 2 2 2 2 2 2 2 2 2 2 2 2 2 2 2 2 2 2 2 2 2 2 2
left_child=1 6 3 11 10 16 7 8 36 -5 -4 13 30 -2 15 -14 17 29 44 42 22 38 43 24 28 27 -27 -15 -24 -6 33 -32 -33 -13 -34 -36 -1 -9 39 -10 -40 -39 -3 -18 -11 -46 -47 -45
right_child=2 19 4 9 5 -7 -8 37 21 18 -12 12 14 25 -16 -17 20 -19 -20 -21 -22 -23 23 -25 -26 26 -28 -29 -30 -31 31 32 34 -35 35 -37 -38 41 40 -41 -42 -43 -44 47 45 46 -48 -49
leaf_value=0.044623265568790572 0.12427053441233063 -0.12516623608390784 0.061694762379978334 -0.054972796568049716 -0.0057317763259196897 -0.20219794302766642 -0.30403224499901971 0.018559631783832613 0.091899700703998402 0.11292258163402515 -0.020853668389248504 -0.0054870190739062432 0.020489144029898307 -0.0082608569465765468 0.041915872255026555 -0.086986375327027146 0.025196308012916852 -0.27776031827690478 -0.08651311298809003 -0.2288103549199893 -0.16920855398738274 -0.030945546726620549 0.0040262573408633828 0.03245574639576957 -0.16330616354174893 -0.12924341564770075 0.096775074387064328 -0.22463348897375551 -0.090015962849561745 -0.12247460171609593 0.061423281239281972 0.01433458325594047 -0.0042634952661355892 -0.052966304803128805 -0.069176578753156526 0.054212796072072252 -0.066425231202792506 -0.014481955815716104 0.17377534176163098 -0.020057580843888451 0.01063110456558441 -0.1269897420332799 -0.2924708748697249 -0.058100301114776556 0.065277997295494647 -0.23872232736168439 0.11883477180868429 -0.02233082472103871
leaf_weight=745.17661898816004 1879.4400423220359 2655.235877598403 5191.3125810255297 906.90767871157732 1538.9891584841534 552.69680995459203 183.90381609415635 808.23441081214696 2300.8986190522555 3408.4890031763352 3034.2660038447939 13956.443612229778 8100.5992271737196 757.21723491465673 17074.970149316243 2034.0812778642867 2159.6644118947443 436.91940913279541 396.33761439356022 2533.4316501404392 427.26233887800481 991.46105668693781 3704.4953577260021 8675.9715143637732 807.63640367961489 241.41934242285788 1178.6131746701431 230.38289212924428 1138.3773531927727 861.02502217562869 3028.9695103834383 23036.807666696142 18502.209298340604 5202.5073642998468 3670.8587624509819 622.60873774951324 2209.8125164832454 811.18714287411422 1059.5284827221185 1225.5377927003428 339.02050394006073 1495.8519025759306 256.74541960028 6477.3398027122021 4185.8032104035374 153.49351475806907 90.579978546593338 19526.95856327028
leaf_count=4014 9865 39957 24229 5902 10233 15312 4661 6175 10508 17591 15600 61225 48423 8349 79875 32855 11717 5601 4233 88345 12696 5994 28885 47797 16215 1713 6168 5427 17189 6119 14459 101877 75117 25014 30426 5657 13944 3768 6018 6436 3452 15556 6740 31560 26269 3050 547 96890
internal_value=0 -0.056861 0.00314084 0.012655 -0.0158072 -0.0241656 -0.00102392 0.00360819 0.0259886 0.0598878 0.0311845 0.00831064 0.00597799 0.0599965 0.0258989 -0.00103886 -0.0219998 -0.0835254 0.0726036 -0.181543 -0.0179193 0.0581566 -0.0163823 0.00428683 -0.0388743 0.00958477 0.057934 -0.0594172 -0.0179903 -0.047856 -0.00198371 0.00444637 0.000668724 -0.0184079 -0.0131198 -0.0511586 -0.0382467 -0.0599523 0.0761981 0.0528549 0.134621 -0.0876705 -0.140184 -0.0269139 0.0807229 0.0558147 -0.104043 -0.0312617
internal_weight=0 17616 163192 108659 54532.9 46307.3 12170.6 11986.7 8871.44 9141.61 8225.58 99517.1 95230.1 4287.07 27209.7 10134.7 45754.6 2836.93 8234.7 5445.41 42917.7 5916.45 42490.4 14326.5 5650.51 2407.63 1420.03 987.6 4842.87 2400.01 68020.4 48861.5 45832.5 19159 22795.7 4293.47 2954.99 3115.27 4924.99 3526.44 1398.55 2307.04 2911.98 28164 7838.37 4429.88 244.073 26004.3
internal_count=1119653 215568 904085 564042 340043 300214 80526 75865 50366 57592 39829 506450 474928 31522 161153 81278 284902 21953 51690 135042 262949 32408 250253 110086 62289 21657 7881 13776 46074 16352 313775 227536 213077 86239 111200 36083 17958 25499 26414 16944 9470 19324 46697 140167 47457 29866 3597 128450
is_linear=0
shrinkage=0.5


Tree=37
num_leaves=49
num_cat=0
split_feature=10 10 14 10 14 12 11 12 11 11 11 12 12 12 12 12 11 11 12 12 11 12 12 11 11 12 11 12 12 12 12 11 12 11 10 12 12 12 10 12 12 12 10 12 11 11 11 12
split_gain=246.49 186.221 110.846 182.696 103.661 75.1106 125.814 78.3146 549.193 77.6508 66.8152 610.983 686.615 451.542 351.813 267.787 769.375 241.89 292.859 262.292 215.357 194.841 287.779 381.885 257.379 173.013 168.776 141.547 127.783 643.968 124.238 115.747 109.302 100.63 89.9869 87.3505 86.7197 70.9065 67.8518 64.1459 64.0733 64.0209 63.7296 63.63 67.2841 63.3465 62.5252 216.681
threshold=-1.9248943924903867 6.2222929000854501 7.722114324569703 0.10338639095425607 3.5261338949203496 1.7201604843139651 0.60180270671844494 1.6712988018989565 0.71314531564712536 0.53225156664848339 0.59051364660263073 1.5083274841308596 1.2077269554138186 0.91554394364357006 0.7455573081970216 1.5441946983337405 0.97556096315383922 0.92332553863525402 1.447408974170685 0.8852829933166505 0.81833741068840038 1.5014863014221194 1.3181905150413515 1.2203356623649599 1.024778485298157 1.6290044784545901 0.4158093929290772 1.4949765801429751 0.85774368047714245 1.0480237007141116 0.88165733218193065 1.3479376435279848 1.4806107878685 0.78050333261489879 2.4972664117813115 1.4601888656616213 1.1761768460273745 1.5837211608886721 2.3088091611862187 0.81407782435417186 1.4537268280982973 1.2713652253150942 2.2205994129180913 0.68729963898658764 1.1194468140602114 1.0128046870231631 1.1194468140602114 1.4080851078033449
decision_type=2 2 2 2 2 2 2 2 2 2 2 2 2 2 2 2 2 2 2 2 2 2 2 2 2 2 2 2 2 2 2 2 2 2 2 2 2 2 2 2 2 2 2 2 2 2 2 2
left_child=4 2 5 -4 -1 7 -7 10 9 -9 11 12 13 14 -2 17 -17 18 28 31 32 22 -21 46 -23 34 -27 -22 -12 30 33 43 -20 -30 37 41 -15 -13 -32 -16 -3 -14 -28 -19 -45 -5 -24 -48
right_child=1 40 3 45 -6 6 -8 8 -10 -11 15 25 35 36 39 16 -18 19 20 21 27 24 23 -25 -26 26 42 -29 29 -31 38 -33 -34 -35 -36 -37 -38 -39 -40 -41 -42 -43 -44 44 -46 -47 47 -49
leaf_value=0.071202369238341737 0.41110130116159227 -0.19704972873379598 0.075398761860666741 -0.038858453870172976 0.25027778686798796 0.018569080449056013 0.47119061866301343 -0.17863626465362301 0.43163241835658717 -0.045773957831294863 -0.036663072985326353 0.13887443121009566 -0.0088173974713894546 0.29737828854951409 0.036521238506490715 -0.06916974725578319 0.59042444536770733 -0.080105990994062543 0.10383876908700171 -0.021833291008178751 0.19877811412366728 -0.23255469706499871 0.0298513450412091 0.65768092382859478 0.28299601276998515 0.40263400555064432 0.0031136720866960939 -0.034772047885010385 -0.088414711120678363 0.0091335568181600615 0.24057893841820646 0.4199591502836289 0.29494740727309454 0.25725523737616446 0.49092265071397789 0.026582611094314361 0.094343790551420115 0.26884659140141498 0.50546619714738716 -0.15323514042385511 0.028639546492483108 -0.10472925873011782 0.23197878856205881 0.12474345427756495 0.040894297327313985 -0.11912353781068578 0.058047837432913668 0.47842838520149139
leaf_weight=2217.4835180267692 392.85423596762121 1542.3276488799602 2730.1376872207038 6415.7009163171751 1282.2487671468407 455.88155546598136 232.47781413979828 2199.8830628870055 517.9161373320967 2225.3362889513373 6524.3867566520348 2605.8542581386864 2099.6098236870021 2539.3488591136411 607.61774701066315 17526.011659091339 452.4237940935418 728.97499693091959 1146.1827420759946 64116.100209347671 976.16506416350603 1798.0647647157311 10444.974982898217 260.35018604621291 278.04156013391912 330.27065564133227 2875.5997996516526 1922.5349855460227 524.13035057019442 24247.348103682976 3183.1679722480476 230.47195010958239 2215.3654037704691 349.35764401126653 269.28783496282995 1878.6449088864028 674.6064600199461 1793.6476533971727 266.12717635929585 1624.7053209990263 389.99337603827007 10497.277608274482 339.81410603690892 3845.0493040792644 6407.4840263421647 4014.1382083563367 2182.1122538167983 356.60759235359728
leaf_count=8594 1424 66363 12296 70509 4791 2355 1319 9341 2103 9051 24815 9636 9465 9833 2313 66829 1738 2755 4329 376375 3651 6811 41508 1123 1154 1256 10262 7115 2150 100128 12114 1381 8516 1348 1381 6887 2699 6556 1431 6547 11944 47156 2035 14541 30016 82418 9695 1596
internal_value=0 0.00316671 0.00468231 -0.0396411 0.137008 0.00785287 0.172619 0.00723096 -0.0548296 -0.111961 0.00895258 0.0311347 -0.0153735 0.129314 -0.02436 0.00472963 -0.0525115 0.0125298 0.0442185 -0.00192171 0.143851 -0.0120318 -0.00796732 0.0591184 -0.163166 0.1462 0.0627062 0.0437472 0.0264279 0.0408539 0.218621 0.069658 0.229984 0.0494027 0.209474 -0.0737768 0.25496 0.192026 0.261302 -0.101368 -0.15125 -0.0887846 0.0275208 0.062223 0.0723985 -0.0698065 0.0470277 0.11746
internal_weight=0 199234 197302 13160 3499.73 184142 688.359 183454 4943.14 4425.22 178511 28529.1 20314.7 5839.13 2625.18 149981 17978.4 132003 41354.8 90648.2 6260.25 79436.3 77360.1 13244 2076.11 8214.47 3545.68 2898.7 35094.5 28570.1 4322.78 11212 3361.55 873.488 4668.79 14475.5 3213.96 4399.5 3449.3 2232.32 1932.32 12596.9 3215.41 10981.5 10252.5 10429.8 12983.7 2538.72
internal_count=1119653 1106268 1027961 165223 13385 862738 3674 859064 20495 18392 838569 117450 86324 22816 10284 721119 68567 652552 165597 486955 23611 438262 430297 53922 7965 31126 13553 10766 141986 117171 17043 48693 12845 3498 17573 63508 12532 16192 13545 8860 78307 56621 12297 47312 44557 152927 52799 11291
is_linear=0
shrinkage=0.5


Tree=38
num_leaves=49
num_cat=0
split_feature=1 16 7 16 1 7 6 1 16 13 15 16 16 9 9 7 13 16 1 13 7 15 4 1 13 3 6 15 6 1 16 6 16 3 2 1 13 1 16 7 2 6 6 6 5 13 1 16
split_gain=314.597 423.229 284.702 314.601 294.792 236.517 226.109 138.408 151.569 135.544 133.158 155.488 125.015 112.083 99.9574 85.2311 83.3903 99.8985 154.488 80.9915 78.7798 77.705 81.3589 75.6919 73.4519 99.6079 73.278 68.8821 66.7655 66.3154 155.529 65.445 63.9925 59.4608 58.1656 57.3209 55.0149 55.0055 52.4179 52.1586 51.5803 46.2226 43.938 42.9541 42.2873 40.916 38.2994 44.8846
threshold=0.51006951928138744 -0.61107823252677906 -0.048649586737155907 -2.2488250732421871 0.19502699375152591 0.021869719959795478 0.063126262277364745 0.32556653022766119 -3.1475223302841182 0.36599294841289526 5.2614619731903085 0.38001103699207311 -3.6993480920791622 -0.0016234308131970463 -0.0015603700885549185 0.0090947467833757418 -0.73999726772308339 -0.45101097226142878 0.35018831491470342 -0.37244904041290278 0.084071744233369841 5.0808470249176034 0.063715614378452315 0.62492340803146373 -0.82233798503875721 0.10105215013027193 0.21583290398120883 5.2469201087951669 0.038624355569481857 0.31063640117645269 -0.62307086586952198 0.28431320190429693 -1.2409567832946775 0.021337460726499561 0.092029403895139708 0.73976820707321178 -0.73999726772308339 1.0000000180025095e-35 0.27580849826335913 0.023715450428426269 0.14517313987016681 0.12894110381603244 0.014784693252295257 0.16346363723278048 0.12733015418052676 -0.25212861597537989 0.36441792547702795 -0.56442850828170765
decision_type=2 2 2 2 2 2 2 2 2 2 2 2 2 2 2 2 2 2 2 2 2 2 2 2 2 2 2 2 2 2 2 2 2 2 2 2 2 2 2 2 2 2 2 2 2 2 2 2
left_child=2 24 19 4 12 6 9 8 -6 13 11 23 -4 40 -7 42 17 18 26 46 27 -15 33 28 25 -2 -16 -18 39 43 -31 -19 -20 45 -24 36 41 -14 -12 -3 -5 -13 -10 -8 -38 -23 -1 -48
right_child=1 10 3 5 7 14 29 -9 15 -11 38 35 37 21 16 -17 20 31 32 -21 -22 22 34 -25 -26 -27 -28 -29 -30 30 -32 -33 -34 -35 -36 -37 44 -39 -40 -41 -42 -43 -44 -45 -46 -47 47 -49
leaf_value=0.098522660067860271 0.36688551883913367 -0.0020986738110984121 0.10056496961651891 0.0073275370243248627 0.20495314437588955 0.079473052923644774 -0.054840377147103693 0.21739969314263563 -0.034984847733228845 -0.1570067584315705 -0.14707030862013662 -0.096440519733447777 0.095631988049384137 -0.017421225129690604 -0.081294283867412276 0.11772385538335106 0.033616604561920456 -0.11958904374368698 0.22899716618946983 -0.023335656568813541 0.16868603974049998 -0.10265247990247495 0.031583650356888898 0.14543758950727695 0.08710970300874675 0.16898292860639449 0.086148686187751219 -0.091436796919698193 0.12216282966844066 0.16499143152189022 -0.009964518891545697 0.073100503310285822 0.047007802423330546 -0.070056388586352408 -0.097185107782137389 0.12147196242653741 -0.0040589364271511417 -0.055987761521460441 0 0.18500894003701654 -0.13306627737702695 0.090622234791277317 0.069436302726188684 0.088279737071791042 0.22175249294523261 -0.17178977080494698 0.36361835577245766 0.14566834823223229
leaf_weight=2712.5152267212979 940.23277614219114 4424.5436834106222 1693.8348099403083 6787.8663034792989 1563.0122585096397 3725.7704236269929 3659.7024417929351 1797.6898797280155 3390.1822830867022 4093.164837268414 1598.488746376941 3306.1910778963938 635.93769699893892 5289.4377269330435 3770.9288396956399 2049.9405128220096 6087.6723360747565 3845.2297664056532 743.90487674996257 1062.416393809719 886.37135355826467 9968.314981526928 2430.6498501244932 2635.6274902718142 1262.5066237323917 2029.3778333654627 786.71742422832176 1342.2611905992962 2007.1146766301244 1897.951598033309 3822.196139968466 493.65079957712442 1403.3346943608485 13629.672835970065 1368.5153832468204 632.37880303151906 3128.5865972151514 9336.3373899948783 981.47169184451923 405.23450391506776 722.61558161955327 363.33543962892145 1431.4154367754236 608.68045090325177 220.79725260473788 2768.6742604475003 332.48130428558215 873.99950085766613
leaf_count=16419 5479 36905 7707 60933 8362 27219 21094 13510 18668 92736 18792 18240 4468 42024 22155 12676 60600 22666 5456 13466 5784 130227 22314 16762 9223 17891 5957 19749 11505 11165 22200 2594 8597 115493 8708 3671 34630 45268 8985 2926 5556 2015 7790 3069 1443 59214 1976 5366
internal_value=0 0.0454155 -0.0179903 -0.0236931 0.0294039 -0.0382095 -0.0554901 0.0913543 0.0644078 -0.0699939 0.0145711 0.0305486 -0.0248925 -0.0616895 0.00447158 0.0323412 -0.0099397 -0.0384333 -0.00010135 0.0986965 0.0278388 -0.0734441 -0.08325 0.0733783 0.188865 0.231913 -0.0522689 0.0109484 0.0455091 0.0127916 0.0480174 -0.097539 0.110367 -0.09311 -0.0146826 -0.0224131 -0.0354633 -0.0462601 -0.091253 0.0135318 -0.0061297 -0.0777628 -0.00387309 -0.0342981 0.0107395 -0.117733 0.131904 0.206396
internal_weight=0 23935.9 107013 102032 21898.4 80133.3 57047.4 10232.2 8434.55 47058.9 19703.8 17123.8 11666.1 42965.7 23085.8 6871.54 19360.1 11043.8 6704.89 4981.41 8316.3 35455.3 30165.8 9472.52 4232.12 2969.61 4557.65 7429.93 6836.89 9988.53 5720.15 4338.88 2147.24 26366.7 3799.17 7651.29 7018.91 9972.28 2579.96 4829.78 7510.48 3669.53 4821.6 4268.38 3349.38 12737 3919 1206.48
internal_count=1119653 188467 931186 893959 118449 775510 594733 61006 47496 537205 155874 128097 57443 444469 180777 39134 153558 67425 42165 37227 86133 377980 335956 68098 32593 23370 28112 80349 51336 57528 33365 25260 14053 304934 31022 59999 56328 49736 27777 39831 66489 20255 26458 24163 36073 189441 23761 7342
is_linear=0
shrinkage=0.5


Tree=39
num_leaves=49
num_cat=0
split_feature=13 1 9 16 16 13 13 6 1 15 16 15 2 6 15 0 1 6 2 1 10 15 6 0 12 11 6 2 13 16 2 6 0 6 6 1 6 2 1 16 15 13 6 1 6 9 1 5
split_gain=250.928 247.89 139.784 151.007 130.088 146.19 118.316 104.927 94.2063 79.6538 78.3422 71.6225 66.8672 66.0551 63.3769 63.0097 57.8366 57.0067 54.8472 51.8642 51.4658 49.1622 53.4093 47.2956 44.5842 73.714 44.5042 43.1184 49.3334 42.9056 40.3228 39.6555 38.8573 38.7633 36.8855 35.6852 35.6263 39.9025 34.0452 32.2677 31.1628 49.7426 30.4593 25.5125 25.3154 24.5121 23.8853 23.7615
threshold=0.79972973465919506 0.39538988471031195 -0.0018004027078859506 -0.75275710225105275 -0.054962109774351113 -0.85390219092369068 -0.79528644680976857 0.10633719712495805 0.60669776797294628 5.2245090007781991 -1.0762537121772764 5.2283360958099374 -0.12711552530527112 0.053526006639003761 5.2602300643920907 0.84227058291435253 0.62492340803146373 -0.047859253361821168 0.32408474385738378 1.0000000180025095e-35 0.61528849601745617 5.2393677234649667 0.043208099901676185 0.83931007981300365 1.1412889361381533 1.3004075884819033 -0.081877727061510072 0.2804542481899262 -0.071036886423826204 -3.3009693622589107 0.070985589176416411 0.017987241968512539 0.6519681215286256 -0.044838109984993928 0.079175487160682692 0.48472417891025549 0.038624355569481857 0.11399957165122034 0.73976820707321178 -1.6012886762619016 5.2113020420074472 -0.77125626802444447 -0.029268713667988774 0.30764490365982061 -0.081877727061510072 0.00071113486774265777 0.49679362773895269 -0.027714395895600315
decision_type=2 2 2 2 2 2 2 2 2 2 2 2 2 2 2 2 2 2 2 2 2 2 2 2 2 2 2 2 2 2 2 2 2 2 2 2 2 2 2 2 2 2 2 2 2 2 2 2
left_child=1 2 30 7 5 10 9 12 24 15 35 20 -4 17 18 34 21 -8 38 -14 -2 22 33 -15 40 -26 -21 28 36 -28 -1 42 -33 -12 -5 -3 37 46 -10 -9 41 47 -31 -44 -11 -19 -7 -6
right_child=11 4 3 6 8 27 13 39 14 44 16 -13 19 23 -16 -17 -18 45 -20 26 -22 -23 -24 -25 25 -27 29 -29 -30 31 -32 32 -34 -35 -36 -37 -38 -39 -40 -41 -42 -43 43 -45 -46 -47 -48 -49
leaf_value=-0.081270386743257803 0.0054890256770591004 -0.15867695360302614 -0.096112256132819568 0.07649396092014904 -0.01217709267934762 -0.040085039370237947 -0.027182999912088501 -0.21171147113918878 -0.045184353011231727 -0.15298409204721494 -0.20002394941882989 0.14150933322855003 -0.19356621264427715 0.018040444999178576 -0.21346465108161819 0.22237370848867183 -0.27265799969734122 0.052041599048273005 0.21796909947741189 -0.14363501420749186 0.085189537557270989 -0.14976913884397597 -0.14045713819489963 -0.069983071978014275 0.018222137772587479 -0.26430156776338121 -0.066955864870704832 0.16058946273233582 -0.0049953342231265751 -0.010050731241195715 0.017031760421533509 0.019324864854642378 -0.029521050740851932 0.018754429626463367 0.22383664442034412 -0.32227104111792265 -0.11283546565471834 0.01039572503213646 -0.19782335657403968 -0.068330233412029526 -0.045530682054507485 -0.019294948086680985 0.038133783055088612 0.00767940380311975 0.041497614678288768 0.018904145558019791 -0.088950675303156077 0.10006000455193399
leaf_weight=4925.3006342146546 3640.7048996370286 1101.8179949374171 1634.9006976918317 3145.2912253635004 670.88978435704485 9367.1734946446959 3237.4874210087582 637.48463578661904 4760.3308632038534 175.17292699031532 220.45121330954134 2908.7105917725712 321.11735450057313 3420.8410402825102 645.64134892029688 1392.7274825549684 374.18125039082952 20135.780674063601 186.19761438854039 480.90196065232158 4605.2527054380625 1339.8481266521849 916.4012647352647 2744.7317208396271 23916.095217543188 231.93231457658112 1799.4896442764439 288.08142698183656 9952.8362652137876 6606.621470448561 1312.9870707048103 7070.4617693806067 9576.1369817510713 2360.6207720683888 496.58789792470634 496.47027458588127 1954.4940962914843 3026.877097049728 397.70721946796402 1063.2596306798514 6398.7257526703179 8021.291174385231 19521.098519215826 10688.226680525579 3044.289647760801 7797.1418480807915 3454.1957019420806 1527.1314989021048
leaf_count=30835 13283 19642 22549 13410 3353 51623 14396 19846 28135 1586 1406 12449 4285 14299 6203 11692 8710 82270 959 3326 17610 18522 13310 13358 106808 1155 18918 1432 41169 35516 7111 35101 61950 16790 3209 15551 14885 14431 5048 14688 31635 32430 96552 50942 22726 32289 23256 9004
internal_value=0 -0.00316028 0.0121923 0.0165169 -0.0240908 -0.0472141 0.0381613 -8.7428e-05 -0.00684256 0.0923553 -0.112951 0.0739664 0.00351304 0.0261647 -0.0653899 0.131658 -0.0830645 0.0355241 -0.0473708 0.00642883 0.0500662 -0.0682422 -0.0368333 -0.0210689 0.0017491 0.0154771 0.00759335 -0.0312301 -0.0332447 0.008921 -0.060501 0.0114855 -0.00874433 0 0.096778 -0.209976 -0.0490087 -0.041099 -0.0570865 -0.12246 -0.0181689 -0.000984951 0.0206461 0.027376 0.0307163 0.0428106 -0.0532948 0.0655852
internal_weight=0 192837 111228 104990 81609.4 34853.4 45590.1 59399.7 46755.9 8254.07 6809.79 11154.7 57699 37336 5989.88 5034.61 5211.5 31170.4 5344.24 56064.1 8245.96 4837.32 3497.47 6165.57 40766.1 24148 55742.9 28043.7 27755.6 55262 6238.29 53462.5 16646.6 2581.07 3641.88 1598.29 17802.7 15848.2 5158.04 1700.74 16618 10219.3 36815.9 30209.3 3219.46 27932.9 12821.4 2198.02
internal_count=1119653 1076311 610854 572908 465457 240727 209235 363673 224730 52623 93931 43342 329139 156612 40345 28311 58738 128955 34142 306590 30893 50028 31506 27657 184385 107963 302305 146796 145364 298979 37946 280061 97051 18196 16619 35193 104195 89310 33183 34534 76422 44787 183010 147494 24312 114559 74879 12357
is_linear=0
shrinkage=0.5


Tree=40
num_leaves=49
num_cat=0
split_feature=15 14 10 14 1 14 10 1 10 13 14 3 13 0 13 3 3 15 1 14 3 10 15 1 9 15 1 9 10 10 1 14 13 13 15 9 14 3 3 4 3 13 13 2 13 0 9 11
split_gain=120.09 101.015 181.852 127.549 98.8852 73.9471 63.7229 53.6187 48.0096 45.1054 40.4058 38.6515 38.5716 38.0245 51.5767 49.1397 46.3939 35.6626 45.364 33.5266 31.2963 30.1638 29.6617 50.1647 29.1231 29.1001 30.0723 28.0255 25.3842 24.9125 24.155 23.0924 22.6127 22.5189 22.3007 21.859 21.7279 21.2929 20.7149 19.1576 18.3997 17.6679 19.5897 17.5037 17.4074 17.3304 17.3156 17.1851
threshold=5.0673322677612314 1.2330597639083865 0.77512091398239147 3.6880577802658085 0.45399866998195654 23.706043243408207 -0.37729905545711512 0.71445611119270336 2.192017793655396 0.57887589931488048 7.722114324569703 0.011772596277296545 -0.48414799571037287 0.77652022242546093 -0.83678457140922535 0.015521130990236999 -0.024161987937986847 5.2052211761474618 0.55319792032241832 2.5643773078918461 -0.0092996009625494463 1.5713521242141726 5.2614619731903085 0.55319792032241832 0.0050521618686616429 5.1691939830780038 0.45237249135971075 -0.0021900619613006707 4.3694505691528329 1.7874154448509219 0.3671413809061051 43.990348815917976 0.32023549079895025 0.21947422623634341 5.1831967830657968 0.0019560618093237285 8.0190720558166522 -0.068911720067262636 -0.062036953866481774 0.068262342363595976 -0.056246731430292123 0.65190890431404125 -0.67941954731941212 0.1000879928469658 -0.96548643708229054 0.22558002173900607 -0.0022933906875550743 1.0207076072692873
decision_type=2 2 2 2 2 2 2 2 2 2 2 2 2 2 2 2 2 2 2 2 2 2 2 2 2 2 2 2 2 2 2 2 2 2 2 2 2 2 2 2 2 2 2 2 2 2 2 2
left_child=4 21 3 20 12 7 36 8 10 11 17 30 -1 14 15 -10 -15 18 33 -16 32 -2 23 43 37 26 -22 -19 -7 -14 -8 45 -3 38 -32 -29 -5 -21 -4 -17 -6 42 -12 46 -13 -30 -18 -23
right_child=1 2 5 6 40 28 9 -9 13 -11 41 44 29 16 19 39 22 27 -20 24 25 47 -24 -25 -26 -27 -28 35 31 -31 34 -33 -34 -35 -36 -37 -38 -39 -40 -41 -42 -43 -44 -45 -46 -47 -48 -49
leaf_value=-0.00025122663843655358 0.037383634171858068 0.015571199304343657 0.06580730546309535 -0.10363116435578661 -0.04910071263905412 -0.2004416944109132 -0.033901495260227968 -0.2067519462127313 0.0090353171134422757 -0.15861728193566621 -0.071201144362427554 -0.18220784048546299 -0.10010321163582064 0.14858025647545892 -0.023735924029758212 -0.055320156301603536 -0.066823984108793519 0.068044021432045715 -0.16639703554266269 0.088605488765854959 -0.044228104076294329 -0.039219901983748029 0.079212050264267142 -0.12106893144236637 0.17562114900357778 -0.01457987703446414 -0.17049985979162174 0.0061755813777092765 0.099725494400768319 -0.01488738740999236 -0.073802789649651354 -0.20234188934163644 -0.037754101185464191 -0.05199431319153193 0.056419579335941245 0.048475161709450418 -0.2161926609898106 0.026867012788240812 -0.006333050384479233 -0.16753887831836969 -0.21487531491939785 -0.19247066644779059 -0.0096993240525168334 0.085787187481834087 -0.061391145475959384 -0.0560131946097309 0.029795320408190034 0.024294563186256123
leaf_weight=3687.4591787159443 21544.91796335869 12108.50789708388 1109.8285526558757 3825.70945904986 209.293698070338 388.76873919274658 3765.4953534840606 279.31803739781026 4874.0053093679016 822.45176621852443 2084.5278532878729 323.07294896058738 2592.7805139453849 1035.2325172782876 2758.2889869096689 2249.5628825756721 495.40040903282352 2448.4554089180892 472.45504300063476 1543.3941235831007 3379.5241033905186 2211.0970301809721 3232.65787290968 562.35415807901882 363.60445601027459 17975.155715513043 552.53067518596072 22257.720340620377 207.47273909067735 1304.1093581127934 399.70997894275934 235.24917817302048 2374.1308870774228 2447.0697233064566 1774.3572640265338 3548.046700414503 494.89096202282235 15609.543266191147 9529.5219315527938 465.92377968342043 1059.6168608756852 179.58280902635306 3476.7988997760694 1324.4933820578735 4709.0441646004329 1186.1210780633846 6525.757289704401 2044.8634513951838
leaf_count=37570 111445 59077 5606 30908 3766 2837 19493 6333 24024 7475 16213 4260 30390 6190 12595 11811 7602 12153 9452 7725 28517 10304 18730 13437 2065 90967 13146 93359 1019 12199 5653 3809 13516 20447 8949 16904 5132 73732 65006 2659 39804 1724 19829 11651 37495 15036 57113 10052
internal_value=0 0.000977674 -0.00420156 -0.027631 -0.0587545 0.00932746 -0.0646691 0.0114816 0.0121777 -0.0455625 0.00135353 -0.0370285 -0.0370454 0.0247073 0.014215 -0.0209054 0.0468555 0.00676442 -0.0142939 0.0273867 -0.0112142 0.0297812 0.0381287 0.0231565 0.0354663 -0.0231412 -0.0621377 0.0168879 -0.0852732 -0.0717248 -0.00961162 -0.0573721 0.00679309 -0.0087521 0.0322249 0.0120124 -0.116687 0.0324561 0.00115065 -0.0748133 -0.187986 -0.0379632 -0.0328503 0.032948 -0.0692818 -0.032414 0.0228983 -0.00858708
internal_weight=0 169197 143396 52504.6 8853.26 90891.2 16114.7 88873.5 88594.2 11794.1 47554 10971.7 7584.35 41040.2 27864.3 7589.49 13175.9 41813.1 13558.9 20274.8 36389.8 25800.9 12140.7 8908.01 17516.5 21907.2 3932.05 28254.2 2017.61 3896.89 5939.56 1628.84 14482.6 13086.4 2174.07 25805.8 4320.6 17152.9 10639.4 2715.49 1268.91 5740.91 5561.33 8345.65 5032.12 1393.59 7021.16 4255.96
internal_count=1119179 995450 863649 324588 123729 539061 119365 516360 510027 83325 260693 75850 80159 249334 134611 38494 114723 222927 100511 96117 205223 131801 108533 89803 83522 132630 41663 122416 22701 42589 34095 19864 72593 91059 14602 110263 36040 81457 70612 14470 43570 37766 36042 76366 41755 16055 64715 20356
is_linear=0
shrinkage=0.5


Tree=41
num_leaves=49
num_cat=0
split_feature=14 11 12 11 12 12 11 12 12 12 11 12 12 11 11 11 12 12 11 12 11 12 11 11 12 12 12 13 11 11 12 12 12 11 11 12 12 11 12 11 12 11 12 11 11 11 12 11
split_gain=101.867 64.5132 511.287 201.811 211.577 115.222 194.424 497.625 267.79 116.169 111.836 84.5592 83.2796 83.8022 73.4735 72.0633 209.335 53.535 87.3242 329.477 67.0431 51.8756 593.365 145.683 363.12 236.281 128.519 149.999 98.8844 68.8731 696.258 50.4319 49.6395 187.311 61.0811 415.235 88.3012 398.663 76.7657 217.125 46.6459 77.3629 199.644 157.154 103.502 66.4637 62.0404 69.651
threshold=14.215031147003176 1.2333067059516909 1.2137923836708071 1.2981241941452029 1.2974271774291994 1.1790153980255129 0.76139572262763988 0.91028544306755077 0.73252263665199291 1.3372861146926882 1.1912136077880862 0.95953911542892467 0.88844168186187755 1.3549771308898928 0.57911920547485363 0.4158093929290772 1.5209911465644839 0.97637259960174572 1.369414269924164 1.0450853109359743 1.3238208293914797 1.5545669794082644 0.96288681030273449 0.58459892868995678 1.6338464021682741 1.7055202722549441 1.6712988018989565 -0.80307015776634205 0.65157613158226024 0.91886162757873546 1.5885424613952639 1.6766645908355715 1.6766645908355715 0.72799819707870495 0.71814262866973888 1.5790874361991885 1.6338464021682741 0.81833741068840038 1.601884186267853 0.64621528983116161 0.93940111994743358 1.1226557493209841 0.83740746974945079 1.0288035869598391 1.0364420413970949 1.1629266142845156 0.76741918921470653 0.8923761546611787
decision_type=2 2 2 2 2 2 2 2 2 2 2 2 2 2 2 2 2 2 2 2 2 2 2 2 2 2 2 2 2 2 2 2 2 2 2 2 2 2 2 2 2 2 2 2 2 2 2 2
left_child=1 5 12 4 -4 6 7 8 14 -7 15 -9 13 -3 -1 16 -11 20 -19 -20 -14 -17 23 24 -23 29 27 -26 -27 32 -31 -18 34 -34 35 -25 -36 -38 39 -37 41 42 44 -44 46 -42 -8 -48
right_child=-2 2 3 -5 -6 9 40 11 -10 10 -12 -13 17 -15 -16 21 31 18 19 -21 -22 22 -24 25 26 28 -28 -29 -30 30 -32 -33 33 -35 36 38 37 -39 -40 -41 45 -43 43 -45 -46 -47 47 -49
leaf_value=0.42399791266934361 -0.12151556105120154 0.017330931864640679 0.088955021080346613 0.65339080332516741 0.57841607990297694 -0.021932193941734679 -0.064007315770150106 0.35477478861477246 -0.059924869246017552 -0.10799563194470758 0.32248428438013421 0.16643941417533625 -0.044148112250494739 0.36575703805719223 0.12949366621006855 0.027861175317763526 0.11684100713447242 -0.038412244994426817 -0.13076919420033142 0.57285801366678601 -0.14659022452541429 0.21505075309776198 0.58838486948202828 0.35360866746955888 0.20574149183506052 0.088325776210961215 -0.093780348320037538 -0.024951345112981766 0.51366006129115993 -0.17942789427934039 0.79172873498813223 -0.059979234170043 -0.03829558865643852 0.4478324367133184 -0.10400010455067064 0.43561915866625439 -0.089611289943621456 0.49587827241173704 -0.085637848335118824 -0.069759776609974983 -0.014933852933446332 -0.012632679419913169 0.21219119634439382 0.027901211583330105 0.12075270181876127 0.041945050087734047 -0.043595441975712572 0.14625905370846437
leaf_weight=263.84661714639515 1577.7607529794332 3471.9452706710435 1325.065560359275 251.92933789454401 265.09277753066272 38752.348769044736 3832.8598392065614 679.36979005951434 5435.1800230154768 4103.8383962553926 287.87523427559063 5247.0964347077534 4180.0368751799688 180.92508773633745 1122.501552219037 37531.29520903388 1859.3729385253973 14347.59658917319 425.79830584512092 270.99370532575995 2605.9538113527233 2306.0260629635304 420.67951432149857 671.53915996011347 1053.9300018670037 295.28679929953068 2910.1773211823311 2112.629697682336 259.77990487962961 657.4669047887437 255.25930195907131 510.08522667270154 1222.2965766997077 235.2221004916355 8085.1864931927994 284.0576233016327 1654.1526218256913 351.64051579590887 5141.070132809924 830.93610859662294 20548.280917955912 6372.5596250196686 2764.8748009481933 2000.8378200671868 1487.3440187911037 6845.9567005157005 1020.0679380302317 911.51705579017289
leaf_count=1039 79390 21060 7791 1145 1296 201584 15842 2991 23770 20300 1435 22359 36264 1147 4461 162792 7563 130919 2914 1566 29044 9343 1799 2588 4751 1508 14576 8414 1504 2792 938 2513 5476 1110 34332 1102 7050 1423 21980 3344 102112 33494 11590 9690 6086 45019 4329 3644
internal_value=0 0.00598535 -0.0165604 0.237718 0.171179 0.0096054 0.0275777 0.0821937 -0.00981771 0.000190818 0.0119355 0.188169 -0.0349694 0.0348205 0.186169 0.0106954 -0.0396323 -0.0466713 -0.0299866 0.142595 -0.0835774 0.0156188 -0.000347229 -0.00912861 0.0461513 -0.0323899 -0.017886 0.0517133 0.288854 -0.0416268 0.0921945 0.0785558 -0.0482693 0.0400688 -0.0558661 -0.0196142 -0.0806995 0.0129791 -0.0598068 0.0588183 0.0123582 0.0318366 0.0554582 0.134946 0.00314037 -0.000700268 -0.027135 0.0457677
internal_weight=0 197650 27325.3 1842.09 1590.16 170324 58532.3 12748 6821.53 111792 73039.8 5926.47 25483.2 3652.87 1386.35 72751.9 6473.3 21830.4 15044.4 696.792 6785.99 66278.6 28747.3 28326.7 8382.76 19943.9 6076.74 3166.56 555.067 19388.8 912.726 2369.46 18476.1 1457.52 17018.6 6927.6 10091 2005.79 6256.06 1114.99 45784.3 18390.1 12017.5 4765.71 7251.79 27394.2 5764.44 1931.58
internal_count=1119179 1039789 233146 10232 9087 806643 286426 54620 29270 520217 318633 25350 222914 22207 5500 317198 30376 200707 135399 4480 65308 286822 124030 122231 37084 85147 27741 13165 3012 82135 3730 10076 78405 6586 71819 29014 42805 8473 26426 4446 231806 84675 51181 21280 29901 147131 23815 7973
is_linear=0
shrinkage=0.5


Tree=42
num_leaves=49
num_cat=0
split_feature=11 15 13 10 16 1 16 1 6 16 16 10 9 9 3 16 12 1 13 13 1 15 0 16 1 1 9 16 0 1 6 6 16 1 0 6 1 1 13 16 10 6 16 1 13 15 13 15
split_gain=182.053 154.434 195.142 129.525 127.266 110.892 110.532 155.559 134.384 114.511 86.075 69.6579 67.9902 84.348 66.202 112.759 61.3181 57.4127 53.7664 51.4146 50.1887 44.6139 44.1322 43.9477 71.2991 58.1017 57.1598 43.9161 43.472 39.2337 46.5177 35.9707 35.5967 32.3935 32.1401 31.0323 30.9202 30.8375 29.8267 32.2462 29.3067 29.1752 35.0023 75.8426 44.6761 36.5696 34.3951 28.3859
threshold=1.2529208660125735 5.259615659713746 -0.62942016124725331 13.487078666687013 -0.69188857078552235 0.39259211719036108 0.59024792909622203 0.45237249135971075 0.01075107464566827 -3.0193912982940669 -1.5648467540740965 -1.5182844996452329 -0.0011149342753924427 0.00097363308304920803 0.10733608528971673 -0.89711341261863697 1.268498480319977 0.24101588129997256 0.11210502684116365 0.68756169080734264 1.0000000180025095e-35 5.2130455970764169 0.32508996129035955 -1.6788781285285947 0.40120635926723486 0.47150240838527685 -0.0018385751172900198 0.31435430049896246 0.41494897007942205 0.5634208917617799 -0.075506396591663347 1.0000000180025095e-35 -0.88476553559303273 0.2008331045508385 0.37016300857067114 -0.075506396591663347 0.65711602568626415 0.55999639630317699 0.21947422623634341 -3.5831278562545772 15.194013595581056 0.17090357840061191 -1.6977536082267759 0.28847838938236242 -0.73999726772308339 5.0967867374420175 -0.071036886423826204 5.1623435020446786
decision_type=2 2 2 2 2 2 2 2 2 2 2 2 2 2 2 2 2 2 2 2 2 2 2 2 2 2 2 2 2 2 2 2 2 2 2 2 2 2 2 2 2 2 2 2 2 2 2 2
left_child=1 3 4 6 5 -3 7 9 10 17 -9 -11 -13 20 15 -10 19 38 22 23 -14 -21 -12 24 33 26 -25 -6 -17 30 -8 -4 -27 -2 -15 -28 -24 -30 -1 -40 -37 42 43 44 -22 -46 -44 -41
right_child=16 2 31 -5 27 -7 29 8 14 11 18 12 13 34 -16 28 -18 -19 -20 21 41 -23 36 25 -26 32 35 -29 37 -31 -32 -33 -34 -35 -36 40 -38 -39 39 47 -42 -43 46 -45 45 -47 -48 -49
leaf_value=0.011699745518208574 0.018674400498427307 -0.0063376470794558213 -0.20951671014615236 0.13824169083711085 -0.11286579600703987 0.17829842882061223 0.21936584511596263 0.21240225094041343 0.29113858146870636 -0.16333397941419167 -0.09681965516519174 0.014100310965293048 0.13746951630762708 -0.055392870539532311 0.03622328183389463 -0.031754913833331018 -0.31245046732170367 0.19484853168068372 -0.14597290201419966 -0.00091857647954542913 -0.090682216907909688 -0.22256372273845113 -0.0066633993392858906 0.090201290859183547 0.26469479029203774 0.16734738907159463 0.18582940762060154 -0.00023970518682708521 0.076364552539435526 -0.017156168881113137 -0.098203214732312458 -0.11612668610240501 0.048684100998269177 0.087718921199395075 0.018979070884441878 -0.01707141974886308 0.096312321249859709 0.18798606433661733 0.21616911141876841 0.14857013132129515 0.20344890025381188 0.013479107526117218 -0.055877732423852577 0.050450758036787141 0.062041077967537821 -0.041859386833817597 -0.11574218970935211 -0.05904368990048639
leaf_weight=3940.5261978651397 3132.5202094246633 3684.2284385608509 1616.047556207981 1484.2774883918464 3303.6203447477892 1040.8782982735429 116.04992140526883 406.504451605957 766.16757562709972 900.67796379304491 1225.0456964457408 9893.9622465155553 367.52299000928178 1740.7421304601012 6031.4038929869421 694.61413595732301 128.66444169543684 607.71251250198111 801.52726801647805 654.07543459092267 3986.0585347483866 350.51495689107105 5612.1271153984126 1637.9125529667363 438.03177164983936 717.81407248508185 197.06089232559316 1184.7626785472967 2429.3979816865176 2716.180764415767 5238.160248126951 2998.8656474181917 5572.5192037068773 3769.3971040663309 8709.3937070393004 10334.685819742037 835.9533901065588 845.99750593723729 410.20424707606435 304.08637490496039 151.6038194601424 1806.4730641739443 13547.187007460743 2303.9425282073207 1071.5540645206347 3983.821793908719 2944.0687452782877 352.77935885637999
leaf_count=18182 17393 28756 39367 13825 35236 8953 1626 3001 4546 11662 14702 83123 2195 23174 37319 8244 1605 4072 17235 7766 19787 4588 42899 12513 4529 5851 2271 9691 19146 20071 61763 45745 43325 25054 68870 93907 5009 5230 1463 1058 1111 10218 118519 15123 6066 28838 63186 1366
internal_value=0 -0.0159945 -0.0650437 -0.00810796 -0.0229371 0.0342586 -0.0106834 -0.00480628 0.0335376 -0.0180632 -0.0119443 -0.025496 -0.0230174 -0.0321064 0.0710954 0.115382 0.0302182 0.0496856 -0.0227883 0.0318839 -0.0455795 -0.0788952 -0.00983811 0.0361943 0.0689912 0.0232301 0.00322504 -0.0832548 0.0812717 -0.0663383 -0.091187 -0.148977 0.0623291 0.0564619 0.00653853 -0.0100701 0.00662209 0.105396 0.0319337 0.106105 -0.0138165 -0.0478704 -0.0518701 -0.0304087 -0.051072 -0.0197295 -0.0666016 0.0363878
internal_weight=0 99902.5 13828.4 86074.1 9213.49 4725.11 84589.8 76519.5 19648.7 56870.7 8881.16 51255.4 50354.7 40460.8 10767.6 4736.18 27084.8 5615.31 8474.65 26956.1 30010.6 1004.59 7673.13 25951.5 7339.95 18611.6 12321.3 4488.38 3970.01 8070.39 5354.21 4614.91 6290.33 6901.92 10450.1 10683.4 6448.08 3275.4 5007.6 1067.07 10486.3 29643.1 27836.6 11345.4 9041.43 5055.38 16491.3 656.866
internal_count=1119179 899266 167748 731518 82636 37709 717693 634233 157331 476902 82846 450761 439099 355976 74485 37166 219913 26141 79845 218308 263932 12354 62610 205954 46976 158978 109802 44927 32620 83460 63389 85112 49176 42447 92044 97289 47908 24376 22069 3887 95018 261737 251519 69814 54691 34904 181705 2424
is_linear=0
shrinkage=0.5


Tree=43
num_leaves=49
num_cat=0
split_feature=9 9 8 8 2 7 9 13 3 8 8 13 0 13 7 13 15 13 16 3 5 3 16 3 0 8 14 15 8 15 13 13 15 2 15 13 7 13 2 3 0 13 16 14 0 3 3 0
split_gain=149.694 100.849 77.0779 79.0423 72.2205 63.8641 58.6454 43.1273 50.2754 72.417 44.0787 42.7149 41.2296 40.2233 40.889 39.9563 37.6194 35.2958 34.0616 33.6869 31.7993 30.6173 29.3634 28.9425 33.0498 28.3115 26.2623 25.7185 25.7163 25.6128 79.4879 44.3917 25.1614 26.2812 24.3194 25.2785 29.28 24.2903 24.0942 23.2904 22.5019 22.2478 32.8831 25.0412 22.2249 32.136 28.6705 22.1035
threshold=0.0024338412331417207 -0.0010046965326182542 0.25546276569366461 -0.063067387789487825 0.15839394927024844 -0.044810624793171876 -0.0045673740096390239 0.87492626905441295 -0.044945459812879555 0.046301348134875304 -0.0068676285445690146 -0.25212861597537989 0.71749213337898265 0.52778461575508129 -0.035829948261380189 -0.10482586175203322 5.2655460834503183 -0.071036886423826204 -0.36143444478511805 0.15508563071489337 -0.048691688105463975 0.0099760848097503203 -1.1567589044570921 -0.070920709520578371 0.43078334629535681 0.01635000575333834 1.1893675327301028 5.2614619731903085 0.077596317976713194 5.2267448902130136 -0.69003060460090626 -0.79528644680976857 5.2371833324432382 0.32408474385738378 5.2678258419036874 -0.65259751677513111 0.0378506537526846 -0.85390219092369068 0.2804542481899262 0.07395473495125772 0.92283812165260326 -0.779138684272766 -2.7018834352493282 3.0394185781478886 0.85863742232322704 0.15150027722120288 0.049162983894348151 0.40935789048671728
decision_type=2 2 2 2 2 2 2 2 2 2 2 2 2 2 2 2 2 2 2 2 2 2 2 2 2 2 2 2 2 2 2 2 2 2 2 2 2 2 2 2 2 2 2 2 2 2 2 2
left_child=1 4 3 -3 6 11 47 8 12 10 22 -5 15 14 -8 -7 40 23 26 -15 -12 -19 -10 -2 39 29 -16 38 32 31 -31 -22 33 -26 35 44 -37 -14 -6 -25 41 42 -11 -44 45 -20 -46 -1
right_child=17 2 -4 5 27 7 13 -9 9 16 20 -13 37 19 18 -17 -18 21 34 -21 25 -23 -24 24 28 -27 -28 -29 -30 30 -32 -33 -34 -35 -36 36 -38 -39 -40 -41 -42 -43 43 -45 46 -47 -48 -49
leaf_value=-0.010460529937540606 -0.1214793771012737 -0.038547204908976923 -0.21605757597389663 -0.074906357313438712 0.052186035039375946 -0.040830382858461779 -0.083182997808047984 0.070125536355144971 -0.0073317814865429378 -0.18621154968008102 -0.0055934764003827018 0.011912448199881671 0.18423779411005883 0.032619985896444305 -0.092859505407660414 0.018775160172190771 0.050468297326579974 0.025513949047593371 0.0022846420651090561 -0.11476719930982082 0.11135111389032755 -0.042249456386484731 0.023811928022157095 -0.016997009890279406 -0.044691062683862026 0.025353662016227102 -0.026364791801718121 -0.072267671366586198 -0.15750343321669319 0.011676855156364453 0.11199192183531877 0.031477463514012823 -0.10344176944992417 0.13574167870328901 -0.058062636277136773 -0.0018925417285857056 -0.088127389529001024 0.031349833821838174 0.18378345775847546 0.12074274557165419 -0.061917023960290175 -0.016986515822203334 -0.004891051030185653 0.11414428249389336 0.20346904000743649 0.19256874022595666 0.041759641712603247 -0.11170238435261541
leaf_weight=725.45422832900658 1468.6045245557325 6971.7078335464466 366.34061724401545 3117.8610749067739 2833.6987082043197 8533.7906945872237 2436.5548334717751 3939.0713043343276 11029.395877868519 144.78977536037564 3882.2970453073503 2579.7280376814306 301.64660275832284 5834.5277570858598 1667.9008141970262 4178.8328128792346 2411.4266762263142 3127.990045693703 4149.2838598494418 413.0987097453326 1974.8007785174996 3556.0703899301589 23969.510699915001 2569.4155081962235 6170.7186716604047 16434.762385289185 14138.275271037361 355.26398140750825 655.36075372016057 3163.9614519253373 5306.7282217890024 15025.171081936453 1989.0648218418937 206.4144076812081 1769.7999794208445 10864.696396863554 1082.9948905138299 1956.9971355465241 400.9800389376469 347.48069685092196 2331.6909621118102 11440.493384644156 795.96238577039912 970.52099705662113 374.88989101722836 233.80843120766804 1060.4815257829614 2235.4292918937281
leaf_count=4452 10154 38836 9527 21007 14423 50518 14525 15162 65506 4125 19803 10299 2565 22672 11937 16469 19191 12747 19642 1688 13903 14459 112779 12995 44542 82109 96930 2921 11725 24158 24397 60915 19239 1237 14573 42781 4384 8691 2256 1789 26160 50869 6589 10964 2005 1907 11775 26879
internal_value=0 0.00524548 0.0125775 0.013225 -0.0137103 0.0161522 -0.018941 0.0186558 0.0168701 0.0209601 0.0273652 -0.035514 -0.0101094 -0.0143454 -0.0204983 -0.0211979 -0.00760866 -0.0402392 -0.0161603 0.0227778 0.0375826 -0.0104638 0.0139832 -0.0550445 -0.0468207 0.0415946 -0.0334185 0.0545992 -0.0617786 0.0520529 0.0745872 0.0407914 -0.0542023 -0.0387521 -0.0021704 0.00337219 -0.00975784 0.0520621 0.0687055 -0.000381392 -0.0165729 -0.00861269 0.0412325 0.0602527 0.0304165 0.0125907 0.0844552 -0.0870776
internal_weight=0 181405 130827 130461 50577.1 123489 46987.2 117792 113853 98881.5 80786.6 5697.59 14971.3 44026.3 37778.7 12712.6 18094.9 20091.1 35342.1 6247.63 45787.7 6684.06 34998.9 13407.1 11938.5 41905.4 15806.2 3589.94 9021.56 25470.7 8470.69 17000 8366.2 6377.13 19536 17766.2 11947.7 2258.64 3234.68 2916.9 15683.5 13351.8 1911.27 1766.48 5818.46 4383.09 1435.37 2960.88
internal_count=1119179 990292 694542 685015 295750 646179 276150 614873 599711 521468 403570 31306 78243 244819 220459 66987 117898 128887 205934 24360 225285 27206 178285 101681 91527 205482 108867 19600 76743 123373 48555 74818 65018 45779 97067 82494 47165 11256 16679 14784 98707 72547 21678 17553 35329 21549 13780 31331
is_linear=0
shrinkage=0.5


Tree=44
num_leaves=49
num_cat=0
split_feature=8 6 3 16 15 1 1 8 8 8 15 16 8 14 15 8 2 15 8 16 8 8 8 8 1 4 1 6 1 16 2 6 5 3 16 1 1 4 7 7 1 16 2 1 16 8 5 16
split_gain=127.393 88.7177 70.7407 71.4624 293.893 232.293 155.656 139.439 116.669 65.8732 99.2693 88.2029 62.5773 57.4174 55.4807 53.9748 52.5551 49.2254 47.8602 42.8001 46.1613 50.2481 41.3604 61.4363 38.0004 36.4388 35.9472 34.3249 34.0769 33.0387 32.5793 29.5469 28.7566 27.7588 27.6827 27.4244 32.2286 25.0596 24.5495 32.4463 24.4395 24.2818 23.6867 23.5514 33.654 31.4785 23.2953 24.9275
threshold=0.23251934349536899 0.15027511864900592 -0.12826955318450925 -0.099183797836303697 5.1669800281524667 0.60152074694633495 0.41315685212612158 0.13537381589412692 0.11092810705304147 -0.11616110429167746 5.200803518295289 -1.9156150221824644 -0.078195594251155839 13.788032531738283 5.2711381912231454 0.036932280287146575 0.16850955784320834 5.2565603256225595 0.068414308130741133 0.10434853285551073 0.11092810705304147 -0.054456120356917374 0.0298412349075079 -0.019319300539791581 0.65711602568626415 -0.027715446427464482 0.52724939584732067 -0.060532100498676293 0.60669776797294628 0.2886731773614884 -0.073826957494020448 0.10014605522155763 -0.021283304318785664 0.11379550024867059 -0.80048599839210499 0.13854113221168521 1.0000000180025095e-35 -0.012073941528797148 0.0042172034736722716 -0.0053731058724224559 0.34874020516872412 -0.77666276693344105 -0.22338821738958356 0.53805881738662731 -0.94765955209732045 0.047315960749983794 -0.028894517570734021 -0.65675517916679371
decision_type=2 2 2 2 2 2 2 2 2 2 2 2 2 2 2 2 2 2 2 2 2 2 2 2 2 2 2 2 2 2 2 2 2 2 2 2 2 2 2 2 2 2 2 2 2 2 2 2
left_child=1 2 -1 5 7 9 8 12 22 10 11 -4 -5 16 19 -15 25 40 -14 28 21 -21 23 -6 34 38 -16 -25 -8 -28 -29 -32 -23 41 -7 36 -27 -18 39 -11 -3 -19 -41 46 -45 -46 -37 -48
right_child=-2 17 3 4 6 24 14 -9 -10 13 -12 -13 18 15 26 -17 37 33 -20 20 -22 32 -24 27 -26 35 29 30 -30 -31 31 -33 -34 -35 -36 43 -38 -39 -40 42 -42 -43 -44 44 45 -47 47 -49
leaf_value=0.084561227499752978 -0.23393732839839979 -0.11478481101583754 -0.21057144489779542 0.18350797173865535 -0.0094844456193845135 -0.36093694402504611 -0.023821218627768648 0.75050930028699125 0.23097780537080592 0.018140460141338754 -0.42995335368386417 0.17635541781409447 -0.18042787905819069 -0.0089130163048976307 0.034951834653332327 -0.1073488954420857 0.13205033802319391 -0.094471899712011309 0.050645437498781844 0.17833972758913749 0.22349454137043853 0.051696236418657296 0 0.012774681465766793 -0.35624175429145549 -0.090896051848647727 0.18030173050908763 -0.024041135899762114 -0.20227704603043387 0.051606718208482713 -0.14149523568689223 0.040541817840350089 -0.0099740833343965971 -0.13852565111044374 -0.11426579658359214 0.017629587895633011 0.038636592941675679 0.041765407755737498 0.0053706047847860835 0.22690245807249051 -0.26455881993094271 0.1455709107555466 0.056044949839042686 -0.25136206331106981 0.0055902842138538062 -0.18295854429741323 0.002856802613775493 -0.019978933928475232
leaf_weight=2501.132100042887 583.5386399179115 945.27336334378924 315.0364627414383 129.74279988592025 2541.4040478477255 139.44347533991095 2968.3199471973348 41.776192166726105 358.46717699756846 11520.225007333444 210.80139143695123 274.15948255965486 3722.0221397688729 4915.7861745435512 2788.9000422460958 1949.5784586487571 1094.3172221905552 149.85608383407816 234.49529914365849 473.9133728579618 287.56567086093128 2865.1468585055554 2383.3209671226796 573.46966783516109 347.16620446939487 508.39262453792617 1123.335269279778 840.65192832576577 294.57649701018818 922.37553133489564 4269.4617965552025 230.33988038636744 5526.0553552093334 234.7584488412831 689.66799884196371 18398.012021635193 7868.6774039615411 2678.3890247042291 11786.442833835958 210.36811999231577 397.90405100194039 336.01057206350379 6885.738856461714 199.66793631087057 1110.9994732019259 274.04077183967456 51243.678457254486 15576.14313074603
leaf_count=13233 17657 24425 1648 2796 16521 3442 16260 968 1729 59526 862 1433 133024 31485 12330 21273 5353 2290 5160 3383 1973 23612 13169 3396 8706 3867 5600 5259 2533 4099 29954 1751 50977 3039 7217 88337 32969 17338 67995 2566 16482 1996 32544 2128 7612 2002 217892 89368
internal_value=0 -0.000126358 0.00109853 -0.000121424 -0.021191 0.00484154 -0.00307967 -0.145849 -0.0489998 0.00674516 -0.136189 -0.0296891 -0.155316 0.00758925 0.0266992 -0.0369505 0.00995728 -0.103159 -0.166597 0.00895652 0.0265173 0.0200468 -0.058326 -0.0747227 -0.216298 0.00820564 0.0721489 -0.102667 -0.0401426 0.122573 -0.115157 -0.132059 0.0110271 0.0015918 -0.156739 0.00338576 0.0307058 0.0681141 0.0232778 0.0345875 -0.15969 0.0704654 0.0612118 0.000743095 -0.0596232 -0.0314599 0.00187222 -0.0024591
internal_weight=0 175337 173273 170772 32575.3 138197 28447.3 4128.04 11197.1 137020 799.997 589.196 4086.26 136220 17250.2 6865.36 129355 2063.8 3956.52 12415.6 9152.68 8865.12 10838.6 8455.33 1176.28 125582 4834.61 5913.92 3262.9 2045.71 5340.45 4499.8 8391.2 720.625 829.111 95179.6 8377.07 3772.71 30402.8 18616.3 1343.18 485.867 7096.11 86802.5 1584.71 1385.04 85217.8 66819.8
internal_count=1119179 1101522 1053290 1040057 334494 705563 192546 141948 71779 686198 3943 3081 140980 682255 120767 52758 629497 48232 138184 98738 79945 77972 70050 56881 19365 606806 22029 40360 18793 9699 36964 31705 74589 7325 10659 444175 36836 22691 162631 94636 40907 4286 35110 407339 11742 9614 395597 307260
is_linear=0
shrinkage=0.5


Tree=45
num_leaves=49
num_cat=0
split_feature=10 10 3 8 16 8 2 3 15 6 6 1 15 10 11 11 8 10 5 10 10 8 15 15 1 8 10 15 11 8 6 16 10 11 15 10 4 5 6 16 11 11 2 2 8 10 1 2
split_gain=115.88 77.8932 70.2159 86.7377 79.3644 73.9977 64.8276 64.5871 57.4307 56.9973 51.0539 47.347 40.7521 42.421 56.8612 40.6115 35.4583 33.0743 31.6224 30.0571 28.441 24.9284 66.2784 23.832 23.4278 35.0943 27.6674 22.9648 31.7306 31.1515 22.9193 21.8028 21.7926 21.1778 21.0286 20.6503 19.404 19.2661 19.228 18.6375 18.4847 18.4202 18.3405 18.2581 18.2037 18.1338 19.4461 17.5066
threshold=-2.6129113435745235 8.9519414901733416 0.20232976227998736 0.040516963228583343 -2.4882816076278682 0.055406659841537483 -0.091226290911436067 0.10516912862658502 5.1952354907989511 0.044873043894767768 0.0028089300030842428 1.0000000180025095e-35 5.1035079956054696 1.8738168478012087 1.2720965743064883 1.1745360493659975 -0.055792935192584985 1.2080187797546389 -0.048691688105463975 1.4615551829338076 3.1435189247131352 -0.095241781324148164 5.2147040367126474 5.1537585258483896 0.18603173643350604 0.11092810705304147 1.0954561829566958 5.1902952194213876 0.80904179811477672 -0.049734126776456826 0.028660125099122528 -1.1702280044555662 1.665689289569855 0.95459583401680004 5.2421438694000253 0.18593453615903857 0.13987620174884799 0.02069810871034861 0.040145544335246093 -1.1293942928314207 0.6245219111442567 1.3748100996017458 0.061345681548118598 -0.17716649174690244 0.15956523269414905 2.6313142776489262 0.51963248848915111 -0.027391091920435425
decision_type=2 2 2 2 2 2 2 2 2 2 2 2 2 2 2 2 2 2 2 2 2 2 2 2 2 2 2 2 2 2 2 2 2 2 2 2 2 2 2 2 2 2 2 2 2 2 2 2
left_child=-1 2 3 4 8 10 43 11 19 -9 -4 -5 16 18 27 24 -8 40 -14 -2 23 22 -20 -17 26 -26 44 31 29 34 37 -15 -10 -3 -29 -11 -12 -19 -30 -37 -18 -16 47 -6 -13 -31 -47 -23
right_child=1 33 5 7 6 -7 12 9 32 35 36 15 13 14 41 20 17 30 21 -21 -22 42 -24 -25 25 -27 -28 28 38 45 -32 -33 -34 -35 -36 39 -38 -39 -40 -41 -42 -43 -44 -45 -46 46 -48 -49
leaf_value=0.16519064495605698 -0.071959112863178132 -0.073243214179969318 -0.051485667705171663 0.2197568519839064 -0.04332584660574583 0.14928177544454177 -0.05506062664893438 -0.0096485465334838292 0.015734478910329013 0.18809712281564137 0.062348764290182872 0.03462465008981367 -0.014465251337788037 -0.042899774720724607 -0.0774386191403625 -0.010438645749442338 -0.021514208884431566 0.014160589167734661 0.00080924070450564601 -0.19297738868778164 -0.20876926881611893 0.0074595609357838632 0.31623155468573144 -0.076124551571257484 -0.015486548423108431 -0.063942917529956025 -0.050493261030244332 0.13775234448919599 0.057405691208554481 0.055852573210017291 -0.072821652093185571 0.041779645866187536 -0.091160839051561429 -0.24610584327464863 0.39799188214684478 0.17966900247073991 -0.020227503278497351 -0.055474972197416095 -0.021740749823267954 0.025132447621556836 0.022392156718598441 0.17779703205399991 0.0025294617112511016 -0.0087856757518348649 0.17005869251723452 0.10756552086485632 0.28271018582098079 0.026556371406468885
leaf_weight=1098.48285423778 2217.5406338269822 366.85454913059948 1626.3378424241091 189.46990455919877 5184.1925498935743 1476.0344692377257 3093.8392989980057 2358.2708160596085 2641.4572754118126 583.15698926057667 4549.2362024927279 1671.6129329446703 9145.1491288095713 946.51336344867013 1120.9951407918707 1988.813649175223 2926.3358073346317 3068.3690676668193 499.34012618474662 679.269094550109 323.97928263357608 17821.570025632856 251.32076516654342 4662.5570967949461 17240.044401975465 4788.0196175230085 897.12946823087987 195.74178302125074 3472.7242539020954 1933.6441782480106 1983.2535494837211 3758.6718251158018 580.31556882022414 364.70137319073547 140.14867512346245 272.26514481805498 832.56999622110743 1463.8092568530701 973.89326536259614 719.72303286427632 13014.659196879715 73.435632734559476 19538.891839480493 14817.817430931958 294.70454711606726 1274.7471924952697 186.24333343305625 37280.354441384785
leaf_count=4485 12264 17140 11313 3819 31521 16937 14607 17659 15498 2818 36452 7204 38380 10186 24550 12996 11133 19769 2029 10224 12495 75792 1097 37828 82171 27824 9984 1408 38193 10524 14443 25483 10154 26902 1260 5760 5203 9879 9426 6195 50676 351 82218 76874 1746 13441 1701 159167
internal_value=0 0.00240262 0.00301724 0.00098824 0.00627079 0.0475005 0.00864099 -0.021056 -0.0494864 0.0393516 0.0259741 -0.0284848 0.0128989 0.0175108 0.0429393 -0.0299833 -0.00488145 0.00201165 0.0132701 -0.100566 -0.0637336 0.0166413 0.107358 -0.0565636 -0.0205032 -0.0260441 0.0219419 0.0526371 0.0686844 0.102772 -0.0279743 0.0246335 -0.003387 -0.160321 0.248679 0.11299 0.0494799 -0.00822738 0.0399577 0.0681889 0.0142999 -0.0611924 0.0157208 -0.0177646 0.0552533 0.0881181 0.130413 0.0203892
internal_weight=0 195490 194758 186274 150284 8484.18 144166 35989.7 6118.58 3933.42 7008.14 32056.3 124164 98613.4 14076.8 31866.9 25550.3 22456.4 84536.6 2896.81 6975.35 75391.5 750.661 6651.37 24891.5 22028.1 2863.45 12882.3 8177.14 3730.53 6515.43 4705.19 3221.77 731.556 335.89 1575.15 5381.81 4532.18 4446.62 991.988 15941 1194.43 74640.8 20002 1966.32 3394.63 1460.99 55101.9
internal_count=1119179 1114694 1070652 1000747 772248 69905 724108 228499 48140 32432 52968 196067 615713 495206 136523 192248 120507 105900 358683 22488 63319 320303 3126 50824 128929 109995 18934 111622 75953 28334 44091 35669 25652 44042 2668 14773 41655 29648 47619 11955 61809 24901 317177 108395 8950 25666 15142 234959
is_linear=0
shrinkage=0.5


Tree=46
num_leaves=49
num_cat=0
split_feature=7 8 15 13 8 13 15 13 15 15 4 7 13 15 15 8 13 8 7 8 8 14 8 15 6 15 13 8 14 8 4 13 8 13 15 13 15 8 6 16 16 8 4 16 16 8 7 13
split_gain=222.288 207.557 317.982 241.582 184.176 181.061 174.284 151.582 323.912 148.314 132.645 82.0189 80.5597 69.9855 68.7076 64.5363 61.843 60.7935 60.5458 60.0067 55.7535 52.1065 56.2791 50.9878 48.9122 47.8102 54.6478 55.6269 46.963 46.828 46.0103 42.4951 40.4305 51.3293 103.093 65.7759 52.8261 39.7627 35.9555 35.3649 34.7939 36.6591 33.8944 33.3912 33.034 32.0123 35.081 30.6003
threshold=-0.030686547048389908 0.023282015696167949 5.1239702701568612 -0.69003060460090626 -0.046638527885079377 -0.84742894768714894 5.246263027191163 -0.44624529778957361 5.1779921054840097 5.1680977344512948 -0.046148141846060746 0.039934298023581512 -0.26169064640998835 5.2187826633453378 5.2608201503753671 -0.11616110429167746 -0.73999726772308339 -0.034084949642419808 -0.076989170163869844 0.21455493569374087 -0.084994006901979433 3.3025748729705815 0.0098991938866674917 5.0317387580871591 -0.037513313814997666 5.2283360958099374 0.66954305768013012 0.15956523269414905 1.2766445279121401 0.050733126699924476 0.024533562362194065 0.79972973465919506 0.098862431943416609 -0.62349388003349293 5.2442126274108896 -0.73999726772308339 5.2589781284332284 -0.055792935192584985 0.23178505897521975 0.15192379057407382 -1.528771638870239 -0.072952784597873674 -0.094677872955799089 -3.0812526941299434 -1.2409567832946775 0.042379412800073631 0.048580275848507888 0.49538695812225347
decision_type=2 2 2 2 2 2 2 2 2 2 2 2 2 2 2 2 2 2 2 2 2 2 2 2 2 2 2 2 2 2 2 2 2 2 2 2 2 2 2 2 2 2 2 2 2 2 2 2
left_child=12 2 15 4 13 9 21 8 16 39 42 19 18 20 30 -2 -7 -16 -1 25 -4 40 -23 -17 -20 -12 27 -27 -10 -11 38 -21 33 34 35 -30 -35 -15 -6 45 41 -5 -9 -19 -8 -3 -47 -25
right_child=1 5 3 6 14 7 44 10 28 29 11 -13 -14 37 17 23 -18 43 24 31 -22 22 -24 47 -26 26 -28 -29 32 -31 -32 -33 -34 36 -36 -37 -38 -39 -40 -41 -42 -43 -44 -45 -46 46 -48 -49
leaf_value=0.18622500649520787 0.23922910550330653 -0.0056891267188439783 0.21888958095347955 0.1135717742914444 -0.047333740258953913 -0.075764675465034223 -0.13352781306541736 0.23524123490144902 0.016520019334111114 -0.039194138942110462 -0.015199914772444464 0.088702840541564673 -0.027564685020997518 0.26118708326534729 0.10301432696742711 0.070086221547233638 0.031770125903387347 0.051594390805822239 0.25897832642036844 0.23753198948782098 0.0083995699193703151 -0.062117345275136536 0.051907306220554145 0.013504404603579111 0.056822110042695648 -0.078340912389466402 -0.21519493874664111 0.17760933585324842 0.025703696482973451 0.034830452204805282 0.0060202511304868816 -0.037050798801687948 0.25810929838875635 0.13628392603558595 0.29028191529481967 0.20641066182545267 -0.036377939334529145 0.078886068274496068 0.093229571311859508 -0.19223646659149823 -0.13360766692789924 -0.079607671131072838 0.084881773204776981 -0.11166409002805111 -0.22925108790987289 -0.12944504407389529 0.0026499107278000326 -0.072280929066067798
leaf_weight=1141.2336614546366 341.25269335997291 1133.582841922529 354.44618816394359 281.97825657553039 13480.603778760531 2142.9133848240599 1560.8749572647503 495.74704291310627 599.9464310365729 3281.1970531174447 6427.9539048488368 1639.6174374294933 2212.4909154829802 630.53415566217154 387.05679449765012 4090.8730521411635 3546.0811064001173 329.29977050237358 310.50396702764556 341.38248616829515 2794.0352112529799 7083.2112404645886 1271.6912667605793 15288.423766828608 8815.810916750459 2514.2096002900507 682.76159874955192 229.8759692190215 1057.0674047467764 6106.0381276168628 7456.4362434267532 234.28344635851681 978.17487451992929 1491.352153881744 1384.753247447079 973.93184102512896 623.72548869927414 589.76504126563668 467.62535791750997 819.71104125585407 3935.3220915315324 1783.0091576166451 1629.6795705745462 4984.948026226135 2273.6500743984943 2587.133513257606 614.5503090089187 1113.1832584103104
leaf_count=6661 1837 6815 2175 1987 94648 12532 19749 4419 5469 21503 60248 11673 35573 4152 2760 33673 21254 1329 3233 1888 15856 77123 13298 115280 60833 36192 11726 1170 6151 47417 45854 1192 7536 9643 9182 5664 6596 3723 2988 4709 83185 16437 17313 52206 69798 18244 6107 20178
internal_value=0 -0.0115449 -0.0280665 -0.0498186 -0.0232862 0.0164849 -0.0956979 0.0407223 0.0801839 -0.0284701 0.00510741 -0.0151406 0.0587981 0.0719332 -0.0386537 0.0237633 -0.00865408 -0.0874619 0.0774574 -0.0315191 0.0323166 -0.0703386 -0.0446978 0.0201393 0.0637825 -0.0407272 -0.0884462 -0.0566606 0.151339 0.00890135 -0.0256264 0.125045 0.163684 0.14685 0.184881 0.112664 0.0851374 0.173628 -0.0425791 -0.0966093 -0.105944 -0.0529444 0.120282 -0.101446 -0.190461 -0.0783726 -0.103941 0.00764759
internal_weight=0 112034 70498.2 49664.5 31474.8 41535.7 18189.7 26993.5 12797.9 14542.2 14195.5 12070.1 12480 4368.78 27106 20833.7 5688.99 5701.3 10267.5 10430.5 3148.48 14355.2 8354.9 20492.5 9126.31 9854.8 3426.85 2744.09 7108.95 9387.24 21404.7 575.666 6509.01 5530.83 3415.75 2031 2115.08 1220.3 13948.2 5154.98 6000.31 2064.99 2125.43 5314.25 3834.53 4335.27 3201.68 16401.6
internal_count=1119179 1012879 678236 507268 225691 334643 281577 229848 84027 104795 145821 124089 106300 25906 199785 170968 33786 56295 70727 112416 18031 192030 90421 169131 64066 109336 49088 37362 50241 68920 143490 3080 44772 37236 20997 11815 16239 7875 97636 35875 101609 18424 21732 53535 89547 31166 24351 135458
is_linear=0
shrinkage=0.5


Tree=47
num_leaves=49
num_cat=0
split_feature=12 6 5 6 6 0 11 12 10 8 8 6 16 13 0 11 2 10 15 8 16 10 13 12 13 8 10 13 5 2 6 5 6 15 6 13 9 2 13 13 2 9 13 13 16 13 0 8
split_gain=88.6841 84.7082 83.9495 73.073 69.2177 70.4009 51.163 78.8458 53.0104 47.3993 43.1065 40.56 39.5138 38.154 36.7173 35.4452 34.8522 32.979 29.7716 28.6903 25.9089 25.6181 25.5414 24.2868 24.2112 24.1378 25.5092 28.6241 23.5889 30.6395 23.4853 23.4402 22.7985 20.9575 23.652 36.3182 19.7364 18.5453 17.771 17.1121 17.0956 17.7174 16.589 16.2366 37.7421 27.5168 15.3875 15.1678
threshold=1.6966924667358401 0.23178505897521975 -0.096140876412391649 -0.075506396591663347 0.032684821635484702 0.73302391171455394 1.302752733230591 1.1761768460273745 -2.6129113435745235 0.027764462865889076 -0.089539106935262666 -0.033502226695418351 -1.8470785021781919 0.060972416773438461 0.7517179846763612 0.67248404026031505 0.019417493604123596 0.26648549735546118 5.1132068634033212 0.17663337290287021 0.84975042939186107 2.1131825447082524 -0.3637078702449798 0.82999390363693248 0.89625301957130443 -0.018835456110537049 1.7261820435523989 -0.58707150816917408 0.03863023407757283 0.12505220621824267 0.12894110381603244 -0.042307762429118149 -0.1071360297501087 5.2259731292724618 0.11299000307917596 -0.54019033908843983 -0.0030663028592243786 -0.00070288474671542634 -0.78342819213867176 -0.79131540656089772 0.32408474385738378 0.0013013371499255302 0.33515748381614691 -0.83678457140922535 -1.9156150221824644 -0.26169064640998835 0.35360410809516912 0.070176932960748686
decision_type=2 2 2 2 2 2 2 2 2 2 2 2 2 2 2 2 2 2 2 2 2 2 2 2 2 2 2 2 2 2 2 2 2 2 2 2 2 2 2 2 2 2 2 2 2 2 2 2
left_child=1 2 -1 13 6 21 8 23 -5 17 12 14 18 32 22 -2 19 -7 -10 24 40 46 -12 -8 25 26 27 -13 31 -30 36 -19 -4 34 -33 -36 -11 -25 -16 -3 41 -18 -14 44 -38 47 -6 -45
right_child=15 39 3 4 5 9 7 -9 10 30 11 16 42 -15 38 -17 20 28 -20 -21 -22 -23 -24 37 -26 -27 -28 -29 29 -31 -32 33 -34 -35 35 -37 43 -39 -40 -41 -42 -43 -44 45 -46 -47 -48 -49
leaf_value=-0.082442390490236481 -0.090751188299674213 -0.12191429766569339 -0.20451571679396779 -0.15337983801586161 0.044073756100461561 -0.052175891941777255 -0.19152029441731028 -0.29654793789776962 -0.088952385498318021 -0.18295608065644045 -0.039873506812340975 0.053441242519076566 -0.12663202163792878 0.017499760479509401 0.11231162016532709 -0.35412969436503505 0.029615583569845699 -0.048426727476510334 0.14944655197844056 -0.089014138720149238 0.080713602310119467 -0.022266140325625381 0.0036629246681531627 -0.03038264355283072 0.063990731585091234 0.015410452473711245 -0.037462130017676225 -0.007218204399184267 -0.071787105874714638 0.045875588826016271 -0.14159829579859848 0.019141754857568093 -0.080840043902156392 -0.022100763753419669 0.15557918351653743 -0.051519857653617454 -0.18704464164902151 0.0051392409747390566 0.020072827264597935 -0.30095531540676879 0.14237814514221048 0.005671103311626154 0.0020170188519697129 -0.074564605704901782 0.043090440205486011 -0.024960155311822853 0.0088845709072800459 -0.16735184345728205
leaf_weight=2902.3326781681972 1579.0858711673645 529.98963251983514 492.00539972516708 477.17867434071377 4717.4467244152911 4809.2682972636539 187.84715607215185 248.80912276078016 211.33372094086371 285.59843542007729 7283.1085574955214 2475.607267096173 1204.0444508816581 808.12629797868431 688.11339431104716 140.11749965068884 36672.259451944847 1555.6815569697646 334.38648515474051 718.66698997409549 2222.2577721546404 4573.3049527074909 6231.1827446613461 6685.10449701373 2111.1756486184895 45623.134778704203 4832.9289906341583 9021.8334568841383 2245.1108711537672 727.90178333828226 889.65503442491172 5076.9386447189609 1667.310800162144 2318.4810754563659 797.04655339324381 283.21497538872063 214.59656507166801 8114.2043639319018 2244.7362105944194 188.4634964147117 310.80911228153855 9856.8695919897873 306.72300991415977 1508.2938811262138 1023.0969223013381 2454.4633120258804 9241.8626370469574 647.45365270390175
leaf_count=21044 11263 15451 3550 2956 20901 32812 961 1654 1457 5516 42470 18756 6266 3311 5072 1665 168724 11812 2598 7832 8593 25773 25043 39429 7961 237410 28516 39139 27612 5356 19636 26935 10462 17257 8663 1069 10893 39653 9574 1503 1787 46288 1127 10419 17132 10782 45461 9635
internal_value=0 0.00131819 0.00194516 0.00320804 0.00441762 -0.0131445 0.00956523 -0.0178634 0.0127153 -0.0305506 0.0133191 0.014456 -0.0584411 -0.0746298 -0.00873298 -0.112701 0.0178106 -0.0167959 0.0562166 0.0101849 0.0278691 0.0101559 -0.0197639 -0.013184 0.0113069 0.00950251 -0.00697216 0.0058029 -0.00367025 -0.0428051 -0.0653596 0.0078815 -0.109333 0.0182802 0.0335678 0.100824 -0.0541985 -0.0108738 0.0419155 -0.169928 0.0253496 0.0245541 -0.100198 -0.0477946 0.0026662 -0.0614478 0.0208146 -0.102729
internal_weight=0 198020 197302 194399 191432 43369.4 148062 15236 132826 24836.8 132349 130293 2056.49 2967.44 16447.1 1719.2 113846 17813.6 545.72 64783.3 49062.2 18532.6 13514.3 14987.2 64064.7 61953.5 16330.4 11497.4 13004.4 2973.01 7023.16 10031.4 2159.32 8475.68 6157.2 1080.26 6133.5 14799.3 2932.85 718.453 46839.9 46529.1 1510.77 5847.9 1237.69 4610.21 13959.3 2155.75
internal_count=1119179 1106251 1089297 1068253 1050930 307664 743266 81697 661569 215529 658613 647165 11448 17323 82159 12928 565006 131516 4055 339614 225392 92135 67513 80043 331782 323821 86411 57895 98704 32968 84013 65736 14012 53924 36667 9732 64377 79082 14646 16954 216799 215012 7393 58861 28025 30836 66362 20054
is_linear=0
shrinkage=0.5


Tree=48
num_leaves=49
num_cat=0
split_feature=7 10 16 8 6 5 1 16 8 15 16 2 8 15 6 16 15 15 1 8 8 8 8 1 9 15 1 7 16 8 6 8 8 8 6 2 15 16 1 8 8 15 8 8 15 7 6 1
split_gain=73.6598 53.0604 46.3118 50.3706 46.1331 43.3555 37.0277 94.1947 35.3093 31.2609 50.0142 29.4484 36.832 38.1198 30.0666 29.4624 180.514 82.019 60.8025 49.4564 40.5418 44.628 39.0174 29.3835 27.4721 27.036 45.3987 41.4749 28.6538 26.5547 25.7729 24.2192 28.0247 23.4169 24.9004 22.7276 23.7357 42.6795 60.9691 64.1055 40.9803 24.1683 22.6184 22.0948 24.2252 27.2892 21.9483 21.758
threshold=0.014877510257065298 3.4867008924484257 0.69430947303771984 0.098862431943416609 0.20158795267343524 -0.071073345839977251 0.53805881738662731 -0.21770174801349637 0.23251934349536899 5.1409068107604989 -0.24007892608642575 -0.11595209315419196 0.041494699195027358 5.1224708557128915 0.068914923816919341 -0.58765211701393116 5.1779921054840097 5.2683823108673105 0.31213584542274481 0.059304138645529754 0.034408718347549445 -0.064841065555810914 0.12206409499049188 0.41164566576480871 0.0071789436042308816 5.2496464252471933 0.50776222348213207 -0.041674414649605744 0.022683287039399151 0.01635000575333834 0.087583243846893324 -0.068531345576047883 0.027075055055320266 0.054201466962695129 -0.047859253361821168 0.10437152907252313 5.2155055999755868 -1.3948057293891905 0.35588723421096807 0.096153162419796004 -0.089539106935262666 5.1801488399505624 -0.078195594251155839 -0.059873962774872773 5.1396121978759775 -0.039142571389675133 -0.042100872844457619 0.4362910687923432
decision_type=2 2 2 2 2 2 2 2 2 2 2 2 2 2 2 2 2 2 2 2 2 2 2 2 2 2 2 2 2 2 2 2 2 2 2 2 2 2 2 2 2 2 2 2 2 2 2 2
left_child=1 2 5 24 6 -1 8 -8 9 10 23 12 14 -14 -7 17 22 35 19 -18 21 -19 42 33 31 -20 27 -27 46 -30 -3 -4 -33 34 -2 36 37 47 39 43 -38 -40 -17 -39 -45 -46 -29 -13
right_child=4 30 3 -5 -6 11 7 -9 -10 -11 -12 15 13 -15 -16 16 18 20 25 -21 -22 -23 -24 -25 -26 26 -28 28 29 -31 -32 32 -34 -35 -36 -37 40 38 41 -41 -42 -43 -44 44 45 -47 -48 -49
leaf_value=0.04845711920900516 0.063221671352222911 0.034620465203468107 0.23040221226225124 0.31412390220604552 -0.15894136399465855 0.051146650695521143 -0.28296818345089358 -0.021527309193422973 -0.24903720599280302 -0.0070449479118547282 -0.16663935923847639 0.015907876546852814 0.16714740418291885 -0.06625294031057842 -0.082655154330278036 0.048638692836372163 -0.067579691587347321 -0.22167306507080795 -0.0093555130917378632 0.083172604667200264 -0.093836921135323742 -0.010170129072011317 0.2004231451894169 -0.14289324010337046 0.20685675020654379 0.12066771637237347 0.073943699740830454 0.1274161685067689 -0.069384382132869071 0.022718086025308143 -0.064515278642681445 -0.11797610325741553 0.012325359173922546 0.069162076240417411 -0.049238263671011223 0.040886488943090334 -0.15920891433562534 0.021244760239736961 -0.01097929804523432 0.15258121118128129 0.021675033690427108 0.060940026736170071 -0.12199643036226704 -0.12481142337184467 0.0639566201360766 -0.068871075601924736 0.011547401761261615 -0.10256099566049416
leaf_weight=4911.7783463333035 581.11649073008448 16541.526296298485 57.950370565638877 84.360471805324778 585.89137685162132 6930.1974637108506 458.78216337627964 1395.4881065377267 158.58152032032376 31739.781397430925 762.44336676163948 17684.302923190058 196.29390642128419 1491.1283938705456 443.32146621262655 198.76301920064725 4440.3127670302056 259.80050854990259 9282.397334594978 616.32240070169792 2582.12145611702 5946.8729756167158 98.781710990122519 504.8424444704433 81.780284431704786 760.2341093365103 3582.9066754556261 442.11107982322574 2230.9096657577902 1194.1995491348207 678.37776617892087 2033.4908080929599 508.93968074349687 686.18096809159033 3087.9221853855997 5615.7513568951981 315.78006254532374 633.38139599375427 2947.4610199664603 348.42312641139142 23384.84000027593 1924.5618790283334 4217.6485388935544 1808.5501196458936 427.47603924293071 3674.2687688441947 5528.560101762414 394.27642763883341
leaf_count=30606 2972 107957 799 725 23592 44545 10300 21517 7017 179641 29797 73801 3710 12931 5489 2691 21983 1044 61432 2699 10857 22959 1271 9203 1577 3041 15827 1953 8967 4680 10376 42264 7961 7880 24784 27528 1182 3070 20807 1991 87472 8111 95385 13014 1868 15280 22183 2440
internal_value=0 0.004765 0.000955125 -0.0629503 -0.0196829 0.00250391 -0.017594 -0.0866 -0.0141682 -0.0131513 -0.0475264 0.000439546 0.0277425 -0.038723 0.0430241 -0.00201633 -0.0143776 0.00390588 0.000527764 -0.0490937 -0.0411495 -0.0191381 -0.107158 -0.0287068 -0.0751092 0.0114505 0.0255437 0.00841398 -0.000627391 -0.0371287 0.0306825 -0.0842452 -0.0917014 -0.0153261 -0.0312778 0.0106084 0.00742276 -0.00194373 -0.0253974 -0.0556753 0.0192373 0.0173346 -0.114194 -0.0668621 -0.0763908 -0.0548939 0.0202308 0.013291
internal_weight=0 134500 117280 2766.52 39961 114514 39375.1 1854.27 37520.9 37362.3 5622.51 109602 9060.94 1687.42 7373.52 100541 32593.1 67947.9 28078 5056.64 8788.79 6206.67 4515.19 4860.06 2682.16 23021.3 13738.9 10156 9395.78 3425.11 17219.9 2600.38 2542.43 4355.22 3669.04 59159.1 53543.3 29842.7 11764.1 6892.1 23700.6 4872.02 4416.41 6543.68 5910.29 4101.74 5970.67 18078.6
internal_count=1119179 802476 684143 53326 316703 630817 293111 31817 261294 254277 74636 600211 66675 16641 50034 533536 242112 291424 142765 24682 34860 24003 99347 44839 52601 118083 56651 40824 37783 13647 118333 51024 50225 35636 27756 256564 229036 140382 64141 35223 88654 28918 98076 33232 30162 17148 24136 76241
is_linear=0
shrinkage=0.5


Tree=49
num_leaves=49
num_cat=0
split_feature=14 10 10 0 14 14 11 16 10 14 13 13 0 10 4 11 10 13 10 9 2 2 14 16 10 10 11 15 16 0 5 13 6 10 14 15 11 2 10 16 10 13 0 10 9 10 0 6
split_gain=77.7488 161.876 74.2746 72.4595 57.3927 48.1336 44.9492 30.6313 38.378 35.5558 36.6623 41.8246 35.3372 35.1315 31.8696 29.6521 27.5505 27.4917 25.5515 23.9304 23.7763 23.3627 22.6394 22.6174 22.3343 22.2131 19.7314 19.3746 25.2119 18.6838 18.678 18.2494 18.1486 18 17.8974 17.7366 16.9522 16.0277 15.2619 19.5582 15.1154 14.997 14.8026 14.6222 14.4676 13.7878 17.6361 13.4236
threshold=1.4910310506820681 -0.31234475970268244 0.79068440198898327 0.63011807203292858 4.9768187999725351 18.222620964050297 1.2957437038421633 -0.58765211701393116 2.7069008350372319 4.1684465408325204 0.57887589931488048 -0.82610496878623951 0.81908172369003307 1.8738168478012087 0.15133252739906314 0.69317826628685009 2.8667459487915044 -0.12643549591302869 3.5522406101226811 -0.006159373326227068 -0.021036744117736813 -0.073826957494020448 2.1856838464736943 -1.7382562756538389 -1.6218187212944029 4.8290700912475595 1.0443209409713747 5.2407772541046151 -2.7967206239700313 0.66063022613525402 -0.0012139995233155785 0.61403346061706554 0.085362710058689131 1.6076957583427431 3.5564383268356328 5.2608201503753671 1.0596461892127993 0.12821085005998614 -0.89294105768203724 -2.1585329771041866 2.4328175783157353 -0.94282132387161244 0.77652022242546093 0.64442843198776256 0.0030959346331655983 0.3755327463150025 0.88801693916320812 -0.0079388655722141249
decision_type=2 2 2 2 2 2 2 2 2 2 2 2 2 2 2 2 2 2 2 2 2 2 2 2 2 2 2 2 2 2 2 2 2 2 2 2 2 2 2 2 2 2 2 2 2 2 2 2
left_child=2 3 30 20 35 6 7 9 14 25 11 12 -11 -12 19 23 34 26 31 42 -2 22 36 -14 -6 27 -10 28 -3 -24 -1 -4 -26 -7 -8 38 -21 -22 39 -5 -29 -31 -9 -36 -23 46 -13 -30
right_child=1 5 18 4 24 33 16 8 17 10 13 45 15 -15 -16 -17 -18 -19 -20 21 37 44 29 -25 32 -27 -28 40 47 41 -32 -33 -34 -35 43 -37 -38 -39 -40 -41 -42 -43 -44 -45 -46 -47 -48 -49
leaf_value=-0.0065587033513943693 -0.022825506097810502 -0.081987306819758465 0.057980628451452909 0.16604063402000249 0.20367256356767918 0.08010337042757687 -0.015190928041665859 -0.16310149578223829 0.079917440526373965 -0.040556009652804426 0.09083987719449553 -0.046254295428544943 0.24931909287842702 -0.10009489847510676 -0.10018459890491195 0.0030796624582598987 -0.14595128663063237 -0.022901042402296064 -0.082772814864285088 -0.0074267253921499587 0.025649471578731046 0.0059327806237093788 -0.061474798367143611 0.060438701277826731 0.075097937325505598 -0.14516660164700673 0.0047766693636063264 0.0089541182401600538 0.010873044093260276 0.0450887091887247 0.017994652270257233 0.00048929159985690177 0.18448037757504915 -0.19601694988342447 -0.021635282634249929 0.083882326380261912 0.083771337472494781 -0.044458774162015331 0.012137678842004991 0.041221092737347982 0.090272747800742736 -0.026579201399330156 -0.031341987253249749 -0.096402808076322816 -0.026275852771328229 -0.067950988976053561 0.05991642628919893 -0.017563884612907043
leaf_weight=14460.16789565701 5205.8393408488482 1264.341652833391 13573.813452913892 340.5857416279614 538.80044142436236 64.257758835679851 3585.0563803652767 356.76853826176375 3043.4838195189368 2946.5140090381901 1002.3910755338147 1995.3997530862689 247.08284338831436 313.9979709489271 859.16254128795117 1538.9065985207562 667.07133893141872 1369.8569466780173 355.81715633929707 1589.7777446042746 8741.7392071662471 41240.311181963421 3622.7449931968004 469.80478317080997 2538.1476294412278 286.98656206368469 1245.8288363480824 7443.362678325735 5879.6638551079668 869.37827711040154 16627.593933173455 1556.1453432980925 456.43216010881588 465.11802459444152 1066.7105266866274 1737.9483419014141 743.23446292616427 893.4110317863524 5928.4066857220605 4446.0461397944018 620.71221910556778 4416.9066091601271 559.26701300637797 1776.2727409487125 3803.799558411818 8847.5556172907818 482.0434685619548 13971.409882348962
leaf_count=57771 20045 9042 62833 1453 2070 1100 31723 1620 31094 30660 5977 8883 4586 4918 3707 30651 28380 16684 3608 5981 33510 173561 15414 5182 10239 4868 23285 39169 26350 5004 66634 7331 2108 47069 9256 7235 3212 3414 22615 17098 6994 20993 3030 29276 15988 90524 2378 64656
internal_value=0 -0.0027244 0.0206697 0.0295512 0.0529093 -0.0111142 -0.0104348 -0.00796359 -0.00079934 -0.0176021 -0.0352228 -0.0416351 -0.00441842 0.0448753 -0.00463819 0.0425599 -0.0490291 0.0384916 0.0489646 -0.00319264 0.00435477 -0.00187817 -0.0222731 0.126491 0.109217 -0.00691392 0.0582156 -0.00553211 -0.0135066 -0.0337765 0.00655797 0.052101 0.0919929 -0.16147 -0.038872 0.036885 0.0214357 0.0190929 0.0292084 0.0502397 0.0152858 -0.0146919 -0.0833255 -0.0685427 0.00320126 -0.0586851 -0.0253788 -0.00911588
internal_weight=0 149483 46573.5 30827.4 15986.4 118655 118126 111031 63720.5 47310.2 17843.7 16527.3 5202.31 1316.39 58061.4 2255.79 7095.11 5659.17 15485.8 57202.2 14841 56286.2 11242 716.888 3533.38 29466.5 4289.31 29179.5 21115.4 8909.03 31087.8 15130 2994.58 529.376 6428.04 12453 2333.01 9635.15 10715 4786.63 8064.07 5286.28 916.036 2842.98 45044.1 11325 2477.44 19851.1
internal_count=1119179 921002 198177 119787 62818 801215 753046 654411 319573 334838 183759 172864 71079 10895 248510 40419 98635 71063 73772 244803 56969 240153 50604 9768 14417 151079 54379 146211 100048 41411 124405 70164 12347 48169 70255 48401 9193 36924 41166 18551 46163 25997 4650 38532 189549 101785 11261 91006
is_linear=0
shrinkage=0.5


Tree=50
num_leaves=49
num_cat=0
split_feature=14 10 4 2 2 13 0 8 13 5 13 5 6 5 13 13 0 2 10 5 13 3 0 13 8 4 6 10 4 14 13 5 6 0 6 3 14 13 13 0 14 8 14 13 13 14 8 10
split_gain=152.026 134.731 108.971 138.065 80.4488 85.2493 74.0678 88.64 91.6515 56.2402 74.0211 67.9155 55.5205 52.8442 51.635 49.8255 95.2204 46.1292 44.7219 38.1726 37.6051 38.0987 35.8118 35.6424 39.1847 36.0696 34.2125 33.9342 32.8759 31.6026 30.9852 30.82 30.7085 64.8744 41.1353 32.4313 29.4859 29.3823 29.336 28.7757 27.9934 25.4906 24.8482 24.6931 24.5564 28.2491 24.2027 23.8895
threshold=1.3211075067520144 -0.97271448373794545 0.07709780335426332 0.093936841934919371 0.09600089862942697 0.76125821471214306 0.23155850917100909 0.040516963228583343 -0.90887117385864247 0.037211064249277122 -0.65259751677513111 -0.026030259206891056 0.020220926962792877 0.08491296693682672 -0.82963469624519337 -0.66906809806823719 0.66468214988708507 0.2804542481899262 -1.9248943924903867 -0.06239617615938186 0.27667827904224401 -0.054824125021696084 0.66468214988708507 -0.48414799571037287 0.23251934349536899 -0.061037791892886155 0.0056708625052124271 -0.24891947954893109 0.12393279001116754 5.6880414485931405 -0.66906809806823719 -0.048691688105463975 0.052466088905930526 0.85310685634613048 -0.007207767339423298 0.0043756295926868924 4.2483990192413339 -0.74459007382392872 -0.87857630848884571 0.87632450461387645 2.7712829113006596 0.1016255095601082 11.076449871063234 -0.99105155467987049 0.47980877757072454 3.1855251789093022 -0.095241781324148164 1.9181769490242007
decision_type=2 2 2 2 2 2 2 2 2 2 2 2 2 2 2 2 2 2 2 2 2 2 2 2 2 2 2 2 2 2 2 2 2 2 2 2 2 2 2 2 2 2 2 2 2 2 2 2
left_child=14 18 4 20 5 6 19 9 40 11 22 15 -12 23 31 16 -8 -5 -2 -3 21 -4 -11 37 25 -25 39 -16 -23 -24 -15 -1 33 36 -35 -36 46 -10 -37 -6 -9 -39 47 -33 45 -27 -13 -7
right_child=1 2 3 17 26 42 7 8 13 10 12 32 -14 30 27 -17 -18 -19 -20 -21 -22 28 29 24 -26 44 -28 -29 -30 -31 -32 43 -34 34 35 38 -38 41 -40 -41 -42 -43 -44 -45 -46 -47 -48 -49
leaf_value=0.061797103694065769 -0.18736515942596393 0.1073731683891439 0.0046608673992225257 0.015013226287147732 -0.055163384550032564 -0.1050850859792212 0.13967369518963269 0.039857549676012724 0.046865422947921488 0.077272186942122331 0.042498256448108659 0.14799184555906411 0.16697776300056338 0.045857457145333784 -0.021466828420604014 -0.019879678188240522 0.014480864465620556 -0.10619012146128021 -0.058570735684912729 -0.042677121327462132 -0.023119499401945829 0.10607579369116078 0.016082517856392305 0.13967887437536888 0.24233097541476234 -0.060962524587316276 -0.018993883707880559 -0.097946420436738429 0.19971290302026432 -0.054161039132712814 0.23535109621015596 0.067592304258550728 0.0058444016900710896 -0.1721416341653336 -0.15945843365552903 -0.13099675197331009 0.0069431195624506002 0.095376788154379485 -0.015161914549359268 -0.16106689583471875 -0.042032353002836399 0.22159003882357628 -0.27729898855181823 -0.044696302535661203 0.098858825689391056 0.020905284020990345 -0.044728786675209048 0
leaf_weight=987.84557958692312 834.62936178868404 444.18650172918569 682.35965251026209 3909.6810595458373 3082.2461534899194 1647.4114112327225 2110.5382676604204 1502.2435158584267 3349.7638165552635 1471.0040966107044 2360.7863456343766 165.43478703848086 1458.6390069348272 329.67097182315774 1935.9173014769913 3920.8014187067747 5452.2315646938514 980.22105379402637 3633.1678094333038 8235.1924387030303 525.94418614101596 3509.1166138715344 4562.4809221602045 600.48082379554398 208.79038705909625 1409.9394958589692 6969.4359134931583 6012.5374599738861 1309.7646562713198 2461.6823934614658 668.81298066442832 537.77243869518861 7989.6011166127864 969.25717727729352 656.25494406680809 681.94230350479484 7831.0784194358857 2869.720432578586 2811.7963515936863 820.82537759724073 3385.8658398855478 474.5571797711309 155.56395402736962 5067.8282649342436 709.87556386971846 4160.3748795739375 5928.1635088188341 818.94026259426028
leaf_count=6626 11074 5080 5382 23344 38178 27454 15510 8291 22267 10926 27898 1213 12014 3173 32291 52823 31120 4924 40132 101245 8576 24364 23652 4911 1600 14660 51187 87238 8516 23570 4046 3091 46877 10097 7956 3861 66652 16212 20527 6518 34968 4445 1512 34137 7679 28722 82830 9810
internal_value=0 0.00221701 0.00588837 0.0531351 0.000316846 0.005693 0.00863633 0.0140071 0.0425084 0.00296765 0.0323862 -0.00642559 0.0901991 0.0621409 -0.0522328 0.0257676 0.0494983 -0.00919749 -0.0827793 -0.0349289 0.103782 0.116007 0.00632706 0.0540334 0.0292096 0.0226356 -0.0400834 -0.0793871 0.131666 -0.00846801 0.173394 -0.0194153 -0.0201199 -0.0310388 -0.0791831 -0.0573153 -0.0132988 0.0802405 -0.0379458 -0.0775988 -0.0167602 0.113497 -0.0829735 -0.0338246 0.0113444 8.62077e-05 -0.0393912 -0.0704064
internal_weight=0 108060 103593 10917.1 92675.6 81803.1 79181.2 70501.8 19670.1 50831.7 12314.6 38517.1 3819.43 14782 14541.9 11483.6 7562.77 4889.9 4467.8 8679.38 6027.19 5501.24 8495.17 13783.5 7089.46 6880.67 10872.5 7948.45 4818.88 7024.16 998.484 6593.45 27033.5 19043.9 5119.25 4149.99 13924.7 6694.04 3493.74 3903.07 4888.11 3344.28 2621.92 5605.6 6280.19 5570.31 6093.6 2466.35
internal_count=1119179 955796 904590 75106 829484 733601 694825 588500 150974 437526 98060 339466 39912 107715 163383 99453 46630 28268 51206 106325 46838 38262 58148 100496 57572 55972 95883 119529 32880 47222 7219 43854 240013 193136 42441 32344 150695 42924 24388 44696 43259 20657 38776 37228 51061 43382 84043 37264
is_linear=0
shrinkage=0.5


Tree=51
num_leaves=49
num_cat=0
split_feature=1 7 7 6 3 14 6 16 8 15 13 6 1 13 6 16 6 3 6 3 6 1 14 6 13 7 13 8 1 1 16 15 16 14 13 1 16 16 11 5 3 16 16 6 16 1 16 15
split_gain=84.5925 80.719 64.5409 60.2465 61.141 79.6614 49.3117 49.348 59.553 50.5118 49.5368 59.8801 48.8122 47.6741 44.4262 37.8112 51.0084 54.2919 36.1094 34.7747 40.9875 35.3911 34.294 36.8344 33.8583 43.9 33.6348 31.7929 31.7435 31.138 31.1331 30.634 29.6823 25.0433 24.632 24.5038 28.0973 24.422 23.4524 22.3894 37.0224 22.0521 21.8109 25.5409 21.8046 22.2479 30.0026 25.3644
threshold=0.48082794249057775 0.018101863563060764 -0.0211847610771656 0.06593653187155725 0.10105215013027193 3.4286806583404545 0.28431320190429693 -0.82436722517013539 0.077596317976713194 5.2683823108673105 -0.79924854636192311 -0.049575464800000184 0.68015995621681224 -0.64688703417778004 -0.015379140619188545 0.32695281505584722 0.10952169075608255 0.09906302392482759 0.12894110381603244 0.11856245994567872 0.097457390278577818 0.12789153307676318 5.6880414485931405 0.021146777085959915 -0.11611164361238478 -0.013564886525273321 -0.22238310426473615 -0.0097505738958716375 0.3671413809061051 0.30454501509666448 -0.42832450568675989 5.1971106529235849 -0.36143444478511805 1.6213944554328921 -0.87260204553604115 0.32709524035453802 -2.5703328847885127 -0.84905064105987538 1.3601135015487673 0.082643177360296263 0.35224644839763647 0.71035981178283703 -1.1426810026168821 0.12053344771265985 -3.4807827472686763 0.35446074604988104 -1.528771638870239 5.1971106529235849
decision_type=2 2 2 2 2 2 2 2 2 2 2 2 2 2 2 2 2 2 2 2 2 2 2 2 2 2 2 2 2 2 2 2 2 2 2 2 2 2 2 2 2 2 2 2 2 2 2 2
left_child=2 3 14 4 12 -6 7 9 10 22 11 -9 24 37 -1 28 -17 -18 -16 21 -21 -12 23 44 25 -2 27 -11 -13 -23 -27 -32 -3 -10 42 36 -25 -7 -31 -39 -41 -33 43 -24 -4 46 47 -46
right_child=1 32 6 -5 5 13 -8 8 33 26 19 15 -14 -15 18 16 17 -19 -20 20 -22 29 34 35 -26 30 -28 -29 -30 38 31 41 -34 -35 -36 -37 -38 39 -40 40 -42 -43 -44 -45 45 -47 -48 -49
leaf_value=-0.05615680719714275 -0.079068094120642265 -0.17031922647859263 -0.10511308609353122 -0.13363529436960148 -0.024553336220957185 -0.027158293354598812 -0.20764235260779054 -0.036602072486186993 -0.11801881064121524 -0.081482500082375939 -0.12987061260552127 0.087461000941403758 -0.14098554972393654 0.019817649600816143 -0.0035853130641210615 0.088238440256823591 0.39756083942524156 0.021613550372338346 -0.15866887879185784 -0.013866282530023033 -0.19894684539801064 0.043750077495007395 0.062259264894680019 -0.10841357169285257 0.009269332513037673 -0.067214564892281378 0.092325834424312844 0.041644689575541349 0.019209700720696051 0.015877464703342465 0.024127471310639609 -0.05241683376315872 -0.060837918894058728 -0.01916681444560461 0.0081828300824903465 -0.080516266634833494 -0.012528506612819781 0.11836710299409833 -0.087321943782706191 0.32782666184967418 0.020577682746765698 0.033007099712781159 0.17844934617050681 -0.18213794737620223 -0.029952571621794193 -0.024271376621697205 0.030355763599979782 0.01589762123384619
leaf_weight=5540.5222047520801 3394.5079271413852 709.89599155081669 514.25166435074061 966.4207625821 3064.2926615122706 206.4666254100739 257.78239107877016 1556.1376715241931 794.45543873403221 697.94910393632017 390.06708466541022 3108.5218429022934 785.39201031124685 1640.242439808324 22415.063699317281 2055.9095003325492 298.94593082554638 145.6929086453747 381.00359228986781 1855.9636418758892 357.48224760405719 11680.2891274211 1260.8776894724579 866.75189559708815 9352.5736308484338 2253.5511038123514 2319.3626399668865 2085.814141847135 3822.4165185135789 40819.389168626163 5162.6907654304523 3324.9419596819207 5221.8786554995459 3401.854305194458 14911.014399510575 2576.3437077584676 6579.7839222177863 1393.240798560204 555.66781882056966 361.26046970987227 139.50609751266893 969.2209244268015 373.0383353617508 115.00102190801408 6471.7771849585697 7667.9979133356828 8356.7905598580837 5633.4510469525121
leaf_count=26864 17855 14917 5377 11674 24424 8373 7856 9713 4874 7604 1686 19430 4580 8358 118555 8423 1950 1959 4990 8917 2782 49171 24392 10777 39250 16151 11405 23187 27232 173763 21001 22347 35810 19200 79380 21417 39246 13341 2911 4317 3848 3852 4335 7955 33517 40639 38275 31299
internal_value=0 -0.0203406 0.00564521 -0.0106732 -0.00694557 0.0350881 0.0103105 0.0107439 0.0196975 0.000239174 0.0233399 0.0540404 -0.0182978 0.0840719 -0.015992 0.0690512 0.121891 0.275823 -0.00620609 0.0172695 -0.0440598 0.0198196 -0.00414308 -0.0123211 -0.014332 -0.028978 0.0478401 0.0105763 0.0499007 0.0209319 -0.0144101 -0.0017683 -0.0740511 -0.0380245 0.0148074 -0.0384124 -0.0237694 0.133976 0.0144773 0.151811 0.24344 -0.0330165 0.0709647 0.0413511 -0.00317301 -0.00128797 0.00730123 -0.00857426
internal_weight=0 38946.1 159867 33014.3 32047.9 6805.01 131531 131273 70842.8 60430.2 66646.5 10987.6 25242.9 3740.72 28336.6 9431.49 2500.55 444.639 22796.1 55658.9 2213.45 53445.4 55327.1 38667.1 24457.5 15104.9 5103.13 2783.76 6930.94 53055.3 11710.4 9456.85 5931.77 4196.31 16659.9 10022.9 7446.54 2100.47 41375.1 1894.01 500.767 4294.16 1748.92 1375.88 28644.3 28130 20462 12105.2
internal_count=1119179 250098 869081 199371 187697 62661 718672 710816 332011 378805 307937 68707 125036 38237 150409 58994 12332 3909 123545 239230 11699 227531 336609 220547 120456 81206 42196 30791 46662 225845 63351 47200 50727 24074 116062 71440 50023 29879 176674 21506 8165 26199 36682 32347 149107 143730 103091 64816
is_linear=0
shrinkage=0.5


Tree=52
num_leaves=49
num_cat=0
split_feature=8 3 1 10 15 16 8 16 7 1 16 1 16 16 15 16 16 1 8 13 15 16 8 8 8 13 15 15 13 15 7 15 8 3 15 15 16 2 8 16 8 13 8 5 8 1 16 1
split_gain=62.2451 51.2386 47.972 45.0833 41.2568 67.4002 48.1732 39.8319 29.7971 29.1186 54.0417 68.6049 29.8794 33.1731 28.9521 28.7413 29.4161 78.0171 37.3627 36.7368 34.1185 44.8469 34.8568 38.8396 33.0675 45.513 42.3919 26.0132 25.7715 25.6203 24.8487 40.1479 24.2681 23.9743 23.2353 22.7484 21.9427 21.5682 21.2164 20.5388 20.3956 23.348 20.2146 20.0344 19.6437 17.7383 17.715 17.5548
threshold=0.28746671974658972 -0.070920709520578371 0.68015995621681224 1.3059521317481997 5.0827529430389413 -0.94765955209732045 0.096153162419796004 -0.077685978263616548 0.064848892390728011 0.22579839825630191 -2.4882816076278682 0.33144415915012365 -3.4807827472686763 -1.4262281656265257 5.2061388492584237 0.55966979265213024 -1.7590590715408323 0.38266772031784063 -0.081177428364753709 0.2628298699855805 5.1952354907989511 -0.88476553559303273 0.051882779225707061 -0.044666152447462075 0.1526640206575394 0.79972973465919506 5.2428195476531991 5.1989834308624276 -0.91843178868293751 5.1435923576354989 -0.024212144315242764 5.200803518295289 0.068414308130741133 -0.16260125488042829 5.2553415298461923 5.1748831272125253 -1.6203892827033994 -0.034036556258797639 0.090935770422220244 -0.69188857078552235 -0.047653468325734132 -0.47692613303661341 -0.063067387789487825 -0.016839485615491864 -0.012077046558260916 0.38125684857368475 -3.1475223302841182 0.47713667154312139
decision_type=2 2 2 2 2 2 2 2 2 2 2 2 2 2 2 2 2 2 2 2 2 2 2 2 2 2 2 2 2 2 2 2 2 2 2 2 2 2 2 2 2 2 2 2 2 2 2 2
left_child=1 33 3 4 5 32 42 -4 9 12 11 29 -5 28 -15 16 17 18 -6 35 21 -18 23 -23 -22 26 -26 -9 -14 -11 31 -12 -3 -1 45 -20 -33 -35 40 -36 -17 -42 -7 -32 -45 -10 -31 -38
right_child=-2 2 7 8 15 6 -8 27 34 10 30 -13 13 14 -16 38 20 -19 19 -21 24 22 -24 -25 25 -27 -28 -29 -30 46 43 36 -34 37 39 -37 47 -39 -40 -41 41 -43 -44 44 -46 -47 -48 -49
leaf_value=0.11400442439180641 -0.30168004470927795 -0.033509884797955691 -0.34482664461516621 -0.046564311762851952 -0.13354287313066693 0.0074325408473539124 0.25628241881869968 -0.26383048310250101 -0.067559625108049387 0.041898638732330434 -0.077420966889217527 -0.33313155970137442 0.11846419159973071 -0.061634591114568218 0.028617467557598742 0.086133226469513588 0.0030009265423913607 -0.2105792818251305 0.032500007870336134 -0.063254183834785649 0.0082241868155723472 0.026414381771201107 0.040379355967559365 -0.09034946788700797 -0.028277477766028764 0.057480488571291552 -0.36558520182649723 -0.0073487951994016002 0.041175324590773429 -0.2340936720575951 0.024878544328289634 -0.11836560669678974 0.088306628343327281 0.055032979396689517 -0.11193852051734438 -0.013785744803060449 0.024955982522370468 0.011176890544905305 0.12473463657714361 0.090962840787953247 -0.029509205151213292 -0.12476127477363506 -0.1907532287174615 0.021990216444985389 -0.0055724822341313273 -0.22674125537998174 -0.059505191684012609 -0.066366664601231598
leaf_weight=773.12983549735509 170.10080165113322 3306.3203288316727 166.4423905769363 1202.5560893715592 662.1620354722254 139.02275619056309 68.25564457004657 127.68687322427286 918.76836891181301 580.85049361805432 2176.2213703314774 231.37507266772445 1251.1983716364484 1377.8677223599516 2494.8364617952611 202.46650099742692 7777.123296156642 537.04522703227121 3619.653533272096 2919.6623037413228 45780.049553985358 850.49256250372855 818.29964841488982 4178.7091416122857 173.11050344828982 250.31834486499429 210.18357219849713 445.89904970512725 8273.341354815755 173.56434759986587 16454.322738299263 340.07815584889613 463.93359698553104 3898.5400527523598 182.80158689880045 9938.6939558655722 4037.2763568714727 10132.217178144609 152.41601340123452 381.42300359881483 1307.1830669214833 1300.8208908811794 1171.1865125618933 9447.4863800491439 20424.708627236367 221.71295511332573 987.21318676526425 602.04439245641697
leaf_count=4277 8992 20337 6513 7296 2879 3301 1627 8993 15693 3633 23742 4566 8291 9334 10501 3032 40774 4835 16881 12126 202064 11500 10859 69446 1672 990 1680 5022 35654 1702 97371 1996 4229 20627 2611 42913 18490 53756 1284 2384 23026 27495 49439 61056 135985 8737 5754 3814
internal_value=0 4.22812e-05 -0.00258511 -0.00198506 -0.00972046 -0.0531252 -0.147745 -0.129515 0.0072598 0.00885569 0.00361472 -0.0776093 0.0287269 0.0355254 -0.00337182 -0.00694365 -0.00509352 -0.0230205 -0.0171027 -0.0123854 0.000176723 -0.0218132 -0.0548961 -0.0705027 0.00664292 -0.106653 -0.215015 -0.0656746 0.0513923 -0.0432046 0.00662189 -0.0207748 -0.0183682 0.0281742 -0.0579969 -0.00139054 0.0038923 0.0234013 -0.0552851 0.024259 -0.0652666 -0.0772403 -0.169353 0.0108647 0.0031283 -0.0991146 -0.0862198 0.0129855
internal_weight=0 173131 158327 157587 85827.1 5148.72 1378.46 740.028 71759.6 70054.9 55455.1 1973 14599.8 13397.2 3872.7 80678.4 77715.5 17677.2 17140.2 16478 60038.3 13624.6 5847.5 5029.2 46413.7 633.612 383.294 573.586 9524.54 1741.63 53482.1 7155.62 3770.25 14803.9 1704.71 13558.3 4979.4 14030.8 2962.89 564.225 2810.47 2608 1310.21 46326.5 29872.2 1140.48 1160.78 4639.32
internal_count=1119179 1110187 1031527 1010999 552389 78933 54367 20528 458610 429185 358109 15655 71076 63780 19835 473456 418619 79634 74799 71920 338985 132579 91805 80946 206406 4342 3352 14015 43945 11089 342454 48042 24566 78660 29425 59794 24300 74383 54837 4995 53553 50521 52740 294412 197041 24430 7456 22304
is_linear=0
shrinkage=0.5


Tree=53
num_leaves=49
num_cat=0
split_feature=12 11 12 11 12 11 11 11 0 3 12 11 11 11 12 16 3 13 8 15 8 0 15 10 8 15 11 16 11 12 12 12 11 12 10 11 12 11 12 13 11 15 12 12 12 12 11 12
split_gain=34.823 58.1761 32.2975 206.425 45.6867 35.4612 34.3943 38.8206 31.3779 50.2392 36.3253 88.8483 96.4812 37.3012 64.8815 32.6321 29.1453 25.8849 67.1524 40.7146 37.4001 39.4333 34.1889 31.2578 28.5907 30.1946 35.3329 26.5278 25.4985 40.2651 47.7381 34.6855 66.1412 60.6985 52.7714 35.7094 32.9028 27.1888 25.2769 24.5764 25.0655 23.1946 23.175 25.924 25.709 31.018 28.1243 22.8654
threshold=1.7201604843139651 0.59051364660263073 1.6712988018989565 0.75179609656333934 1.6966924667358401 0.64109066128730785 0.47500112652778631 0.38952668011188513 0.42062582075595861 0.0081150527112185972 0.75661468505859386 0.55594578385353099 1.0443209409713747 0.71314531564712536 0.70481979846954357 -2.6565614938735957 0.12106707692146303 -0.44624529778957361 0.027764462865889076 5.2275555133819589 0.066859286278486266 0.8611753284931184 5.1726315021514901 1.2238269448280337 -0.039386106655001633 5.2298479080200204 1.1599231362342837 0.022683287039399151 0.9672529697418214 1.1819123625755312 0.8852829933166505 1.4601888656616213 0.64109066128730785 1.5151190161705019 2.5955644845962529 0.7329547405242921 1.2422215938568117 0.86036470532417308 1.6431928277015688 -0.25212861597537989 0.9797065556049348 5.2541019916534433 1.5326605439186098 1.4878149032592776 1.2945115566253664 0.89429974555969249 1.188361704349518 1.2277404069900515
decision_type=2 2 2 2 2 2 2 2 2 2 2 2 2 2 2 2 2 2 2 2 2 2 2 2 2 2 2 2 2 2 2 2 2 2 2 2 2 2 2 2 2 2 2 2 2 2 2 2
left_child=2 -2 8 4 6 -6 7 -4 9 15 11 -10 13 14 -13 -1 -11 20 24 -20 22 41 27 -21 -19 26 -26 -12 29 30 -24 35 34 -34 -33 36 -31 -32 -23 40 47 -22 43 44 45 -30 -46 -17
right_child=1 -3 3 -5 5 -7 -8 -9 10 16 17 12 -14 -15 -16 39 -18 18 19 23 21 38 28 -25 25 -27 -28 -29 42 31 37 32 33 -35 -36 -37 -38 -39 -40 -41 -42 -43 -44 -45 46 -47 -48 -49
leaf_value=-0.069313114551432353 0.027400455460780498 0.36708227476660654 0.03094105576668529 0.43910185046407729 -0.021463386177966563 0.18916153447369752 -0.058912131377924212 -0.2174856248629356 0.35394939472608333 -0.025051674328540129 -0.032541493591455785 0.24725997175121264 0.16225966252685947 -0.03205391801812825 -0.037975510366713316 0.062502213615391156 -0.12953822968350828 -0.00053720663569455833 0.0059250066057567313 -0.022822487239133774 -0.030090521048341312 0.060225526713376845 -0.017203192077685978 -0.099450259858742243 0.029114520416715545 0.0031075744968594838 0.075309484868631787 0.0012092464517530284 0.038293463543428344 0.053982991978015933 0.12295503701293085 0.062841617121802196 0.1246070745827448 -0.032488166173938224 0.28105156953378746 0.019572321988867093 -0.064731547667353131 0.024251872310825148 0.27709320485986161 -0.010498533680071861 -0.0027149036674280211 0.072577007713762576 0.18117660804047767 -0.14867445537181445 0.018249933988907823 -0.026812228833209099 0.18927592080751598 0.016289569612471959
leaf_weight=1518.4571207721601 494.70344501646468 170.03533050057013 189.75803939206526 215.31766171881463 1362.532238667598 232.87004390708171 2233.8517497533467 824.78538983521867 225.80529106088215 18164.349269082508 15701.752427138446 359.67470577801578 1113.7588117658161 2889.6745303138741 439.76661286951276 3896.2356689934386 694.79691895795986 9247.9657876173733 9984.8492614071292 4704.1049603559077 2480.772101516166 3513.5812709399033 1492.8923255776172 1870.2229627915949 17611.340090079466 7318.8225200690795 5443.4548135107616 9208.069802555663 2131.617254169425 677.36755404958967 2156.3685890575871 2703.9934088625014 722.03793476126157 4093.7206867085188 310.10836407658644 3421.6244730727049 4020.4812190723605 1052.5157278876286 140.39008206501603 14691.463078574161 10153.686094208795 704.66459801146993 155.87940691690892 338.24414222990163 2582.0037952449056 12669.949506113713 265.52187186107039 8698.1810805057175
leaf_count=13480 2711 1518 900 1382 7221 1019 11407 4813 968 93528 105060 1495 4987 13168 1961 17226 3400 47499 53661 21502 23536 49089 7165 19009 74245 39600 34915 46549 12891 3577 10100 10482 3152 19103 2598 17339 22309 5301 1270 75755 64805 7526 788 1585 13425 103678 1547 38934
internal_value=0 0.115461 0.000902634 -0.038516 -0.0599366 0.00906613 -0.0939726 -0.170543 0.00195745 -0.00774929 0.00622087 0.0479042 0.0333408 -0.00547825 0.089878 0.00249378 -0.0289343 0.00456248 0.012571 -0.014149 -0.00180851 0.0333142 -0.00558767 -0.0447089 0.0237509 0.0311622 0.0400461 -0.0200457 0.00368322 0.0157074 0.0563729 0.00368529 0.0274541 -0.00880973 0.0855439 -0.0191747 -0.0475002 0.0907538 0.0687682 0.00542122 0.0157247 -0.00720642 -0.00997559 -0.0116699 -0.00900762 -0.0174004 0.0344339 0.0306295
internal_weight=0 664.739 194629 5059.12 4843.8 1595.4 3248.4 1014.54 189570 57817.2 131753 5028.68 4802.87 3689.12 799.441 38958 18859.1 126724 56180.8 16559.2 70543.6 6839.41 63704.1 6574.33 39621.6 30373.6 23054.8 24909.8 38794.3 20651.1 4701.78 15949.3 7829.86 4815.76 3014.1 8119.47 4697.85 3208.88 3653.97 37439.6 22748.1 3185.44 18143.2 17987.3 17649.1 14801.6 2847.53 12594.4
internal_count=1119179 4229 1114950 26742 25360 8240 17120 5713 1088208 307128 781080 22579 21611 16624 3456 210200 96928 758501 290431 94172 468070 81421 386649 40511 196259 148760 109160 151609 235040 101126 22566 78560 35335 22255 13080 43225 25886 15401 50359 196720 120965 31062 133914 133126 131541 116569 14972 56160
is_linear=0
shrinkage=0.5


Tree=54
num_leaves=49
num_cat=0
split_feature=7 7 16 1 16 1 0 0 1 0 2 16 10 7 1 16 16 1 1 0 16 1 1 1 2 16 1 0 9 2 16 0 5 16 1 16 16 9 14 15 1 9 16 7 7 16 1 14
split_gain=89.001 91.8211 102.262 84.0217 106.311 73.368 57.5857 54.7215 53.5042 42.4806 41.5215 37.5742 36.7522 36.7081 36.5664 52.199 27.8486 107.667 38.3928 34.2047 27.0499 46.3562 25.7273 25.4948 24.7794 24.7676 38.8591 24.0217 23.9731 26.2285 22.1998 23.7725 22.0941 31.9166 48.8934 21.7917 21.4417 21.4407 21.4244 21.3675 21.011 20.9688 20.7448 20.254 20.2104 20.4192 38.3687 19.8963
threshold=-0.035829948261380189 0.013265072368085386 -2.7018834352493282 0.43008035421371466 -0.7163884937763213 0.61200135946273815 0.82211130857467662 0.35360410809516912 0.32099257409572607 0.86878949403762828 0.25646197795867925 0.77195569872856151 8.9519414901733416 -0.0211847610771656 0.41315685212612158 -0.64509379863739003 -1.299478232860565 0.28847838938236242 0.1080746427178383 0.85054752230644237 -3.3868509531021114 0.21634076535701754 0.57029616832733165 0.43938167393207556 -0.12711552530527112 -3.0193912982940669 0.12789153307676318 0.82211130857467662 -0.0031670569442212577 0.13791188597679141 0.69430947303771984 0.49982164800167089 0.058349691331386573 -1.1842088699340818 0.41928111016750341 0.18864779919385913 -1.5828343629837034 -0.0028117711190134283 3.1855251789093022 5.2283360958099374 0.15706784278154376 -0.00071086036041378964 -1.1842088699340818 0.0037852432578802113 -0.089591499418020235 -1.6977536082267759 0.18603173643350604 3.2428793907165532
decision_type=2 2 2 2 2 2 2 2 2 2 2 2 2 2 2 2 2 2 2 2 2 2 2 2 2 2 2 2 2 2 2 2 2 2 2 2 2 2 2 2 2 2 2 2 2 2 2 2
left_child=6 2 8 12 9 7 14 47 20 42 11 13 16 27 24 -16 17 25 -18 -19 21 -2 30 -8 -1 26 -3 -9 -20 -30 31 -6 33 34 43 -25 -36 -7 39 -35 -27 -22 -5 -15 -26 46 -46 -4
right_child=1 3 5 4 22 37 23 10 -10 -11 -12 -13 -14 32 15 -17 18 19 28 -21 41 -23 -24 35 44 40 -28 -29 29 -31 -32 -33 -34 38 36 -37 -38 -39 -40 -41 -42 -43 -44 -45 45 -47 -48 -49
leaf_value=0.18286920558644307 0.04174121695036407 -0.027109075373614056 -0.091046894688196128 0.30191766178260004 -0.051168449013779607 -0.01197025848998557 -0.023125883197778814 0.046875444112197073 0.22625959347366306 0.078147647321345728 -0.12867174357495331 -0.093442612181098464 0.087662458368564899 -0.035604959918131708 0.39773837992282712 0.10910257325068809 0.14800855732239659 0.14150105019216444 0.094833206972414416 0.034748543588766154 0.078789505727673223 0.25064517437761907 0.065026505082666913 0.13238369725296031 0.16287106654258601 -0.070254207884695802 0.12841123445396546 -0.012764369016858439 -0.021075684060576114 -0.10184517594946656 -0.05402391072519299 0.035567960451942264 0.0034725334907901107 -0.046406564408410206 0.13446546492788808 -0.0089087319377434849 0.021403230729734598 0.052505433584587549 -0.029126198557970433 -0.1074973870263126 -0.010562984633175024 -0.0082302398412859423 0.15784961840479331 0.010488923462918673 0.018156527542601563 0.0082961142170206933 0.21629177181674805 -0.044980743222173436
leaf_weight=351.68625213066116 2982.9830406897236 940.39452831284143 3956.5899452259182 446.60900304280221 935.30950693110935 1963.7378915701993 3134.1614858421963 3298.949028804549 339.94911172019783 1122.556717232801 903.64585547614843 1696.8910546206171 1092.2674929243512 8336.2005657257978 186.6272284691222 1031.2689734848682 330.70120937959291 1664.2011065145489 410.96004227199592 1394.6281996406615 801.53900375659578 292.26920473459177 2928.1184900300577 575.57803146512015 328.1521436420735 2177.2536227756646 694.88519476703368 3437.2874112502323 13250.700079751259 1091.6393713389989 1156.5947901521577 4940.1399943676079 6214.8473940846743 4812.9397964960663 703.81808351189829 506.08734983950853 1068.7709177432116 3691.3992241409724 10916.032495647785 2073.6744545914698 4643.3583650152432 5011.6388791557401 634.58342035417445 3315.9356061383151 675.00023308070377 2541.8331764662871 387.87014571717009 5942.7412616126239
leaf_count=1970 12731 5607 87300 3662 14471 13606 21572 36839 3337 12238 5190 21500 11690 64966 1208 9722 2143 12290 2712 11210 4046 1833 20307 3995 2297 14012 4530 25856 132354 7571 10805 35433 46135 61444 5062 3164 7369 27732 104314 44220 33176 24341 4630 24947 3689 30248 2382 77323
internal_value=0 -0.00619303 -0.0168833 0.0130431 0.0476814 -0.0242286 0.0436908 -0.0296516 0.0316226 0.147078 -0.0224872 -0.0203819 -0.00215568 -0.0175623 0.0773759 0.154033 -0.00586598 0.0126239 -0.0200137 0.0930195 0.0242631 0.0606063 0.0256265 -0.000163951 0.0554384 -0.0164068 0.0387092 0.0163716 -0.0238236 -0.0272648 0.00914241 0.021669 -0.023681 -0.029101 -0.0106426 0.0658671 0.0666278 0.0300298 -0.0429908 -0.0648876 -0.0296982 0.0036938 0.218046 -0.022445 0.0438725 0.0328587 0.0910668 -0.0634504
internal_weight=0 111617 71761.8 39854.9 12163.9 62333.5 9718.27 56678.3 9428.38 2203.75 46779 45875.3 27691 44178.5 5502.44 1217.9 26598.7 11514.7 15084 3058.83 9088.43 3275.25 9960.16 4215.83 4284.54 8455.89 1635.28 6736.24 14753.3 14342.3 7032.04 5875.45 37442.2 31227.4 13424.7 1081.67 1772.59 5655.14 17802.6 6886.61 6820.61 5813.18 1081.19 11652.1 3932.86 3604.7 1062.87 9899.33
internal_count=1119179 1038932 700091 338841 101546 653803 80247 612465 46288 20530 447842 442652 237295 421152 51516 10930 225605 80825 144780 23500 42951 14564 81016 28731 40586 57325 10137 62695 142637 139925 60709 49904 358457 312322 102344 7159 12431 41338 209978 105664 47188 28387 8292 89913 38616 36319 6071 164623
is_linear=0
shrinkage=0.5


Tree=55
num_leaves=49
num_cat=0
split_feature=1 11 12 14 10 12 14 14 10 8 15 11 7 7 0 8 16 16 11 15 12 7 2 15 15 2 10 14 7 16 1 16 14 14 12 2 0 11 15 14 2 1 15 2 9 14 7 9
split_gain=54.9432 52.2268 132.121 47.1099 42.5848 39.7493 39.09 37.0871 42.9982 31.9014 31.7975 28.8406 27.6945 28.0617 27.043 26.4064 25.3933 23.4835 25.5718 27.8362 26.2069 22.7388 22.3282 21.3855 20.0694 20.0091 19.596 19.5788 19.2989 19.1152 19.1141 18.3649 17.4725 16.655 14.9555 14.9506 14.9208 14.8731 56.2817 17.1601 14.8567 19.0535 15.0204 14.7765 14.3277 14.0716 14.0686 14.0562
threshold=0.57029616832733165 1.3455020785331728 1.1048098206520083 0.70473647117614757 6.2222929000854501 1.6888943314552309 3.8291755914688115 9.5355234146118182 2.2492837905883794 -0.044666152447462075 5.2025904655456552 0.6777341663837434 -0.017394742928445336 0.050051340833306319 0.63899090886116039 0.11451203748583795 0.36637790501117712 -0.45101097226142878 1.0927043557167055 5.2306175231933603 1.2713652253150942 0.0057437296491116294 0.021924753673374656 5.1998825073242196 5.2138652801513681 -0.13011480867862699 1.5345052480697634 2.1172508001327519 -0.015521805267781017 0.71035981178283703 0.38408526778221136 -0.18538641929626462 4.7315943241119394 3.1566095352172856 1.0854455232620241 -0.03505421616137027 0.79033300280570995 1.1599231362342837 5.2290766239166269 5.4474363327026376 -0.083805341273546205 0.29832455515861517 5.2577514648437509 -0.087416298687458024 -0.0036436269292607899 14.215031147003176 -0.076989170163869844 -0.0014435209450311957
decision_type=2 2 2 2 2 2 2 2 2 2 2 2 2 2 2 2 2 2 2 2 2 2 2 2 2 2 2 2 2 2 2 2 2 2 2 2 2 2 2 2 2 2 2 2 2 2 2 2
left_child=1 3 34 24 5 7 10 8 12 -10 -2 -7 25 17 16 30 45 18 20 -20 -14 28 -6 -15 -1 -5 36 -22 -8 -12 35 -32 -25 -24 -3 -11 -21 -19 39 -39 42 -42 47 44 -30 -9 -27 -16
right_child=6 2 -4 4 22 11 21 14 9 15 29 -13 13 23 40 -17 -18 37 19 26 27 -23 33 32 -26 46 -28 -29 43 -31 31 -33 -34 -35 -36 -37 -38 38 -40 -41 41 -43 -44 -45 -46 -47 -48 -49
leaf_value=-0.012761344664063395 -0.033129139752897933 -0.024731263800745071 -0.46068847151846581 -0.072827357297416254 -0.064027429245655354 -0.044027196369204741 -0.051963733454747224 0.0036661409278892759 -0.065188378807857147 -0.021916490878154643 -0.13665352077368254 -0.26351372382768828 -0.019620176575125926 0.0037657459652069075 0.25844941360203605 -0.080978141563405118 -0.07453716117929067 0.029391269499265418 0.0089160141204400554 0.080069075710669638 -0.014591138925485629 -0.046854882004341319 0.15383908400807741 -0.084602383549937377 -0.063541775958504645 -0.069370407790144958 -0.0075176214719293007 0.021958099282646429 0.290615456003947 -0.033467729785154172 -0.049131104755586213 -0.00073953213248308938 0.015998050522407197 -0.012084725228433874 -0.17044434535940187 0.020327580668670908 0.018550947764169823 -0.024017195067808396 0.058084512388641027 0.037347870506606359 0.083069965109115712 0.02387696998638628 -0.043074586379383523 0.019961831634603033 0.073189776960932346 0.053539403475576619 1.788725312090374e-05 0.1007816425394301
leaf_weight=4938.1455690613948 4201.4743207900319 6546.2367108041071 181.06799273763318 1039.7136135183973 3212.0586300167488 1877.7623996752081 753.63280060808756 3998.2821294441819 2672.1422723502619 2737.964654740761 1594.1882830365794 163.23244076734409 11850.192030229839 3502.0828821144532 186.4485725039267 1142.3123779740417 771.72093067504466 32411.627039390616 13299.578753098613 3638.2580691920593 5238.4144059426617 1923.9864639980369 159.94029275421053 1665.7744696867885 3245.5207031501923 751.62202962720767 1200.5842885243474 12096.908404724672 91.47245809843298 645.31423207954504 3438.7453658654704 4609.287194377277 571.52391724020708 2489.3100126279751 181.43005355726928 8797.2930111987516 1384.3761433322798 7074.7805559930857 3967.0202593135182 1351.6168138417415 2144.4403078675969 3812.3062006521504 131.53533165738918 2538.0112201597076 508.91676358261611 2208.2970610032789 24363.517058177851 691.29771816899301
leaf_count=24700 25188 40432 1541 10047 42952 11937 6947 19322 15528 19031 16646 1821 64666 22716 3567 11497 3625 141312 64105 21710 33315 20994 1003 14409 22964 4332 7506 61345 2227 3603 23456 22636 4988 20052 1170 44291 9673 27262 20044 5917 16343 22285 2636 14259 7150 11774 113739 10516
internal_value=0 0.00242932 -0.0402175 0.00407985 0.00585953 0.00735174 -0.032132 0.00822424 0.0059095 -0.0137584 -0.0589638 -0.0619464 0.00958308 0.0133987 0.0328877 -0.00710062 0.0107962 0.0154846 0.0078696 0.0218783 -0.0014844 -0.00232604 -0.0360028 -0.0204973 -0.0329665 -0.00487716 0.0494936 0.0108845 0.0195643 -0.107172 -0.00276183 -0.0214818 -0.0586847 -0.00182466 -0.0287599 0.0102563 0.0632196 0.0237514 0.00896028 -0.0141115 0.0549416 0.0452809 0.111363 0.0369108 0.107575 0.0214973 -0.00204147 0.135098
internal_weight=0 185744 6908.73 178836 170652 164791 12257 162750 148805 23397.7 6440.98 2040.99 125408 99252.7 13944.3 20725.6 6978.3 93513.4 48708.3 19522.8 29185.5 5816.02 5861.31 5739.38 8183.67 26154.9 6223.22 17335.3 3892.03 2239.5 19583.3 8048.03 2237.3 2649.25 6727.67 11535.3 5022.63 44805 12393.4 8426.4 6966.03 5956.75 1009.28 3138.4 600.389 6206.58 25115.1 877.746
internal_count=1119179 1022165 43143 979022 931358 867351 97014 853593 763525 136439 45437 13758 627086 498968 90068 120911 34721 456855 262320 102994 159326 51577 64007 42113 47664 128118 38889 94660 30583 20249 109414 46092 19397 21055 41602 63322 31383 194535 53223 33179 55347 38628 16719 23636 9377 31096 118071 14083
is_linear=0
shrinkage=0.5


Tree=56
num_leaves=49
num_cat=0
split_feature=14 10 14 1 6 3 15 11 1 14 3 10 6 10 14 14 11 14 9 10 7 0 16 10 9 0 1 16 7 16 15 0 10 3 9 15 16 15 11 7 16 3 0 3 15 16 10 16
split_gain=41.2681 75.1186 69.5437 32.8696 29.5114 25.8931 25.8601 30.9102 29.847 22.6491 22.5292 22.0015 33.2441 21.3619 29.1714 27.6756 22.2311 20.8862 20.2549 19.8415 17.5275 16.6652 16.6648 16.4905 16.4052 16.0293 15.8758 31.5561 21.0998 21.048 18.5755 17.9228 36.43 17.878 16.496 18.1416 15.8543 15.7881 15.4214 15.1963 15.1138 16.6477 15.0394 14.2679 14.144 27.5673 15.6769 14.5233
threshold=1.6213944554328921 0.76070982217788707 5.8722350597381601 1.0000000180025095e-35 0.048497527837753303 0.27407370507717138 5.2061388492584237 1.1093522906303408 0.55008721351623546 30.658864021301273 -0.0073582413606345645 1.665689289569855 0.040877124294638641 4.7065675258636483 3.4955070018768315 15.146620750427248 1.2957437038421633 2.36693286895752 -0.00083905615611001838 8.4474782943725604 0.047207314521074302 0.77305260300636303 0.94686052203178417 -0.2905744463205337 0.0079253562726080435 0.56518408656120311 0.55319792032241832 0.17662227153778079 -0.0055859817657619706 0.011088009458035232 5.2252314090728769 0.78357321023941051 1.6266918182373049 -0.048391789197921746 0.002363574225455523 5.2025904655456552 -1.1842088699340818 5.2728118896484384 0.84633857011795055 -0.012622602749615906 -1.528771638870239 0.13740471005439761 0.93818143010139476 0.0061949593946337709 5.1883027553558358 -1.0627709627151487 2.0368580818176274 -1.1426810026168821
decision_type=2 2 2 2 2 2 2 2 2 2 2 2 2 2 2 2 2 2 2 2 2 2 2 2 2 2 2 2 2 2 2 2 2 2 2 2 2 2 2 2 2 2 2 2 2 2 2 2
left_child=11 2 6 -3 10 9 8 23 17 13 38 -1 40 15 19 16 22 -2 -14 -15 39 25 24 -8 26 -9 29 28 -28 31 -29 44 -33 -34 35 -31 -11 -30 -4 -16 -13 -42 -7 -19 45 46 -5 -46
right_child=1 3 4 5 -6 42 7 21 -10 36 -12 12 18 14 20 -17 -18 43 -20 -21 -22 -23 -24 -25 -26 -27 27 30 37 34 -32 32 33 -35 -36 -37 -38 -39 -40 -41 41 -43 -44 -45 47 -47 -48 -49
leaf_value=0.018580649039465266 0 -0.14410082845920225 0.041736898405622322 0.011343214415962853 -0.16942886499651411 0 -0.012300558766698146 -0.023613240814735113 -0.16099688592736214 -0.13923211172858832 -0.087115750236105585 0.015190716393512759 -0.05170476116961719 -0.016943628078676561 0.0068095425647131998 -0.045129107032436853 0.0275734337520709 -0.022404607505465645 0.10681852002086269 -0.18347056773702361 -0.047867939509296749 0.004794335620356957 -0.1351826240273607 0.021541311102464929 0.10370856154338186 -0.076187536428053884 -0.17822767196833156 -0.073719953916694878 -0.078103391236566039 -0.083140027196031516 0.060797520684392009 -0.0091878905122330535 0.17237805186957797 0.038265425576544061 0.040274453024858846 -0.017348299028302639 0 0.067660236105451174 -0.049545113216650845 0.050523852314808736 -0.052861431279030049 0.094273209365908439 -0.16589159583110233 -0.064315248600255462 -0.019483468673245491 -0.022356380651723812 0.055924528225640167 0.0048798245414567653
leaf_weight=34131.914972380444 4535.4420180125599 372.83117113384651 689.87311814690474 4481.1165661547566 698.5936621169094 224.62111586707761 5606.0336588463397 4700.8367937791627 432.66973512095865 457.06468310861965 2985.3031726686168 1383.6279752806295 263.58576314977836 923.19460541568696 2757.3139808687556 2893.5271156563249 9264.9164564842067 4340.3915994624404 801.89525237493217 223.70479675824754 614.50349633369478 2942.5386279002996 221.79991303611314 9990.9174106083228 391.40899450145662 2126.7702389163896 430.8287233352894 354.75916208076524 858.82818096026313 1317.177675298648 904.54741213750094 5701.7225442724302 257.83689570327988 8236.965023730183 932.20396593771875 5284.5013168132864 381.43605440290412 232.56208015978336 1379.6333999496419 7395.6274168548407 3750.3926661558216 199.41377124132123 349.86350805163966 3903.96145223247 11094.734419833228 3415.7029186557047 3571.914940925315 13580.904093139339
leaf_count=192034 38100 5815 5407 18350 12402 7858 28631 19451 15892 7063 29098 5260 2040 5186 20131 22033 56051 38357 5034 1406 12038 15826 4219 46318 3476 8936 3721 10168 8258 36894 4416 36611 1336 54941 8943 29010 4566 1512 9451 54839 19359 1512 18670 48183 41867 29433 13952 55125
internal_value=0 -0.00471792 -0.021475 0.00380292 -0.0727711 0.00444595 -0.0138105 -0.0044447 -0.0317528 0.00515728 -0.0592828 0.0135306 -0.0133272 0.00596657 0.025609 0.0027723 0.00474505 -0.0273258 0.0671214 -0.0499921 0.033712 -0.026509 0.00128449 0.00934542 0.0017907 -0.0400719 0.00112309 -0.0357546 -0.0842403 0.0029047 0.0224775 0.00660116 0.0216553 0.0424147 -0.0217261 -0.0305615 -0.0765257 -0.0465517 -0.0188692 0.0387031 -0.0295021 -0.0452845 -0.101218 -0.0423167 0.000674056 0.0151939 0.0311838 -0.00605456
internal_weight=0 131461 44333 87128.1 5753.4 86755.3 38579.6 25367.1 13212.5 86180.8 5054.81 40530.8 6398.92 85342.3 11914.3 73428 70534.4 12779.8 1065.48 1146.9 10767.4 9770.15 61269.5 15597 61047.7 6827.61 60656.3 2781.53 1522.22 57874.8 1259.31 50340.9 14196.5 8494.8 7533.88 6601.68 838.501 1091.39 2069.51 10152.9 5333.43 3949.81 574.485 8244.35 36144.4 11468.7 8053.03 24675.6
internal_count=1119179 893940 316052 577888 56358 572073 259694 119162 140532 545545 43956 225239 33205 533916 93600 440316 418283 124640 7074 6592 87008 44213 362232 74949 358013 28387 354537 28075 13491 326462 14584 251615 92888 56277 74847 65904 11629 9770 14858 74970 26131 20871 26528 86540 158727 61735 32302 96992
is_linear=0
shrinkage=0.5


Tree=57
num_leaves=49
num_cat=0
split_feature=10 10 14 14 14 13 12 11 12 12 11 10 6 3 3 10 16 14 9 13 12 16 6 1 8 16 11 12 10 12 12 12 11 12 11 11 12 12 11 12 11 12 12 12 14 11 12 11
split_gain=25.7152 22.6147 27.8711 21.2917 19.1505 24.9188 17.0241 22.922 22.3165 22.1348 19.0461 17.6979 16.659 33.6446 22.6121 21.6481 28.9561 20.8806 20.3199 19.8223 17.8059 17.9886 17.6844 15.9775 17.551 15.4968 21.2309 63.6591 28.7975 28.0866 64.7112 41.1126 49.8826 21.7987 86.0825 38.3262 114.268 78.6026 48.8407 92.4672 36.1214 34.2986 31.659 25.8342 23.8605 23.6617 21.4123 22.85
threshold=8.9519414901733416 -1.4281006455421446 3.0972577333450322 8.7033944129943865 12.720792293548586 0.52778461575508129 1.5496248602867129 0.59051364660263073 0.83740746974945079 1.6618136763572695 0.70815426111221325 0.89436298608779918 -0.007207767339423298 0.19159823656082156 0.15879228711128238 1.4445252418518069 -2.0722030401229854 5.0252461433410653 -0.0025341740110889073 -0.3549953401088714 1.2305923700332644 -1.1035019159317014 0.0031111345160752539 0.047022730112075813 0.00033224037906620657 -0.21770174801349637 0.9797065556049348 1.5326605439186098 3.5522406101226811 1.1674655675888064 0.8852829933166505 0.98691472411155712 0.71814262866973888 1.4537268280982973 0.84184852242469799 0.81833741068840038 1.6202271580696108 1.6064578890800478 0.55000519752502453 1.6523344516754153 0.38952668011188513 1.5014863014221194 1.3372861146926882 1.6766645908355715 7.1775178909301767 0.48830549418926245 1.6822919845581057 0.64621528983116161
decision_type=2 2 2 2 2 2 2 2 2 2 2 2 2 2 2 2 2 2 2 2 2 2 2 2 2 2 2 2 2 2 2 2 2 2 2 2 2 2 2 2 2 2 2 2 2 2 2 2
left_child=1 2 -1 -2 12 6 8 9 10 -8 -6 -10 14 18 15 -3 -17 -18 22 20 -15 -22 -14 24 -20 26 29 28 -28 30 -25 -32 -33 34 44 37 41 40 39 45 -35 -37 -36 -41 -31 -39 -40 -48
right_child=3 4 -4 -5 5 -7 7 -9 11 -11 -12 -13 13 19 -16 16 17 -19 23 -21 21 -23 -24 25 -26 -27 27 -29 -30 33 31 32 -34 35 42 36 -38 38 46 43 -42 -43 -44 -45 -46 -47 47 -49
leaf_value=0.0039452364366115988 -0.18726101308684298 0.0043568887371665992 0.064936285293989343 0.0024448678861910796 0.42906460307513922 0.18847523403224295 0.44337094175611713 -0.057770446655456796 0 0 -0.0050636804574662082 -0.14486969573257358 -0.065984993050267615 0.046536317411056009 -0.0442172055561166 -0.062829234835213646 0.046462446142020129 -0.0016081245420393481 -0.025974468984129022 0.12142431949416528 0.079735816707120211 -0.01735495189861521 -0.014668651124631133 -0.022345589727173997 0.1325455801699309 0.0040150770879280786 -0.017870571198173157 0.28647663721839034 -0.11919779634683822 -0.04058720407526803 0.14226936291491948 0.11679972145791179 -0.0067897292462750251 -0.047928927446681618 0.0028000093502717591 0.036993838008258915 0.26935835825931809 0.28988590302772804 -0.069268046643044853 0.041978155460324129 0.081913270163460492 -0.091772681963893515 0.09828807178431706 -0.087508956943981489 -0.13391609110046909 0.098183469069462459 -0.041856868539052114 0.15154237978543134
leaf_weight=4872.4174502724782 329.69309748295927 43096.281186739681 3061.5845683533698 258.26573203684529 32.733730306499638 99.964278294588439 54.660780394740868 215.80147055070847 275.73824141710065 55.03770527720917 91.922463612922002 939.53581881092396 2220.6148792308668 3731.6211645269068 2010.1548548246501 817.85287348437123 8833.046282352414 3008.4290098729543 277.73781344013696 542.53799421247095 561.95353117026389 3115.0511343367398 7051.1588386397925 4034.7555912672542 447.94949283148162 44600.726122220745 26451.892400095589 168.65099307335913 721.45322054316057 8680.1346531499876 1233.1288237883709 1248.1726930185687 2336.9306548715103 604.2566277817823 2086.0976784717059 637.61426833015867 273.39841088233516 337.05873186513782 3212.1610722711775 721.35883346688934 4392.7907824773574 2617.4373519609217 1499.537517656805 817.2008958098013 749.30916341918055 330.30937086883932 404.14695885498077 242.11697591794655
leaf_count=19589 9861 181911 11914 34181 791 2567 939 5074 2559 1474 3082 54533 11452 32977 12142 10996 53948 33093 2295 2390 5889 17040 37201 17696 4930 197827 175412 805 21769 41968 5199 5047 10945 2376 10918 2487 1227 1313 14606 3252 17872 11852 6436 4537 8163 1298 2033 1313
internal_value=0 0.00140758 0.0275488 -0.10322 0.000288953 -0.0515203 -0.0663301 0.0350466 -0.0913375 0.221028 0.107463 -0.112212 0.000788722 -0.00242413 0.00782468 0.00971067 0.0278953 0.0342084 -0.00454226 0.0290499 0.0222023 -0.00236306 -0.0270188 -0.00262777 0.0712359 -0.00312751 -0.00812851 -0.0186608 -0.0205835 -0.000215708 0.0242745 0.0634142 0.0361197 -0.00808851 -0.022971 0.00515403 -0.0401662 0.0196582 -0.0185371 0.0406678 0.0661059 -0.0663921 0.0428895 -0.0264859 -0.04807 0.196041 -0.0525169 0.0299481
internal_weight=0 193814 7934 587.959 185880 1765.39 1665.43 325.5 1339.93 109.698 124.656 1215.27 184115 126349 57765.8 55755.6 12659.3 11841.5 118398 7951.16 7408.63 3677 9271.77 109126 725.687 108401 63799.9 27342 27173.3 36457.9 8852.99 4818.23 3585.1 27604.9 13015.1 14589.9 3528.45 11061.4 6064.35 2205.93 4997.05 3255.05 3585.64 1538.56 9429.44 667.368 3858.43 646.264
internal_count=1119179 1075137 31503 44042 1043634 71019 68452 7487 60965 2413 3873 57092 972615 680525 292090 279948 98037 87041 622229 58296 55906 22929 48653 573576 7225 566351 368524 197986 197181 170538 38887 21191 15992 131651 67485 64166 15566 48600 28352 10400 20248 14339 17354 7789 50131 2611 17952 3346
is_linear=0
shrinkage=0.5


Tree=58
num_leaves=49
num_cat=0
split_feature=4 6 1 11 8 15 12 13 8 13 5 8 4 13 6 12 5 0 0 3 13 5 13 13 3 13 13 13 3 6 6 6 0 3 6 13 15 15 12 1 8 15 8 13 0 3 6 6
split_gain=73.331 44.0587 43.3978 38.3808 38.4397 49.3637 43.2708 40.9976 56.4479 37.6872 37.0136 32.4918 30.8618 30.2753 40.0051 28.323 27.8027 23.8746 22.585 62.7074 59.0437 50.3999 22.0389 26.3103 21.4891 21.2528 20.827 20.742 27.9485 23.1893 20.5631 20.4923 21.7742 21.9607 23.9851 20.7141 22.0799 20.6077 19.0488 18.6573 17.9578 17.8551 25.144 23.14 17.5156 19.851 21.1571 17.0983
threshold=0.036371169611811645 0.040877124294638641 0.38984602689743048 1.1659448146820071 0.11821465566754343 5.2534220218658456 0.88165733218193065 -0.59941709041595448 0.018493188545107845 -0.90632930397987355 1.0000000180025095e-35 -0.034788843244314187 0.091045364737510695 -0.90366968512535084 0.28431320190429693 1.6290044784545901 0.040126485750079162 0.66882914304733287 0.80014568567276012 -0.018942499533295628 -0.75830250978469838 0.049689790233969695 -0.24226126074790952 -0.87857630848884571 -0.034102361649274819 -0.59941709041595448 -0.43855114281177515 0.41436211764812475 -0.0042815010529011479 0.12448183819651605 -0.040823508054018014 -0.044838109984993928 0.37605814635753637 0.050947450101375587 -0.017371091991662976 -0.26169064640998835 5.2212600708007821 5.0881967544555673 1.6712988018989565 0.28358817100524908 0.21455493569374087 5.0771710872650155 0.025152095593512062 0.098538830876350417 0.89731135964393627 0.030199826695024971 0.10317760333418848 -0.057912064716219895
decision_type=2 2 2 2 2 2 2 2 2 2 2 2 2 2 2 2 2 2 2 2 2 2 2 2 2 2 2 2 2 2 2 2 2 2 2 2 2 2 2 2 2 2 2 2 2 2 2 2
left_child=1 3 13 4 5 6 -1 8 11 -10 12 -7 24 14 17 41 27 -3 31 -20 -21 -22 23 40 -2 -23 44 38 -29 -30 -14 37 -33 35 -35 -34 -37 -5 -15 -28 -6 42 -8 -44 -26 46 -46 -12
right_child=10 2 -4 18 22 7 15 -9 9 -11 47 -13 30 16 -16 -17 -18 -19 19 20 21 25 -24 -25 26 -27 39 28 29 -31 -32 32 33 34 -36 36 -38 -39 -40 -41 -42 -43 43 -45 45 -47 -48 -49
leaf_value=0.036327284094886898 -0.027226030325946973 0.024683647698589085 0.03222866442671684 0.21118523540284725 -0.039223009457648741 0.089150938026594836 0.016257077521829939 -0.13058960406153361 -0.057338253840499488 0.12411110655119437 0.11257362995171064 -0.10719574280434804 0.27323423110046802 0.0010218145585787874 0.10056305120248753 0.019353531848220085 0.062949037844493058 -0.060522428469683073 -0.22720707111224139 -0.067422821722040061 -0.0024181537934446617 -0.011895603499437352 -0.017707446176439486 0.13289788156171192 0.067661355341569737 0.17215507977476932 0.071234448625273533 -0.16996490324591487 -0.063899187081879083 0.11507830639039994 0.078042597437928102 -0.021670699833041825 0.057807053230922764 0.082954745525472093 -0.046149993232343471 0.029427615609175922 -0.091804026233545694 0.042695003230072026 0.13275548258465883 -0.040657278411258005 0.1269499898959737 -0.040804320537777772 -0.099862773813503114 0.096025932147993848 -0.19842204757656359 0.035536546825927891 0.043741541771073374 0.0026781871329872291
leaf_weight=2802.1758942231536 1491.6949545328971 973.4565100283362 10764.482299617841 223.96865841408726 605.29747989890166 231.43720828252845 3321.9924712703796 2044.0612584089977 487.35009556962177 682.13178614259232 360.88763478770852 2036.904393477249 144.57503076875582 10185.906278545619 497.59454370778985 2721.4972728817374 1866.3528326447122 5016.9963677133201 353.57237782730954 2814.6455924283946 3251.5977064260514 195.56974373827688 1399.6814386381302 790.85178604349494 4607.6516160785686 699.05050785653293 516.23084126552567 411.66329442895949 621.21397691476159 253.49732734868303 2469.3498865147121 4475.6799436929869 4042.3810774052399 447.10375509236474 1793.2569760218612 1251.4650876889937 534.52161110233283 1017.0501027065329 281.29729762242641 1321.8134802791756 220.81758679170161 19716.009143613046 973.01831580116414 175.00709153851494 208.73812796012498 1480.9996918693651 152.76854400266893 17029.836656975443
leaf_count=30444 16030 5461 77873 1881 3858 1891 32843 56425 3925 6084 4054 31590 1187 66660 4205 29308 12449 33973 5332 19251 27694 1253 10228 5182 31205 4661 5413 5405 6913 1413 17771 57184 34841 3266 12743 16249 11141 13528 1952 22676 2430 221961 6959 2550 1329 8784 1064 138660
internal_value=0 -0.00870596 0.00660025 -0.0166819 -0.0261341 -0.0307842 -0.0227145 -0.0744158 -0.0408423 0.0480854 0.0199071 -0.0869119 0.0407907 -0.00709556 -0.0352144 -0.0288828 0.00626415 -0.0465911 0.000411064 -0.0220201 -0.0114948 0.0263583 0.0279396 0.0677482 0.0278118 0.131394 0.0377799 -0.0026989 -0.0626159 -0.0113871 0.0891301 0.0123498 0.0062401 0.0217848 -0.0201363 0.0379852 -0.00660664 0.0736508 0.00462215 -0.00893798 0.00468971 -0.0343318 -0.00566868 -0.0695084 0.0511694 0.00964171 -0.0948689 0.0049938
internal_weight=0 90180.6 30872.5 59308.1 38208.2 35191.6 29709.7 5481.88 3437.82 1169.48 29784.5 2268.34 12393.8 20108 6488.05 26907.5 13619.9 5990.45 21099.9 7314.44 6960.86 4146.22 3016.65 1616.97 9779.9 894.62 8288.2 11753.6 1286.37 874.711 2613.92 13785.4 12544.4 8068.73 2240.36 5828.37 1785.99 1241.02 10467.2 1838.04 826.115 24186 4470.02 1148.03 6450.16 1842.51 361.507 17390.7
internal_count=1119179 871006 216304 654702 445678 423980 324065 99915 43490 10009 248173 33481 105459 138431 43639 293621 94792 39434 209024 58191 52859 33608 21698 11470 86501 5914 70471 82343 13731 8326 18958 150833 135424 78240 16009 62231 27390 15409 68612 28089 6288 264313 42352 9509 42382 11177 2393 142714
is_linear=0
shrinkage=0.5


Tree=59
num_leaves=49
num_cat=0
split_feature=1 2 15 13 3 2 4 13 3 4 0 5 13 4 15 15 16 2 1 13 6 6 4 13 1 13 4 13 16 2 6 1 16 0 5 2 16 13 16 0 13 3 12 11 16 16 0 16
split_gain=43.5317 42.4629 40.2025 33.5064 45.9748 42.0108 56.87 47.8017 33.328 32.4653 30.836 27.9798 34.4774 60.6421 53.2336 37.6157 33.823 35.6306 35.2394 28.379 23.8693 22.8294 23.4114 20.7112 20.4519 29.2024 20.1392 19.7293 19.4407 18.4447 17.6092 17.5317 17.4283 17.2137 16.8589 29.0534 16.3886 16.3682 28.2781 27.1524 27.7113 16.5549 16.3635 16.1686 15.4192 14.9733 14.6984 14.3701
threshold=1.0000000180025095e-35 -0.31291028857231135 5.2801840305328378 0.81818577647209179 0.20867940783500674 0.05635973438620568 0.036371169611811645 -0.22238310426473615 -0.023429893888533112 0.11242178827524187 0.32508996129035955 -0.048691688105463975 -0.65259751677513111 -0.069299325346946702 5.2320768833160409 5.2283360958099374 -1.7382562756538389 -0.082092478871345506 0.26819293200969702 -0.31003560125827784 -0.066775117069482789 0.089980900287628188 -0.020797496661543843 -0.34599959850311274 0.27163159847259527 -0.88465908169746388 -0.13014333695173261 -0.62349388003349293 -1.801511228084564 -0.13342049717903134 -0.081877727061510072 0.24899726361036303 0.2246108874678612 0.78011256456375133 0.099040422588586821 0.21204871684312823 0.15192379057407382 -0.38929471373558039 -1.6203892827033994 0.93818143010139476 -0.64688703417778004 0.12343078479170801 0.80541348457336437 1.2839908599853518 -2.0447008609771724 -1.3784746527671812 0.39277307689189916 -2.8494665622711177
decision_type=2 2 2 2 2 2 2 2 2 2 2 2 2 2 2 2 2 2 2 2 2 2 2 2 2 2 2 2 2 2 2 2 2 2 2 2 2 2 2 2 2 2 2 2 2 2 2 2
left_child=45 -2 3 5 -5 6 11 9 20 30 27 -3 14 26 16 43 31 21 -19 -17 -7 22 46 42 25 28 -14 -10 -12 -23 -8 47 -20 -22 37 -36 -32 38 -26 -40 41 -41 -4 -15 -39 -1 -18 -13
right_child=1 2 23 4 -6 8 7 -9 10 -11 24 12 13 15 -16 19 17 18 32 -21 33 29 -24 -25 34 -27 -28 -29 -30 -31 36 -33 -34 -35 35 -37 -38 44 39 40 -42 -43 -44 -45 -46 -47 -48 -49
leaf_value=-0.11998549170318808 -0.16791284839294512 -0.025045563191478781 -0.25284767997988417 0.036586284658755928 -0.17511790940150976 -0.16609015441354003 -0.2031627032372221 -0.0037371505067783331 0.088692200879076158 -0.14085031828272712 0.029421885351249677 -0.062671934053552592 -0.13163084890713758 -0.0020598850525583392 -0.015308905475280278 -0.0058707998256496211 0.23806206526554494 0.080322131419821155 -0.0021950943537922692 0.033817078876274796 -0.017633883320877775 -0.10089924037785679 0.04937251673567003 -0.0094510913214906744 -0.078393227968878987 0.025340234687211551 -0.040087732667313983 0.031356124633188258 0.19022907446761295 0.08934543591447669 -0.050449717819659144 -0.068745738612108545 0.046400875695069677 0.046950876713673248 0.0051215892433038685 0.12480949599414394 -0.0097366472576539444 0.14399551270363409 -0.0099204740463327175 0.12336343869710122 -0.026468731260139475 0.032173698976651129 -0.063806593513973206 -0.03027243615036497 0.017444183232013712 -0.38468855822715231 0.11513105143181329 0.042639797686002755
leaf_weight=299.5211377828382 372.16855379007757 9412.7127454461297 121.11132244986948 9403.3744436521083 261.93421153677627 249.09934351453558 163.86423158901744 12820.20570105128 2204.700571450172 863.69516812634538 314.15552458819002 438.30973748100223 687.63412906439044 40367.592007392435 7701.6578729914618 6799.810154294828 294.97421370306984 2563.0879224813543 5749.5322455286514 13227.086386141367 8103.5467728383373 279.19558911345666 1447.2339272537502 2536.879653981654 1227.6882791884709 4235.1132580281701 5133.1019501107512 4848.3382883258164 500.68156482919585 231.34673683764413 8014.9284587405855 1021.8619648714666 2703.5271827797405 1178.2607656874461 1377.8831761711044 810.02536071138456 3622.5103324926458 247.80764915701002 12330.763119973359 976.64822899678256 958.96152879204601 1054.6000328976661 2604.5576639304636 5817.5200472775614 8883.6601024186239 68.236195699311793 1747.8882954117144 1213.8008161933394
leaf_count=7633 21791 54639 1464 36688 1233 1514 1314 51636 10777 10536 5476 7863 3103 164624 80923 40951 1604 15424 34001 59406 40027 9942 10747 16242 11562 21344 22854 19755 4102 4298 67341 18965 12603 5494 10588 6325 18269 995 60554 5435 4063 8452 29313 25066 35961 658 22033 13591
internal_value=0 0.000584176 0.00090629 0.00209372 0.0307798 0.000565939 -0.00407974 -0.0253033 0.0129942 -0.0470921 0.0193344 0.000978448 0.00349812 -0.00208022 0.0193418 0.00221427 0.0344552 0.0436898 0.0289388 0.0203171 -0.0135426 0.0841661 0.0986265 -0.0421983 0.0128847 0.0421804 -0.0510088 0.0493597 0.128956 -0.0137084 -0.0401766 -0.0172155 0.0132918 -0.00937726 0.00755679 0.0496986 -0.0378214 0.0039451 -0.00540785 0.000412656 0.0431797 0.076304 -0.0724794 -0.00562497 0.0209486 -0.171366 0.133234 0.0143768
internal_weight=0 197125 196753 191490 9665.31 181825 132323 25485.2 49501.9 12665 39971 106838 97425.2 72032.7 25392.4 66212 17690.8 15016.8 11016.1 20026.9 9530.91 4000.64 3490.1 5262.55 32918 5049.95 5820.74 7053.04 814.837 510.542 11801.3 2673.97 8453.06 9281.81 27868 2187.91 11637.4 25680.1 16548.7 15321 2990.21 2031.25 2725.67 46185.1 9131.47 367.757 2042.86 1652.11
internal_count=1119179 1110888 1089097 1042078 37921 1004157 751733 149096 252424 97460 205389 602637 547998 316004 231994 290047 151071 110652 62028 100357 47035 48624 34384 47019 174857 30922 25957 30532 9578 14240 86924 40419 46604 45521 143935 16913 85610 127022 90066 78504 17950 13887 30777 189690 36956 8291 23637 21454
is_linear=0
shrinkage=0.5


Tree=60
num_leaves=49
num_cat=0
split_feature=3 2 6 6 2 3 4 0 15 6 1 15 8 3 15 8 8 15 8 15 1 6 5 6 8 8 2 1 1 8 1 6 3 2 15 0 4 8 0 6 6 4 2 15 10 1 8 2
split_gain=39.7645 45.1283 39.8307 133.504 34.147 34.8465 30.454 28.5832 27.7951 30.4478 28.554 38.2973 23.1496 21.6381 21.2776 37.8116 33.5593 18.7259 22.1994 18.4791 18.0224 18.4388 17.6912 16.766 16.6849 16.4426 15.7699 15.6638 15.4602 14.8226 15.1977 20.6086 18.3336 16.2556 20.6912 15.8962 15.8381 23.1965 22.8801 14.6269 14.3885 13.7063 13.6946 13.4005 13.0376 12.9196 11.6959 11.6841
threshold=0.005556174088269473 -0.14343192428350446 1.0000000180025095e-35 -1.0000000180025095e-35 0.32408474385738378 0.29936349391937261 -0.056286320090293877 0.77305260300636303 5.2780830860137948 0.25348412990570074 0.61841955780982982 5.2386562824249276 0.037813592702150352 -0.081917975097894655 5.0652480125427255 0.049523528665304191 -0.066624470055103288 5.2683823108673105 0.023865871131420139 5.207853078842164 1.0000000180025095e-35 0.052466088905930526 0.015369810163974764 -0.05326512083411216 -0.040195204317569726 0.081649165600538268 0.14517313987016681 0.34874020516872412 0.31955629587173467 0.23251934349536899 0.20892338454723361 -0.055419024080038064 0.050075737759470947 0.19444649666547778 5.2455747127532968 0.78357321023941051 -0.062394509091973298 0.077596317976713194 0.86624300479888927 -0.016848247498273846 0.055775571614503867 0.11242178827524187 -0.067686028778552995 5.2632253170013437 1.4103046059608462 0.35588723421096807 0.038736591115593917 -0.10634442046284674
decision_type=2 2 2 2 2 2 2 2 2 2 2 2 2 2 2 2 2 2 2 2 2 2 2 2 2 2 2 2 2 2 2 2 2 2 2 2 2 2 2 2 2 2 2 2 2 2 2 2
left_child=1 -1 3 6 5 8 -3 17 9 10 14 -12 -13 -8 15 16 -2 43 24 -7 -9 -22 47 -15 -19 40 27 42 39 30 44 32 -32 36 41 -34 37 -33 45 -25 -10 -35 -17 -4 -16 -39 -21 -18
right_child=4 2 7 -5 -6 19 13 20 25 -11 11 12 -14 23 29 26 22 18 -20 46 21 -23 -24 28 -26 -27 -28 -29 -30 -31 31 33 35 34 -36 -37 -38 38 -40 -41 -42 -43 -44 -45 -46 -47 -48 -49
leaf_value=0.08654124941585517 0.065346103722359994 0.056135093976143434 -0.0103932110680329 0.26451957073969506 0.16390398644827189 -0.28103246268675997 0.039077669177821607 -0.13406247502560675 0.019698191264179432 -0.24197467518447929 -0.18073307764469398 0.032646169920633308 -0.17574545991600349 0.03338071961276546 -0.0051028308307308166 0.25408747286728695 0.05056859297625256 -0.10744171281648131 -0.08414850968019584 -0.030823051739531888 0.0073718418014366779 0.05837271714073565 -0.14255426946657826 0.0029721922555210629 -0.0038594993119656453 -0.049608946075168012 0.29473568796659927 -0.070414756433101716 0.011660530203774814 -0.14448293926538763 -0.015318998706060174 0.021550122438434998 -0.14644516942434974 0.090930975113957965 -0.025273896124684437 0.028381386556363311 -0.013485969241184633 0.10306287220639435 -0.17968496213875956 -0.028041713481434343 0.086321469348091734 -0.044269799536885195 0.038683227210213077 0.035298157444909439 0.030106290103406826 -0.06525396948198639 -0.2356999249199648 -0.07454232182129103
leaf_weight=1718.8856229633384 388.02753287361702 3633.5486935678346 25983.124028406455 531.20873428261257 283.64463041443378 153.7367735747539 4915.8651170720113 185.19312734442065 5139.0703824721277 142.00734840953373 574.65426740671683 629.1113052436267 167.60875788523117 4092.0212989182328 6058.4459765030188 97.488029825384729 209.99056724525872 443.76210201345384 1853.894170589163 333.72424314072123 5884.0640899797145 2553.2994194133935 1036.1123132774082 7978.0143423159607 3189.2914895992726 712.74475968122715 62.547056373674423 234.41087161767064 13204.321818624332 196.91345586103853 1002.8775717044482 6402.0934841851849 717.14337118715048 1205.7189619570854 939.36727178655565 152.8170986805344 50700.600248020186 179.67151476815343 293.38140806747833 7216.7192795433803 971.03975240408909 215.94688561471412 329.39866376336431 1705.2363641725387 4618.3686572446022 307.32103895006003 90.067755151569145 1385.8833984885423
leaf_count=10817 4189 20348 147209 2300 4244 17905 25969 5300 22789 8498 21246 3588 1202 21357 29173 1517 4249 2021 8463 7349 33853 24591 22912 33832 14324 4888 1117 5979 79223 9769 5893 53788 4415 10456 4430 1287 330129 1242 6975 29262 4715 3172 3381 6828 23826 2430 3400 23140
internal_value=0 0.00635472 0.00469445 0.0156562 -0.00889276 -0.00947276 0.0124165 -0.00619618 -0.00863468 -0.0113077 -0.0108788 -0.0824128 -0.0107325 0.00815513 -0.00959284 -0.0463774 -0.0710475 -0.0128711 -0.039575 -0.131831 0.0194263 0.02287 -0.0913627 0.00346014 -0.0166753 0.0219451 0.055817 0.0320537 -0.000834541 -0.00769862 -0.00731976 -0.0103189 -0.0620019 -0.00870295 0.0319035 -0.115164 -0.0103684 0.0115672 -0.069614 -0.0117258 0.0303804 0.0700262 0.0895224 -0.00756 0.0100818 -0.00204644 -0.0759946 -0.0577453
internal_weight=0 85088.4 83369.6 41571.7 85931.9 85648.3 41040.5 41797.9 85070.8 78247.9 78105.9 1371.37 796.72 37406.9 76734.5 3743.86 3020.01 33175.3 5486.95 577.529 8622.56 8437.36 2631.99 32491.1 3633.05 6822.85 723.845 661.298 28399.1 72990.7 72793.8 62116.9 1872.84 60244.1 2361.03 869.96 57883.1 7182.47 780.374 15194.7 6110.11 1421.67 426.887 27688.4 10676.8 486.993 423.792 1595.87
internal_count=1118990 465697 454880 212291 653293 649049 209991 242589 620395 588003 579505 26036 4790 189643 553469 66484 54490 178845 24808 28654 63744 58444 50301 163674 16345 32392 11994 10877 142317 486985 477216 424217 11595 412622 18058 5702 394564 64435 10647 63094 27504 13628 4898 154037 52999 3672 10749 27389
is_linear=0
shrinkage=0.5


Tree=61
num_leaves=49
num_cat=0
split_feature=7 8 16 10 10 15 12 12 15 0 10 1 10 12 10 16 0 10 8 5 15 12 12 12 10 10 16 6 2 8 12 6 10 0 8 7 6 0 5 5 5 16 12 0 5 16 6 10
split_gain=30.0822 28.8159 24.8299 24.1756 23.5313 42.4279 30.6243 36.3401 22.0798 18.1044 17.445 16.9343 19.0853 19.941 16.7473 16.1373 16.101 17.159 16.0659 14.6489 13.8778 13.6201 13.1324 16.2246 14.6166 12.1752 12.0414 11.9122 11.8461 10.7435 10.5634 10.3867 14.9066 11.5218 14.1442 11.2519 14.3049 10.113 9.99239 9.9901 9.98755 10.3238 9.97637 9.85538 9.76617 9.6603 9.64625 9.7101
threshold=0.015891857445240024 0.015828772448003296 -3.2242171764373775 -0.24891947954893109 1.4445252418518069 5.1599538326263437 0.88165733218193065 1.3922175168991091 5.1178460121154794 0.34201133251190191 2.5955644845962529 0.31213584542274481 4.9627878665924081 1.4806107878685 5.1081144809722909 -1.3308955430984495 0.7517179846763612 2.138912677764893 0.059304138645529754 0.019140060059726242 5.2672710418701181 1.6966924667358401 1.5268649458885195 1.4537268280982973 0.087093524634838118 0.3909794688224793 -1.6203892827033994 0.061822524294257171 0.092029403895139708 0.0055857503321021804 1.6766645908355715 0.011454615741968157 -1.1125001311302183 0.58900567889213573 0.10770511627197267 -0.01416919846087694 -0.016848247498273846 0.96348860859870922 -0.047770222648978226 0.031892962753772743 0.022788339294493202 -0.38378863036632532 1.6966924667358401 0.10509806498885156 -0.075466420501470552 -1.6403502225875852 1.0000000180025095e-35 3.1435189247131352
decision_type=2 2 2 2 2 2 2 2 2 2 2 2 2 2 2 2 2 2 2 2 2 2 2 2 2 2 2 2 2 2 2 2 2 2 2 2 2 2 2 2 2 2 2 2 2 2 2 2
left_child=1 2 -1 9 22 26 10 14 18 40 -7 19 15 -14 -8 29 17 -9 -5 38 -11 30 23 -4 42 -20 -6 -28 -25 -13 31 35 -33 34 -34 -3 -37 -21 -10 -12 -2 -42 -24 -16 -38 -39 -19 -48
right_child=3 21 4 8 5 6 7 16 11 20 39 12 13 -15 43 -17 -18 46 25 37 -22 -23 24 28 -26 -27 27 -29 -30 -31 -32 32 33 -35 -36 36 44 45 -40 -41 41 -43 -44 -45 -46 -47 47 -49
leaf_value=-0.073038772572273772 0.014377244395767302 -0.0014724187064850951 0.00091257173844686533 -0.022408785255388777 -0.063764113796049071 0.070657913267508823 0.011562382319051549 0.047261854408313778 -0.076130749859956992 0.036515168973533595 0.24208299393389321 0.13628631219672127 0.071269871955976352 0.36812252945003732 0.20548559123800311 0.016891898314476298 0.021377263519809616 0.081799540855957781 0.12779308881889703 0.015015745872222253 0.1023026846463666 0.064837168075754334 -0.039873656479266592 0.044208345716067181 9.6848825431063851e-05 0.0092976390172910782 0.0036878107574278029 -0.065147292657962791 -0.031541492388088309 0.033194357306201787 -0.078728813444790935 0.049580948817325991 -0.015786662280195388 0.0022177754084088835 -0.094070109079870887 -0.0057010341799187533 -0.095469324703974234 0.21063699793323803 -0.0085809266652792492 0.046483030005822955 0.012830883995862997 -0.11048257105671981 0.048334278089586909 -0.12588339190541567 -0.030591673799693124 0.046159997019794327 0.1201544316801727 0.24655927892847948
leaf_weight=1045.2145892118424 1749.1407830072567 7814.8899118788249 56587.092827491637 8075.832320341171 916.74907934368821 1060.5319767030887 7372.5179249698704 1563.6585863623768 596.78999193338677 8238.6818001959473 292.53730347356759 480.69845521400566 243.26907628298795 75.803495318396017 22.182119215023704 16417.607438349165 1577.7656434395467 738.21645245153923 298.16072404151782 2581.6424559344741 899.7684225840494 575.64615863695508 5059.2327199354768 3568.5367086101323 7179.3511614408344 827.77320835266437 6528.7302234056406 693.70162416022504 594.70637713372707 568.30798501925892 593.3326525867451 1278.1736557818949 4948.5084727510693 12379.603347085023 657.51646683062427 7080.9480088131386 616.46000512418686 132.89882719395973 6969.1998723131255 93.322500121081248 289.57998456433415 387.13980939611793 336.38012355566025 315.33567928921548 12469.951339523599 305.61703464220045 466.070148604922 251.64298644370865
leaf_count=10514 6795 43424 242685 50426 13868 5598 73036 6848 5083 32578 4039 4406 14331 2428 1027 87940 10014 5924 1425 18647 3963 3457 18941 13625 27610 9608 49868 7101 2302 7134 3588 5043 27233 90529 4774 39375 3806 2285 51946 1431 1135 1469 1720 14284 77885 2406 2517 2919
internal_value=0 -0.001458 0.00354234 0.0128587 0.00438899 0.0187736 0.0357131 0.0275646 0.00668886 0.0328597 0.104637 0.0136006 0.0230268 0.144286 0.00650984 0.0207749 0.0627568 0.0841983 -0.0145669 -0.00218975 0.0430578 -0.0114104 8.71037e-05 0.00313828 -0.0146126 0.0412059 -0.00979057 -0.00286256 0.0332627 0.0809964 -0.0123396 -0.0114937 -0.00252808 -0.00626163 -0.0250726 -0.0176476 -0.0238904 0.0271875 -0.0139846 0.196311 -0.00535345 -0.0570358 -0.0342739 -0.102086 -0.0336931 0.0975107 0.123465 0.165451
internal_weight=0 144679 96263.5 49137.9 95218.3 21893 13753.8 12307.4 37573.6 11564.3 1446.39 28371.8 17785.7 319.073 7710.04 17466.6 4597.35 3019.59 9201.77 10586.1 9138.45 48415 73325.3 60750.3 12575 1125.93 8139.18 7222.43 4163.24 1049.01 47839.4 47246.1 19263.8 17985.6 5606.02 27982.2 20167.4 3020.16 7565.99 385.86 2425.86 676.72 5395.61 337.518 13086.4 438.516 1455.93 717.713
internal_count=1118990 814985 515871 304005 505357 198474 127637 116569 258065 45940 11068 196606 116239 16759 88347 99480 28222 18208 61459 80367 36541 299114 306883 258612 48271 11033 70837 56969 15927 11540 295657 292069 127579 122536 32007 164490 121066 23338 57029 5470 9399 2604 20661 15311 81691 4691 11360 5436
is_linear=0
shrinkage=0.5


Tree=62
num_leaves=49
num_cat=0
split_feature=2 4 7 14 11 12 12 5 6 7 7 1 0 5 14 2 6 3 6 7 3 0 5 3 3 0 2 0 3 14 1 14 2 6 11 14 0 2 6 14 3 0 1 2 1 6 7 7
split_gain=62.5783 54.5748 39.573 33.0776 33.7826 57.0941 34.2752 28.2315 27.8464 52.1381 33.4242 30.8825 25.4937 25.4633 24.0014 23.1216 20.963 19.8761 19.6891 19.0132 17.3155 32.8115 17.0519 32.6595 44.5731 23.3775 20.8837 21.8222 38.7289 22.2073 26.457 20.6686 24.5819 18.0176 16.7546 16.4188 21.4342 15.991 16.2375 15.7548 14.8408 13.9965 17.9859 18.6755 16.8293 14.5952 19.9834 13.7187
threshold=0.19444649666547778 0.025752031244337562 -0.076989170163869844 1.1671456098556521 1.321431636810303 1.1355471014976504 1.6712988018989565 0.0212318878620863 0.00032466049015056347 0.029324158094823364 -0.01516575366258621 0.55999639630317699 0.91869372129440319 -0.071073345839977251 35.385112762451179 -0.46352775394916529 0.25348412990570074 0.061105359345674522 -0.057912064716219895 0.012344199698418381 -0.029781169258058068 0.66468214988708507 0.037919562309980399 0.10733608528971673 0.016804485581815246 0.87127730250358593 -0.17716649174690244 0.9307028353214265 -0.0073582413606345645 3.721785426139832 1.0000000180025095e-35 5.5699808597564706 -0.080413240939378725 0.0012295409105718138 0.68810558319091808 7.5329182147979745 0.51020121574401867 -0.0021540002198889847 0.040877124294638641 3.4286806583404545 0.19159823656082156 0.47362974286079412 0.32405392825603491 0.11148958653211595 0.25699551403522497 0.094719186425209059 0.036928696557879455 -0.011751209385693072
decision_type=2 2 2 2 2 2 2 2 2 2 2 2 2 2 2 2 2 2 2 2 2 2 2 2 2 2 2 2 2 2 2 2 2 2 2 2 2 2 2 2 2 2 2 2 2 2 2 2
left_child=1 2 -1 17 6 -6 13 -2 9 10 -3 41 18 -5 15 -15 22 -4 19 -12 21 -20 26 24 -24 -26 47 29 -29 37 -31 32 -25 -30 -8 36 -22 -28 -39 -13 -41 44 43 -43 -10 -44 -47 -17
right_child=7 8 3 4 5 -7 34 -9 11 -11 12 39 -14 14 -16 16 -18 -19 20 -21 35 -23 23 31 25 -27 27 28 33 30 -32 -33 -34 -35 -36 -37 -38 38 -40 40 -42 42 45 -45 -46 46 -48 -49
leaf_value=0.096826609730852123 -0.10136308819164783 0.045035121226449544 -0.059824464659327961 0.036763494896811556 0.037064527428379068 -0.28517625842976563 0.072822326569263449 -0.025479110813619515 0.056338201000592218 0.11266202584867069 0.19640401981248706 0.12080655084418561 -0.11281466135008551 0.13755217234395367 0.11204312748095462 0.076987889310992721 0.063398784485109438 -0.0071784977935951321 -0.046360024455284803 -0.017210983407412086 -0.081483203696283105 -0.28041625061500852 -0.0255777545435678 -0.030266054095152498 0.026260032124569496 0.098951815247764641 -0.015421697453238457 -0.16978526464297325 -0.10708722626306616 0.12619575921310106 -0.0089845996728660071 -0.061506584019189722 0.044911802863947428 -0.025549292018689541 -0.087705762554302277 0.039316104784987357 0 -0.064669561761258224 -0.0095406577177418236 0.07532638959841792 -0.032162529942702293 0.01780450743790957 0.02983036440620743 -0.055400221334745703 -0.02975845127491351 0.12416778081335242 0.029523330355536465 0.00096397721323098135
leaf_weight=924.92070479970425 2016.1765412676614 1847.3634153341991 4486.8264984698035 2865.590857212781 6488.8308157629217 139.13784487225348 1770.722922783345 3188.8728638926987 738.4812137351837 876.10625807731412 199.79304999753367 1202.2751878958661 828.56551795382984 255.03454748773947 389.34585005440749 789.50281914672814 884.55505970073864 3024.8996662510326 1246.0078509279992 208.08702805626672 1250.9095518512186 171.07068569317926 2919.4865655516041 3200.8883197726682 3100.0350919512566 1743.6045847930945 6892.3487439129385 596.84591913508484 782.65038705297047 367.07518043834716 20538.97618429194 2401.2338727299357 1643.6341579947621 5324.5934915815014 175.38892632134957 1166.213355464628 2238.7540749555337 4959.1069328314625 1859.177979255328 1083.3120575703797 447.97215697402135 5923.2995328225661 7887.5385890571051 1018.6593971699476 2417.4210561780492 1097.7295412011445 1169.6954953657696 2435.7903288921807
leaf_count=6388 15728 22371 73373 26200 55424 1594 16044 18533 5776 9032 2803 8292 7215 3246 4917 4573 6943 19886 17750 2537 19077 2698 37135 17008 26033 11414 83236 6969 7739 2757 183928 24814 8795 35625 2449 8861 22894 89389 15960 7605 3901 41070 63826 5977 31892 6139 7409 15765
internal_value=0 0.00107143 -0.00591108 -0.0071058 -0.00382654 0.0301825 -0.00725526 -0.0549826 0.0182067 -0.00372745 -0.0149291 0.0278018 -0.0301568 -0.00925165 -0.0114191 -0.0122211 -0.0128637 -0.0386948 -0.0194962 0.0864262 -0.0267057 -0.0751459 -0.0140058 0.000537469 0.0231018 0.0525457 -0.018917 -0.0219474 -0.0480962 -0.0168676 -0.00658122 -0.0235689 -0.00465276 -0.0360962 0.0580607 -0.011842 -0.0290882 -0.0325142 -0.0497142 0.0777459 0.0435541 0.0210326 0.0266873 0.00698404 -0.00944199 0.0401053 0.0755985 0.0197465
internal_weight=0 113979 80960.2 80035.3 72523.6 6627.97 65895.6 5205.05 33019.3 10032.9 9156.76 22986.4 7309.4 63949.5 61083.9 60694.5 60439.5 7511.73 6480.84 407.88 6072.96 1417.08 59555 15008.9 7763.13 4843.64 44546.1 41320.8 6704.09 34616.7 20906.1 7245.76 4844.52 6107.24 1946.11 4655.88 3489.66 13710.6 6818.28 2733.56 1531.28 20252.8 17096.9 6941.96 3155.9 10155 2267.43 3225.29
internal_count=1118990 1084729 787604 781216 687957 57018 630939 34261 297125 115238 106206 181887 83835 612446 586246 581329 578083 93259 76620 5340 71280 20448 571140 125199 74582 37447 445941 425603 50333 375270 186685 50617 25803 43364 18493 50832 41971 188585 105349 19798 11506 162089 124421 47047 37668 77374 13548 20338
is_linear=0
shrinkage=0.5


Tree=63
num_leaves=49
num_cat=0
split_feature=3 6 3 6 3 0 14 13 16 6 3 14 0 13 7 13 15 13 13 15 2 7 0 13 7 13 0 16 7 13 0 13 13 0 7 6 0 13 16 14 13 4 14 16 6 0 13 16
split_gain=50.0947 48.4546 42.1899 36.6722 58.8452 69.7052 52.9193 41.0206 55.3433 37.3008 36.1966 36.4024 39.5814 45.0119 29.0049 28.7383 24.1266 32.3184 28.981 23.5326 23.4676 23.1291 22.6518 22.6016 22.5037 59.4651 22.1861 20.6189 20.1977 23.3828 19.7202 31.7967 20.8337 19.5225 19.3668 18.6441 18.5886 29.6139 38.9554 21.0442 17.8808 26.5429 17.7481 17.2948 17.2273 16.9763 16.8353 16.6101
threshold=0.33195184171199804 -0.035391177982091897 -0.037761643528938287 0.019772394560277465 0.046477625146508224 0.80991113185882579 4.4557139873504648 -0.55379930138587941 -1.7795858979225156 0.077314544469118132 0.10313148051500322 5.6880414485931405 0.68545088171958934 -0.3549953401088714 -0.0069527784362435332 -0.45373827219009394 5.1178460121154794 -0.86027285456657399 0.72429212927818309 5.1691939830780038 0.13791188597679141 0.025279444642364982 0.89962595701217662 0.23320297151803973 0.012960134074091913 -0.31854520738124842 0.70163989067077648 0.17662227153778079 -0.0058013347443193189 -0.80703252553939808 0.51020121574401867 -0.81838896870613087 0.52778461575508129 0.91672900319099437 0.032107325270771987 -0.0064940277952700845 0.92886182665824901 -0.73999726772308339 -1.3470091223716734 4.5016665458679208 -0.26169064640998835 0.061074286699295051 3.3025748729705815 0.25064590573310858 0.10317760333418848 0.95370450615882885 -0.79528644680976857 0.52922904491424572
decision_type=2 2 2 2 2 2 2 2 2 2 2 2 2 2 2 2 2 2 2 2 2 2 2 2 2 2 2 2 2 2 2 2 2 2 2 2 2 2 2 2 2 2 2 2 2 2 2 2
left_child=1 2 30 10 16 15 9 8 -8 43 24 12 13 -12 23 26 17 22 36 -14 -2 -13 -5 -4 28 34 -6 -10 35 33 32 -32 -1 -30 -26 -3 40 38 -38 -40 41 42 47 -7 -39 -9 -45 -18
right_child=20 3 14 4 5 6 7 45 27 -11 11 21 19 -15 -16 -17 18 -19 -20 -21 -22 -23 -24 -25 25 -27 -28 -29 29 -31 31 -33 -34 -35 -36 -37 37 44 39 -41 -42 -43 -44 46 -46 -47 -48 -49
leaf_value=-0.10316349943932139 -0.23162509101163875 -0.011015709424354118 -0.070820284262877342 0.070295213165906159 0.073597037181081473 -0.072531248771500412 -0.17062304998186395 -0.032839665421558195 0.007443138534647357 -0.12910683783783089 0.16114695245998026 0.098327762197621724 0.030831400635408152 -0.014512683848627897 0.0024896097449917712 -0.021145594038143943 -0.045799980397882453 0.014436413743865123 0.049202002121394556 -0.04043188576375345 -0.040951406380550698 -0.097594638620799951 0.25779480849289299 0.01850219218688191 -0.030627119863706975 0.01240626923297514 -0.0024865265943428794 0.088220037990821523 0.044962963159462715 0.01312420377527021 0.15069487742391904 -0.049519857020894245 -0.0033154664929790139 0.20397481508451379 -0.091430712567526148 0.010306889336637079 -0.066191768023906361 0.014084590689195133 0.097261863557963707 0.28880940677361056 0.0049357299045565449 -0.099122555502781498 -0.00085726045973344173 0.07458619877183624 -0.12165668489109631 -0.12504558793771928 -0.040930443745389587 0.020887128252644025
leaf_weight=2779.5257938458817 331.24591612015502 17455.221496918937 2802.7909297690494 1052.6652013979037 2189.5550953295024 3629.5194752546377 360.20931229073904 1241.1779086645693 2375.0072235612606 2388.4561791396118 875.44132505171001 2586.8868299270107 2278.0402697455138 615.95404553506523 11213.917898017506 3699.5747801265679 5889.3193684216822 9854.7960141398944 2453.84049587138 2350.7447412706097 329.38908662321046 156.61590872856323 193.51314157337765 936.23758110590279 5661.3604559076484 11672.532609616173 1681.0259040305391 1194.8639025922166 3828.0392656733748 38258.502445751335 243.29821988986805 1044.386327290209 656.23190152272582 204.72929202509113 1724.1376229313319 24819.868763056467 230.48460828582756 2326.4035933029372 382.60428359010257 242.33664226927795 9762.336611464154 1048.243489522516 8165.407810879522 427.91065510874614 258.81131422787439 858.76038018870167 1180.3376822259743 1097.8565503736027
leaf_count=18593 18264 82884 14695 8044 12177 30614 17794 5997 40727 31820 5124 22766 14021 2522 58066 15198 40795 42364 9553 18727 3354 1586 2990 3706 30056 47838 14552 11644 30550 176218 1607 4862 2619 1451 9466 119139 6519 11549 2979 2233 39947 10006 53144 3192 1992 4717 5625 4704
internal_value=0 0.000293591 -0.0232391 0.00291741 -0.00661469 -0.0281545 -0.0494925 -0.0143837 0.0156582 -0.0771818 0.00836082 0.039036 0.0174742 0.0883025 -0.0101848 0.0102739 0.00401717 0.0240943 -0.00296367 -0.00525283 -0.137517 0.0869296 0.0999954 -0.0483216 0.0057318 -0.00977633 0.0404321 0.034637 0.00923273 0.0169595 -0.064448 -0.0112152 -0.0842445 0.0532079 -0.0448998 0.00149099 -0.00733559 0.0271494 0.107733 0.172681 -0.0119257 -0.0221166 -0.0167502 -0.0533881 0.000260127 -0.0708264 -0.00985669 -0.0352488
internal_weight=0 196349 19676.4 176673 64185 21226.4 13656.2 6030.02 3930.08 7626.22 112488 8863.68 6120.18 1491.4 14952.9 7570.16 42958.6 11101 31857.6 4628.79 660.635 2743.5 1246.18 3739.03 103624 19058 3870.58 3569.87 84566.4 42291.3 4723.44 1287.68 3435.76 4032.77 7385.5 42275.1 29403.8 3440.64 855.426 624.941 25963.2 16200.8 15152.6 5237.77 2585.21 2099.94 1608.25 6987.18
internal_count=1118990 1097372 104148 993224 430876 194057 152130 80879 70165 71251 562348 64746 40394 7646 76467 41927 236819 53398 183421 32748 21618 24352 11034 18401 497602 87360 26729 52371 410242 208219 27681 6469 21212 32001 39522 202023 173868 25272 11731 5212 148596 108649 98643 39431 13541 10714 8817 45499
is_linear=0
shrinkage=0.5


Tree=64
num_leaves=49
num_cat=0
split_feature=16 8 5 2 1 8 15 16 8 8 16 8 15 16 1 6 15 8 8 16 15 16 1 16 16 15 8 6 6 1 8 16 9 4 11 12 15 16 15 1 15 16 1 16 8 16 15 6
split_gain=28.6168 22.5567 22.0284 25.9264 23.5684 23.6517 23.9462 52.4143 44.1316 30.7372 21.4069 20.6686 18.8192 18.4748 39.3673 19.3789 17.7908 21.5341 17.3518 32.741 33.0151 36.9136 27.7093 85.568 33.1365 30.4731 27.85 22.1945 22.0099 17.0618 16.9325 16.1698 15.4848 15.4451 15.4307 16.2614 14.9165 14.9028 20.3775 14.6307 14.0458 26.4242 25.4913 21.3316 17.7011 27.5904 19.0275 16.1437
threshold=0.89833796024322521 0.25546276569366461 -0.014486900530755518 0.1868558079004288 0.71445611119270336 -0.0023729194654151793 5.1669800281524667 -1.0627709627151487 -0.10282425582408904 -0.10282425582408904 -1.2409567832946775 -0.0509224385023117 5.2212600708007821 -2.4124492406845088 0.32405392825603491 0.011093442793935539 5.0588650703430185 -0.04372738674283027 0.0098991938866674917 0.34045864641666418 5.2371833324432382 -0.7163884937763213 0.4362910687923432 -1.1293942928314207 0.60491245985031139 5.2455747127532968 0.059304138645529754 0.015566501300781967 0.044873043894767768 0.2450736463069916 0.023282015696167949 -1.5648467540740965 -0.0020917549263685937 -0.082313414663076387 1.2744964361190798 1.1674655675888064 5.21044945716858 -0.30674299597740168 5.2428195476531991 0.48273062705993658 5.2428195476531991 -0.89711341261863697 0.33576202392578131 -1.5828343629837034 0.029105271212756637 -0.38378863036632532 5.2220757007598886 0.13867399096488955
decision_type=2 2 2 2 2 2 2 2 2 2 2 2 2 2 2 2 2 2 2 2 2 2 2 2 2 2 2 2 2 2 2 2 2 2 2 2 2 2 2 2 2 2 2 2 2 2 2 2
left_child=1 2 3 13 5 6 7 -4 -9 12 -3 -2 -8 14 15 -1 -10 -18 19 20 21 32 40 25 26 27 28 31 -25 36 -26 -24 -7 -22 -11 -36 -17 38 -28 -21 44 42 -42 -44 45 46 -20 -46
right_child=11 10 4 -5 -6 18 9 8 16 34 -12 -13 -14 -15 -16 29 17 -19 22 39 33 -23 23 24 30 -27 37 -29 -30 -31 -32 -33 -34 -35 35 -37 -38 -39 -40 -41 41 -43 43 -45 47 -47 -48 -49
leaf_value=0.0094200593803603315 0.18781746341092412 -0.24081955583992007 0.0079495304245130721 0.070292413525344113 -0.17369101067881215 0.098038634894314053 -0.020759148937891544 0.2516470109571145 -0.14993744756684912 0.0076666236926469528 0.095204463937225467 -0.093589471431113277 -0.22178734027626124 0.0089508773278351127 -0.22514980449745511 0.022588869445001505 0.0018500340137869286 -0.083763884864523575 -0.014339753702799359 -0.14791922023306836 0.10973508860647681 -0.099966985352150692 -0.21632679869954322 0.0092412942227799947 -0.029663797176816609 -0.3489951029649993 -0.040965732736497722 -0.28741998853203532 -0.094603821827520335 -0.17505360724065011 0.14205653167198731 -0.020926212259964098 -0.025714965834444287 0.0014727795925759889 0.040912822919129933 -0.090152990122528351 -0.087693965933786366 -0.030901174101473104 -0.1728394239926202 -0.035605411493193385 -0.015895396005279245 0.010613799977913438 -0.18774269180047168 -0.053854203387689106 0.020738513642977966 -0.088858782968800981 0.050708200162391699 -0.1092074095023932
leaf_weight=2997.7596634021029 65.830826525751036 175.19445322875981 8014.2930861182103 1592.5813132979092 199.13877138770476 259.05818279646337 251.78357312368462 105.52089149260428 591.10461943093105 32073.031478962686 60.005991263955366 1116.13585003349 217.63773833290907 51096.800312099251 225.13462652848102 570.97601334552746 1054.0492133182124 2195.7063349173404 4737.4624475503806 722.30427185632288 340.24928571470082 1929.4390715276386 144.46407411550172 4604.7258807688195 193.3909128576779 196.01653341681231 597.24119268442155 160.3248171248124 559.78690292383544 260.7481904142478 473.52998548933829 387.69097365913331 4735.9260837254114 6215.5304094715975 5573.9390459663118 238.87184450961649 620.21657789259916 1481.4254993513168 576.27992123551667 491.74209988457733 6374.7351898307097 7348.471330853994 381.35838948396849 1321.5964731475688 14371.983391458809 973.16798180266051 1434.415015449631 236.02994615791249
leaf_count=11894 1132 11953 42071 10912 8849 1807 1205 1020 21832 158139 1429 25871 1003 316819 2820 3718 15593 44689 24725 11363 1822 23544 2046 35162 3963 2246 7487 4980 8491 2344 6950 2603 22098 25455 28315 1305 3898 12122 3337 7872 30926 31430 2801 5750 92248 15478 5582 9891
internal_value=0 -9.1261e-05 0.000119298 0.00800737 -0.00392498 -0.00361596 0.00432894 -0.014991 -0.0616943 0.0103668 -0.152955 -0.0773523 -0.115287 0.00621869 -0.0235343 -0.0131739 -0.0704949 -0.0558509 -0.0101508 -0.0249895 -0.0179288 -0.0417728 -0.00545608 -0.0295051 -0.0141303 -0.175619 -0.0232176 -0.125396 -0.00193489 -0.0601378 0.0915508 -0.0752063 -0.0191792 0.00718304 0.0119398 0.0354271 -0.0344421 -0.064415 -0.106238 -0.102901 0.000595291 -0.0108151 -0.0303697 -0.0842202 0.00870984 -0.0114363 0.000703712 0.0185977
internal_weight=0 169363 169128 57364.2 111763 111564 50315.9 11960.7 3946.38 38355.3 235.2 1181.97 469.421 55771.6 4674.84 4449.7 3840.86 3249.76 61248.3 14694.2 13480.2 6924.42 46554.1 9374.88 8486.38 888.496 7819.46 692.48 5164.51 1451.94 666.921 532.155 4994.98 6555.78 37885.8 5812.81 1191.19 2654.95 1173.52 1214.05 37179.2 15426.2 8077.69 1702.95 21753.1 7145.05 6171.88 14608
internal_count=1118990 1091987 1078605 352405 726200 717351 315172 125205 83134 189967 13382 27003 2208 341493 24674 21854 82114 60282 402179 93961 74726 47449 308218 89387 77512 11875 66599 9629 43653 9960 10913 4649 23905 27277 187759 29620 7616 22946 10824 19235 218831 70907 39477 8551 147924 45785 30307 102139
is_linear=0
shrinkage=0.495


Tree=65
num_leaves=49
num_cat=0
split_feature=12 11 11 12 12 11 12 12 11 12 12 11 11 11 12 12 15 12 11 11 12 11 12 12 16 11 12 12 12 11 11 12 12 11 11 12 11 12 12 11 12 11 11 12 11 12 11 12
split_gain=25.0888 28.7533 15.8093 65.4062 68.9666 19.6982 774.5 177.629 110.253 48.3712 48.6368 86.0111 59.8001 41.3849 106.21 63.3968 60.2798 48.1146 46.3291 71.7678 69.4407 39.4602 33.7561 33.0371 32.4687 32.3423 62.2983 49.4879 31.6436 158.416 47.6268 231.467 51.5942 51.1385 37.6149 36.5112 30.3221 61.9547 30.1238 26.3139 102.294 25.0928 23.1324 116.056 135.146 33.3564 56.2544 61.8028
threshold=1.7201604843139651 0.57911920547485363 1.3748100996017458 1.0331578850746157 0.94259551167488109 1.3287029862403872 1.1076769232749941 0.83740746974945079 1.3430224657058718 1.068324148654938 0.94587084650993358 0.84633857011795055 1.2603433728218081 1.1027879714965823 0.88844168186187755 0.71896329522132885 5.2689497470855722 0.88844168186187755 0.63565436005592357 0.92783662676811229 0.91554394364357006 1.3119781017303469 1.0934188961982729 0.97637259960174572 -0.45101097226142878 0.8923761546611787 0.68729963898658764 0.71896329522132885 1.3244867324829104 1.2127778530120852 1.0855751633644106 1.4666116237640383 1.4126100540161135 1.1194468140602114 0.34531402587890631 1.5790874361991885 0.34531402587890631 1.2422215938568117 0.91028544306755077 0.52025413513183605 0.78714978694915783 1.3382913470268252 1.2256453037261965 1.2536233067512514 1.2651347517967226 1.2137923836708071 0.64621528983116161 1.1557467579841616
decision_type=2 2 2 2 2 2 2 2 2 2 2 2 2 2 2 2 2 2 2 2 2 2 2 2 2 2 2 2 2 2 2 2 2 2 2 2 2 2 2 2 2 2 2 2 2 2 2 2
left_child=2 -2 5 4 -4 9 7 -7 -8 10 13 23 -13 14 16 -15 25 -17 20 38 -16 -14 -9 -12 -18 26 -1 -27 36 30 34 32 -32 -34 35 -30 37 -11 -20 40 -28 -24 45 -44 -45 46 47 -38
right_child=1 -3 3 -5 -6 6 8 22 -10 28 11 12 21 15 18 17 24 -19 19 -21 -22 -23 41 -25 -26 27 39 -29 29 -31 31 -33 33 -35 -36 -37 42 -39 -40 -41 -42 -43 43 44 -46 -47 -48 -49
leaf_value=0.085904225724946048 0.037478166288402628 0.28612178809331751 0.22279770559891915 0.32267919115330035 -0.12705291957083836 0.57006801061248857 0.36661367953595414 -0.10261650046595208 0.86924104670082858 0.24002599924765383 0.23340346926594027 0.0054481988692806705 0.10704996633232694 0.21176276162062202 -0.10833225256726488 0.004102772853322118 0.021331759725739287 -0.056041981163601644 0.14899176787828727 0.066327423699113278 0.22613300461117608 -0.019244557850027457 -0.067491140624871437 0.090758785940845119 0.16577472327497503 -0.054534596220612783 0.33509403536774351 0.054333777123514615 -0.080951562746564745 0.41696015376054829 0.0032497402164415883 0.55771259082565605 0.037970743966654716 0.36123604315849922 0.0015116402233894938 0.13957614154648632 0.14831889014975297 -0.024648945147187986 0.32720554576632987 -0.056064049187455681 -0.050406515939805226 0.31716686407191641 -0.052526771540359507 0.036011322616997715 0.51114936761636509 -0.020871863148048293 -0.0042498929958262408 0.003477239405038835
leaf_weight=1014.8125586600072 454.96356110950001 154.11613813834265 207.66856339131482 190.71474641002715 406.47879700921476 99.103526638806215 241.86458508652868 4903.2462112385983 202.35890566406306 353.0074772912194 501.81028224836336 12654.679740737454 2701.2345832170249 286.49371145077748 539.37245396571234 7185.9554792421695 787.14910318964394 5941.5067288466671 512.14183781540487 1833.4457600123424 210.44256117800251 773.01393370784353 79.343298113351921 2062.8199600641965 755.8881857523229 1460.2685399205948 211.43849278253037 3391.1990440026857 2157.3785219921847 225.50135296396911 3204.7485572696605 211.72542179422453 290.52714759483933 208.32633743993938 67901.221976639121 198.67652224935591 1317.2367670294479 550.95502226706594 454.78359722258756 6557.7748657907941 812.99861924734432 81.954549738467904 8793.6233452338056 726.23288917384343 183.77682549197925 26474.384175878105 21670.612927952359 1611.4752893448458
leaf_count=4259 2557 1694 1058 1454 1926 476 2103 68382 1180 1634 2504 77918 26854 1236 2521 39473 4270 50631 2214 9190 1099 10542 1116 9646 4007 6402 912 14492 11857 1386 16589 1125 1311 1159 319859 858 5625 3482 2294 29578 3945 1063 79218 4142 1052 151046 124162 7489
internal_value=0 0.10157 0.00101965 0.0702128 -0.00777943 0.000727165 -0.0281719 -0.082253 0.598127 0.00159786 0.0146583 0.0347153 0.0212852 0.00290904 0.0180735 -0.0180152 -0.000126797 -0.0230833 0.0950463 0.124315 -0.013626 0.0788098 -0.0952254 0.118942 0.0924722 -0.0107942 -0.0290529 0.0214584 -0.0032597 0.00360824 0.00233928 0.0554673 0.0264788 0.174413 -0.000615163 -0.062094 -0.0115516 0.0783136 0.233576 -0.0445135 0.0289253 0.125652 -0.0128976 -0.0350684 0.132965 -0.00867496 0.00443183 0.0688195
internal_weight=0 609.08 193141 804.862 614.147 192337 5607.87 5163.65 444.223 186729 50649.2 18693.6 16128.9 31955.7 18541.7 13414 14991.5 13127.5 3550.19 2800.37 749.815 3474.25 5064.54 2564.63 1543.04 13448.5 8597.02 4851.47 136079 74398.1 74172.6 3915.33 3703.6 498.853 70257.3 2356.06 61681.3 903.962 966.925 7582.21 1024.44 161.298 60777.3 9703.63 910.01 51073.7 24599.3 2928.71
internal_count=1118990 4251 1114739 4438 2984 1110301 74320 71037 3283 1035981 303987 127464 115314 176523 85183 91340 67865 90104 17318 13698 3620 37396 70561 12150 8277 59588 38694 20894 731994 354144 352758 20184 19059 2470 332574 12715 377850 5116 4508 34435 4857 2179 372734 84412 5194 288322 137276 13114
is_linear=0
shrinkage=0.495


Tree=66
num_leaves=49
num_cat=0
split_feature=16 1 6 7 7 15 8 13 13 9 9 9 1 8 13 13 14 16 1 8 15 0 15 8 9 1 16 0 16 9 8 15 0 1 1 13 6 0 1 7 0 7 16 13 13 13 8 13
split_gain=75.3535 85.3137 77.0823 76.5782 62.6054 62.508 88.6256 65.7571 60.6403 57.357 57.5177 77.5315 54.3676 54.0084 47.2758 51.9703 97.0571 84.2785 79.7345 75.4895 124.658 63.8294 48.0736 41.6414 37.8624 36.7098 41.185 34.8625 33.4484 32.6216 32.0429 36.3189 31.6994 35.9608 31.6767 31.3105 30.6221 39.3839 33.737 40.4088 35.9807 33.5725 29.4772 28.55 44.5632 39.7548 58.929 33.9399
threshold=-1.1980597376823423 0.2950428724288941 0.020680853165686134 0.033573394641280181 -0.023684551939368245 5.2716903686523446 0.014766321051865818 -0.77125626802444447 0.46346206963062292 -0.00091849619639106084 -1.0000000180025095e-35 1.0000000180025095e-35 0.080634929239749922 -0.040195204317569726 0.21947422623634341 -0.74459007382392872 2.6669582128524785 0.18864779919385913 0.43310043215751654 0.0035714848199859266 5.1658551692962655 0.83112466335296642 5.1726315021514901 0.15956523269414905 0.00032232099329121416 0.49267813563346868 -2.4497064352035518 0.91672900319099437 0.034569222480058677 -0.00032006797846406693 0.012755911331623794 5.1979954242706308 0.70567047595977794 0.40120635926723486 0.37561376392841345 -0.64094004034996022 0.097457390278577818 0.92886182665824901 0.64783906936645519 -0.017769785597920414 0.71749213337898265 0.04586326330900193 -0.16420018672943112 -0.45373827219009394 -0.92545169591903675 -0.69003060460090626 0.066859286278486266 -0.86327719688415516
decision_type=2 2 2 2 2 2 2 2 2 2 2 2 2 2 2 2 2 2 2 2 2 2 2 2 2 2 2 2 2 2 2 2 2 2 2 2 2 2 2 2 2 2 2 2 2 2 2 2
left_child=1 9 3 4 -3 14 7 13 23 -1 29 12 -12 -7 15 17 21 18 -2 20 -18 -17 -21 43 -13 26 34 -16 35 -11 31 -23 33 -4 -6 -24 37 38 39 -20 -40 -41 -22 44 -8 47 -47 -46
right_child=5 2 32 -5 25 6 8 -9 -10 10 11 24 -14 -15 27 16 19 -19 36 22 42 30 28 -25 -26 -27 -28 -29 -30 -31 -32 -33 -34 -35 -36 -37 -38 -39 40 41 -42 -43 -44 -45 45 46 -48 -49
leaf_value=0.065824185496655821 -0.025617465371043403 0.15323680213518356 0.10271597192357632 0.26041004708907273 0.044724686996914925 0.31644175358538884 -0.054552925704323921 -0.24746869413637845 -0.25673067272445338 -0.0076475150602530106 0.027585088483466025 -0.039001715917087745 0.15664127882081635 -0.09415324239267539 -0.074509550004939418 -0.071654611835205786 0.04808428851137684 -0.051403223066025683 0.1087846993614332 0.027326813056780291 -0.11919846114521165 0.021328446697818894 0.15714377594197335 0.2942943081334366 0.015229437193366042 0.10407648422562758 -0.022621137323413872 0.016319290743294891 0.15131465471915148 -0.061642653766210309 0.078568298356226654 -0.14559655692401477 0.066095412369051698 0.27808696296242064 0.28577739592133294 0.040235569143120306 0.099931601395613148 -0.028612903338949353 0.30322014044595774 0.0007518848745284544 0.062535859754034057 0.18109146180515742 -0.02752185763024758 -0.10035280868480062 0.059372816759555018 -0.12482125456725941 0.2997264063722837 0.3163587736273239
leaf_weight=2846.0625922590261 12874.101616173633 690.98324617603794 1127.7100932538742 306.16860104212537 918.67541598319076 80.840511973015964 671.05312876682729 788.05000145733356 198.12423027539626 5318.1634565994609 2107.2974972391967 5312.3725807383889 1300.5615808162838 1701.7248612286057 4025.3962443372002 4432.2590296683193 5117.4253981958609 10924.459554094705 1272.9333969012368 4923.4042470738059 1731.9117471073987 1133.8029472000198 726.99730798392557 134.69837430608459 7748.6069727685535 750.10980939643923 7721.2176020867191 1382.3371743467287 1769.5434258290334 5710.3604351524264 1347.4023962382344 441.76213593705324 4832.3107214514166 392.8828419529018 157.30348028661683 2551.4861537857796 1401.7578145494917 2748.4582444434054 233.85902440850623 4890.4567637521541 455.07068378152326 266.07585966819897 1740.69919676875 440.58106448722538 233.88194332667626 284.35975891316775 110.32394486502744 287.95470920507796
leaf_count=20317 88967 5520 7995 2287 5326 557 4908 33006 6754 38982 13767 35704 7291 21490 114514 93103 45376 70317 7902 37485 27097 12195 5203 767 56087 6432 67902 17946 17113 38790 11324 8402 42171 2561 1640 25562 10783 18030 1340 32905 3600 1573 26000 11349 2025 5134 850 2641
internal_value=0 0.0146432 0.0428317 0.0168197 0.00946224 -0.0108455 -0.0646192 -0.128201 0.00442397 -0.0010387 -0.00797936 0.0105236 0.0770143 -0.075088 -0.00684275 -0.00290036 0.0138981 -0.0153295 0.000974563 0.0329799 -0.000975362 -0.0341871 0.062278 0.0286829 -0.00679173 -0.000906519 -0.00992517 -0.0512014 0.0962562 -0.0356531 0.0224628 -0.0252232 0.0859188 0.148506 0.0806578 0.0663507 0.0313988 0.0216032 0.0410628 0.0297984 0.145275 0.0101866 -0.0734078 0.0106623 0.0418264 0.112915 -0.00444101 0.202461
internal_weight=0 47240.8 16897.4 10544.5 10238.3 71323.2 4931.59 2570.62 2360.98 30343.4 27497.4 16468.8 3407.86 1782.57 66391.6 60983.9 25916.7 35067.2 24142.7 18561.5 8590.04 7355.23 9971.43 2162.85 13061 9547.31 8797.2 5407.73 5048.03 11028.5 2922.97 1575.57 6352.9 1520.59 1075.98 3278.48 11268.6 9866.85 7118.4 6429.47 688.93 5156.53 3472.61 2028.15 1587.57 916.52 394.684 521.837
internal_count=1118990 352772 141834 89107 86820 766218 89481 55053 34428 210938 190621 112849 21058 22047 676737 544277 308860 235417 165100 183836 98473 125024 85363 27674 91791 81300 74868 132460 47878 77772 31921 20597 52727 10556 6966 30765 76133 65350 47320 42380 4940 34478 53097 26907 15558 10650 5984 4666
is_linear=0
shrinkage=0.495


Tree=67
num_leaves=49
num_cat=0
split_feature=8 9 8 3 5 13 14 0 16 3 16 6 14 8 13 16 16 6 0 3 7 7 7 6 8 13 8 8 13 3 16 3 0 4 16 13 14 8 6 0 0 0 14 3 6 3 16 14
split_gain=54.5082 35.3535 34.3971 33.0852 27.3628 32.5681 61.6417 38.2734 51.0547 30.1754 29.3881 28.3397 28.1596 27.791 24.4472 23.7439 23.439 23.0008 20.0668 18.7412 20.2323 18.4948 18.3524 24.3354 20.7798 46.2618 43.9123 27.4003 24.4915 20.8149 19.6836 18.0903 36.828 18.3059 18.0628 17.6442 33.8716 19.9084 18.3038 17.556 17.461 17.004 17.5896 16.9196 18.4501 16.1515 16.0464 15.4636
threshold=0.23251934349536899 0.0089402562007308024 -0.089539106935262666 0.38041786849498754 -0.035341002047061913 -0.86027285456657399 2.4656004905700688 0.86378049850463878 -1.493541896343231 0.22189202159643176 0.46078202128410345 0.16346363723278048 9.8675456047058123 0.073622561991214766 0.89625301957130443 0.17662227153778079 0.74103829264640819 0.059167370200157172 0.52555611729621898 0.09183149412274362 0.084071744233369841 -0.031485229730606072 0.064848892390728011 0.19030591100454333 -0.0049283276312053195 -0.30065631866455073 0.0081045185215771216 -0.0333662312477827 -0.62942016124725331 0.0019393721013329925 0.12868515402078631 0.10516912862658502 0.5697496533393861 0.088486153632402434 -2.6132212877273555 0.46346206963062292 13.788032531738283 0.10770511627197267 0.0063332305289804944 0.85600027441978466 0.44164982438087469 0.64775711297988903 3.1566095352172856 0.067755576223135008 0.070537403225898757 0.057921178638935096 -1.1293942928314207 3.6880577802658085
decision_type=2 2 2 2 2 2 2 2 2 2 2 2 2 2 2 2 2 2 2 2 2 2 2 2 2 2 2 2 2 2 2 2 2 2 2 2 2 2 2 2 2 2 2 2 2 2 2 2
left_child=1 2 34 4 16 6 10 13 43 11 17 12 -10 31 22 -11 -4 21 -15 20 -13 -6 23 24 25 29 28 -27 30 39 -26 33 -33 -8 -1 38 37 -37 -28 -7 -40 45 46 44 -9 -31 -43 -39
right_child=-2 -3 3 -5 5 14 7 8 9 15 -12 19 -14 18 -16 -17 -18 -19 -20 -21 -22 -23 -24 -25 26 27 35 -29 -30 41 -32 32 -34 -35 -36 36 -38 47 40 -41 -42 42 -44 -45 -46 -47 -48 -49
leaf_value=0.063388374043676823 -0.14874685860629616 -0.096793477948686285 -0.015673051922198748 -0.17892855578650288 -0.095394856275464332 -0.044318471860048385 0.016347307808974747 0.19560677226606132 0.13833964783156358 -0.054672940406181647 0.053737481938915033 -0.037397358823859979 0.30515503734865607 0.21916521036062669 0.039689421789254768 0.14805537979168162 0.02872961763851602 -0.094403182877570851 0.047715443676629256 -0.12488022184977969 0.29762601164931723 -0.0013438634638252836 -0.039769542111982546 -0.16042490789794567 -0.016943239600215772 -0.01018425820115774 0.013119342373666104 0.020834466583061245 0.034831047513599805 -0.0037545440297048998 0.036506084779703733 0.26264051541324096 0.034202771879981657 -0.083488555096568481 -0.06750850479681135 -0.016661643118926914 0.14484451745552371 -0.15003336113637555 0.015830448295447646 0.024001280273063089 -0.015869437000557898 -0.11288843947975644 -0.0033122153450269197 -0.10726133229545277 -0.078095539310158543 0.057342138064459883 -0.031405174302421256 -0.018607940194218669
leaf_weight=283.32597984038875 603.66447370735114 917.28574699829915 29918.240930635191 248.05163428586093 594.90996047586668 9864.521054092329 6888.4386812701123 121.59482838911936 1630.9657714065397 392.71347834679182 1230.5430489637074 92.477135664783418 300.91046052373713 298.37946155876853 4018.7256454434246 219.01201646705158 3219.2140522995032 1111.9219962310744 402.42425322899362 145.81011755601503 79.528855826589279 3735.1867350890825 2713.9383564898162 226.41432035481557 5053.0029229130596 12173.921315418556 22963.238333777525 16302.991802285658 16687.649840247643 3803.4956413018517 2533.3256861104164 212.01403530826792 963.2372086388641 479.36178371903952 2504.856079780584 9997.4427916198038 300.66539223864675 513.60118592577055 5883.4550272934139 1006.1497633811086 15308.908413093595 771.26097353920341 4794.3314059672412 374.16680659539998 114.9207103344379 1462.1670935635921 2687.931664715521 399.38624670123681
leaf_count=3124 17640 12503 173866 9666 5555 52697 48536 1505 13418 12352 7651 1390 4099 3005 15861 4155 13803 16628 7619 4618 1883 36522 16150 2232 34163 52668 110469 64757 68007 18130 11723 1126 9809 3703 14409 39475 1291 2455 25848 4903 92772 5489 26090 17097 5055 6809 14683 1581
internal_value=0 0.000100896 0.000559655 0.00135399 0.00159042 0.00429169 0.0233023 0.0435294 0.0878964 0.115665 -0.0151712 0.142193 0.164723 0.0268033 0.00164516 0.0172238 -0.0113438 -0.0308507 0.121627 0.00360083 0.115468 -0.0143988 0.000512446 0.00134009 0.00162144 -0.00598174 0.00667479 0.00755664 0.0242295 -0.0218087 0.000842474 0.0189535 0.0760218 0.00977419 -0.0540118 -0.00101294 -0.0185557 -0.0231169 0.00343028 -0.0379479 -0.00704518 -0.00879292 -0.0228358 -0.0413832 0.0607644 0.0131244 -0.0497431 -0.0931662
internal_weight=0 195946 195029 192241 191992 158855 19388.5 12716 3472.1 2861.42 6672.56 2249.69 1931.88 9243.86 139467 611.725 33137.5 5442.02 700.804 317.816 172.006 4330.1 135448 132734 132507 52866.8 79640.7 28476.9 24274 24389.9 7586.33 8543.05 1175.25 7367.8 2788.18 55366.7 11211.1 10910.4 44155.6 10870.7 21192.4 13519.2 8253.52 610.682 236.516 5265.66 3459.19 912.987
internal_count=1118990 1101350 1088847 1071314 1061648 873979 205726 139370 65572 41915 66356 25408 17517 73798 668253 16507 187669 58705 10624 7891 3273 42077 652392 636242 634010 246226 387784 117425 113893 128801 45886 63174 10935 52239 17533 273891 44802 43511 229089 57600 118620 71201 46262 23657 6560 24939 20172 4036
is_linear=0
shrinkage=0.495


Tree=68
num_leaves=49
num_cat=0
split_feature=10 12 12 7 3 1 16 1 10 9 9 11 15 16 12 16 1 15 0 3 1 15 16 1 16 3 1 0 16 7 7 7 16 1 15 1 2 7 16 15 4 2 4 2 1 3 16 1
split_gain=20.0094 24.4025 28.1365 20.9844 23.1142 23.5631 22.7512 19.9236 18.3273 18.135 23.6429 15.9076 25.5528 51.9062 24.6626 23.1295 18.5159 15.7909 14.514 14.2744 13.6887 25.7807 21.806 13.2662 22.3282 12.4308 12.304 12.2905 12.0642 12.0412 25.1997 25.8187 14.1674 21.3539 15.0724 17.6164 13.4597 12.1772 11.5973 11.1304 11.0232 10.9006 10.8835 10.6221 12.0944 10.511 10.3379 10.1697
threshold=2.1659643650054936 1.4365174174308779 0.83740746974945079 0.030641593970358375 -0.081917975097894655 0.20613813400268557 -1.8470785021781919 0.31361195445060736 -2.6129113435745235 -0.0013871109113097189 0.0013013371499255302 1.0927043557167055 5.2034454345703134 -1.270690321922302 1.2829727530479433 -0.58765211701393116 0.47325646877288824 5.2760357856750497 0.73302391171455394 -0.077089034020900712 0.52472770214080822 5.207853078842164 -0.57546821236610401 0.42084111273288732 -1.0116102695465086 0.025395793840289119 0.44583645462989813 0.39798888564109808 0.25064590573310858 -0.0016881864867173133 1.0000000180025095e-35 -1.0000000180025095e-35 -1.1702280044555662 0.4362910687923432 5.1842429637908944 0.52223926782608043 -0.049408454447984688 -0.017394742928445336 -2.5703328847885127 5.2393677234649667 -0.048948945477604859 -0.055351002141833298 0.042569387704133994 0.076942320913076415 0.12182444706559183 0.0081150527112185972 -1.7175005078315733 0.55999639630317699
decision_type=2 2 2 2 2 2 2 2 2 2 2 2 2 2 2 2 2 2 2 2 2 2 2 2 2 2 2 2 2 2 2 2 2 2 2 2 2 2 2 2 2 2 2 2 2 2 2 2
left_child=3 2 -2 8 -5 -6 7 -7 -1 29 11 12 13 41 18 26 -17 23 25 -4 -21 -22 -23 -8 -25 40 46 28 47 32 31 -31 33 37 35 -34 45 -10 -29 -26 -13 -11 -20 44 -43 -32 -14 -12
right_child=1 -3 19 4 5 6 17 -9 9 10 27 14 15 -15 -16 16 -18 -19 42 20 21 22 -24 24 39 -27 -28 38 -30 30 36 -33 34 -35 -36 -37 -38 -39 -40 -41 -42 43 -44 -45 -46 -47 -48 -49
leaf_value=0.098610933047523483 -0.035481264268644862 -0.015969033007904677 0.055118174720888473 0.06522455573318596 0.012080647483220072 -0.093263986951323166 -0.031429171664588133 -0.34502089407405934 -0.078490887624820704 0.041077979792286008 0.024053558220413 0.028703837485349937 0.0037764959845692616 -0.055701613049414359 -0.065926922342090896 -0.024309111570977003 0.02790564974035423 0.021506317135705333 -0.0045940086484059454 0.017499396165963389 -0.10460395544695701 -0.12347463867355528 0.029077322941059788 -0.31344524814520758 -0.11327607397942219 -0.044993026346743514 -0.043225593233888485 -0.099473661325072502 0.080318227902309372 0.058006843812628668 0.086128660787112316 0.25363597567816254 -0.011352862256344423 -0.16997337365839407 0.020619767780086264 -0.1662439195957669 0.0026346823425789619 0.0089128428910335445 0.0035949482248595426 -0.024044651266732883 -0.01864552818755557 0.040792057371347903 0.042167415725095005 0.041345167361606393 -0.020940033810591053 0.017641388640879024 0.028299858920780751 -0.064192271512382187
leaf_weight=435.67292821130832 2611.1695951915754 8171.1842290441273 2238.5317013465683 668.17856635758653 2646.4023491046464 451.37526633773814 5686.2172156175075 93.116804158897139 544.53305350063602 1583.7236981152091 5501.0831325933468 1287.6271116966382 6777.2095582226175 5736.3043272289506 2331.6142711196153 7763.8412248027744 2056.0220866388408 1058.7143980077817 7678.3949403999432 30479.33341729884 642.83311426639557 258.37345399623155 1677.8057062812732 95.406572529056575 664.53340028262028 4128.2398013541824 796.33119576610625 266.41094275844807 895.90805717481999 891.38142117428652 965.73338850660366 200.91990911881294 997.05232304413221 251.42454540714971 5731.1880202142638 215.64098157087574 5798.8081750175188 1257.9542575379601 13028.622554526832 713.41381858068053 13264.588987655152 888.7301421436714 1412.9799472636951 1058.4160245569656 5171.4184466884471 1267.0109082805211 10764.787212560419 328.93673466856126
leaf_count=3902 18289 55799 12740 4047 19030 3960 48936 2504 2800 7989 26521 6736 27424 82693 13874 40401 11627 4950 45135 199794 23835 3592 11550 2256 18728 22088 3361 2077 10355 6143 5692 1308 17369 2105 30611 8537 42217 5530 98925 4765 62625 4333 9861 4955 22719 13191 38990 2121
internal_value=0 0.00829212 0.0135349 -0.00367539 -0.0230787 -0.0282984 -0.0405489 -0.13777 -0.00156491 -0.00196396 -0.0047389 -0.00884903 -0.00274135 -0.0195099 -0.0174748 0.00583998 -0.0133251 -0.034032 -0.0133871 0.0171758 0.0145901 -0.0195962 0.00841382 -0.042315 -0.0839453 -0.0212051 0.0161294 0.010161 0.0272343 0.0122067 0.0247513 0.0946385 -0.000460464 -0.0362565 0.0100607 -0.0394136 0.015175 -0.0172491 0.00148544 -0.067484 -0.0144205 0.00429405 0.00262359 -0.00382535 -0.0118008 0.047509 0.0188541 0.0189804
internal_weight=0 46079.2 37908 123356 12077.4 11409.2 8762.78 544.492 111279 110843 92721.2 72700.2 42596.8 14438.6 30103.4 28158.2 9819.86 8218.29 27771.8 35296.9 33058.3 2579.01 1936.18 7159.57 1473.35 18680.5 18338.3 20021 6725.93 18121.6 9123.85 1092.3 8997.79 2053.91 6943.88 1212.69 8031.55 1802.49 13295 1377.95 14552.2 8702.29 9091.37 7118.56 6060.15 2232.74 17542 5830.02
internal_count=1118990 325599 269800 793391 109176 105129 86099 6464 684215 680313 544810 404811 244492 122689 160319 121803 52028 79635 146445 251511 238771 38977 15142 74685 25749 91449 69775 139999 38997 135503 68551 7451 66952 10435 56517 25906 61100 8330 101002 23493 69361 39996 54996 32007 27052 18883 66414 28642
is_linear=0
shrinkage=0.49005


Tree=69
num_leaves=49
num_cat=0
split_feature=4 3 0 9 9 13 16 14 10 11 14 4 14 4 3 16 6 11 8 8 6 3 1 10 13 16 14 16 1 13 0 3 9 6 0 16 1 10 9 14 11 3 1 13 10 8 0 13
split_gain=18.3595 17.6056 29.3032 17.0919 16.8746 14.0104 31.392 19.5606 17.5569 23.8202 20.7279 17.8655 16.2914 15.6652 15.0049 16.2133 14.1956 13.3267 12.1327 12.0166 12.6678 12.3595 11.9954 12.26 17.8041 13.5183 11.93 11.6942 16.2661 12.5185 11.6624 11.6363 11.4761 11.2469 11.59 11.2157 14.7755 12.3531 16 15.2037 11.1879 11.1339 10.8422 11.6 10.7895 10.6895 10.2338 10.1903
threshold=0.16623594611883166 0.20867940783500674 0.70978018641471874 0.0020107176387682561 -0.0056054426822811356 -0.94881701469421376 -0.54113849997520436 9.0988922119140643 7.6543750762939462 1.0518961548805239 4.3715484142303476 0.056061496958136565 1.1446359753608706 -0.0068015796132385722 0.037523200735449798 -1.528771638870239 0.17090357840061191 1.188361704349518 0.038736591115593917 0.013232571538537742 0.046621870249509818 0.033045219257473953 0.32709524035453802 1.6266918182373049 0.70644649863243114 -2.6565614938735957 4.9250299930572519 -1.3784746527671812 0.44915637373924261 -0.55379930138587941 0.73675474524497997 0.033045219257473953 0.0061039512511342773 0.023970048874616626 0.92084896564483654 -2.7967206239700313 0.047022730112075813 0.71686077117919933 -0.0043291342444717875 5.9344904422760019 0.72799819707870495 -0.047171855345368378 0.34149919450283056 0.29111693799495703 0.36040537059307104 0.012273959349840881 0.81608861684799205 0.56118494272232067
decision_type=2 2 2 2 2 2 2 2 2 2 2 2 2 2 2 2 2 2 2 2 2 2 2 2 2 2 2 2 2 2 2 2 2 2 2 2 2 2 2 2 2 2 2 2 2 2 2 2
left_child=1 4 -3 -2 -1 6 7 14 11 10 -10 13 -13 22 30 -16 18 -9 41 20 35 42 23 24 -7 -25 -20 28 -4 33 45 -12 -24 -29 46 36 -15 40 -39 47 -37 -8 43 -22 -31 -6 -35 -40
right_child=3 2 27 -5 5 8 16 17 9 -11 31 12 -14 19 15 -17 -18 -19 26 -21 21 -23 32 25 -26 -27 -28 29 -30 44 -32 -33 -34 34 -36 37 -38 38 39 -41 -42 -43 -44 -45 -46 -47 -48 -49
leaf_value=-0.04918032406856819 -0.11037813875934351 -0.12364564754474973 0.026978909320669913 -0.010126171071826028 0.010641435013869235 -0.010900184774828486 0.079398818153362624 0.17129662746987451 -0.21365664107345508 -0.21760881681486186 -0.032778367098971008 0.019808287857844355 -0.02017788213133459 0.12065280537564721 0.054157867902980383 -0.012944345482539601 -0.0301915847101169 -0.10170893779989887 0.067439548794647003 -0.0013787680226202482 -0.055517328248885965 0.018046196322719376 0.0027681976184003787 -0.13080224576865809 0.043175740970430809 -0.027375252371816469 0.19559662678930081 -0.0095462209257421542 0.19404327456079037 0.17998509716568509 -0.069036826734122522 0.15765268855178829 -0.044857925214029107 -0.041960014452025296 0.019702799105900122 -0.0086499896346498156 -0.048579038325753249 -0.10347170369194886 0.038642545213903215 -0.005521496154270473 0.015569364698334455 0.023672959929709251 0.0102321783152554 0.022222615966718415 0.034002106044599092 -0.04585391614514444 0.10609719472858074 -0.0036005266801145087
leaf_weight=1611.2424517550098 668.30872035493667 300.34730156314617 339.03782044746913 1080.0460589993017 1923.9123839163221 19270.851389811243 1119.7417863649316 233.19258393500058 93.402770080137998 207.60115193511592 173.40083385413163 2877.6357891200896 15944.428921114493 136.63908467460715 1458.9740667898441 2101.3353723213077 623.44278080074582 49.486510310773156 1002.6060323934071 26790.384119604088 2396.4627465176163 2817.0617273544194 45267.995977182465 330.75071352196392 1578.5473932158202 4082.6855408725969 218.8583207304473 2062.0189940402634 248.01548819929303 225.35350064840168 1221.3137660322245 133.0527683859691 1246.8598031341389 125.75633060967084 2769.3927299770585 6358.5557238041511 1146.0372485042899 223.21739775007882 12948.581630074463 2730.7198112788028 16188.306523863692 3944.5930986254825 1505.4512134093093 560.00024888734333 286.23462778649991 1369.1477811217192 759.75632516131736 1510.1532521815971
leaf_count=10426 5239 1589 6240 7581 11034 89410 5597 12071 1408 18118 7542 11997 87849 1410 14185 12670 4131 6451 4460 154128 13142 14673 229015 7411 7105 42720 2025 17023 6624 915 9032 7691 7034 842 25063 24411 9486 1459 68533 31632 65614 19624 7117 2726 1647 8695 6304 7891
internal_value=0 0.00165767 0.0255738 -0.0487688 0.000726908 0.00117222 0.0153804 -0.0047725 -0.000127544 -0.0832204 -0.0118561 0.000174233 -0.0140378 0.00199627 -0.00927126 0.0144233 0.0398254 0.121586 0.0468515 0.00693548 0.0115361 -0.0072657 -0.00317932 -0.0117775 -0.00678062 -0.0352651 0.0909444 0.0322386 0.0986028 0.0258901 -0.0280658 0.0485509 0.00148008 0.019202 0.0355534 0.0148665 -0.0300897 0.0163225 0.026141 0.0278585 0.00871733 0.0361041 -0.0233568 -0.0406239 0.099489 -0.0127055 0.0844944 0.0341966
internal_weight=0 190513 7115.91 1748.35 183397 181785 15266.6 8357.36 166519 607.458 399.856 165911 18822.1 147089 8074.68 3560.31 6909.24 282.679 6285.8 75311.6 48521.2 7278.98 71777.7 25262.8 20849.4 4413.44 1221.46 6815.57 587.053 6228.51 4514.37 306.454 46514.9 5716.92 3654.91 41242.2 1282.68 39959.5 17412.7 17189.5 22546.9 5064.33 4461.91 2956.46 511.588 3293.06 885.513 14458.7
internal_count=1118990 1106170 66247 12820 1039923 1029497 109975 74138 919522 34759 16641 884763 99846 784917 55616 26855 35837 18522 31706 402222 248094 37658 382695 146646 96515 50131 6485 64658 12864 51794 28761 15233 236049 49232 32209 210436 10896 199540 109515 108056 90025 25221 22985 15868 2562 19729 7146 76424
is_linear=0
shrinkage=0.49005


Tree=70
num_leaves=49
num_cat=0
split_feature=16 3 0 6 16 8 15 13 6 9 9 16 12 6 3 13 6 0 0 13 13 6 6 5 8 15 3 16 0 0 3 14 9 6 13 5 5 13 6 15 3 11 14 5 8 15 8 3
split_gain=50.4883 43.4025 57.2654 69.2222 39.8927 38.3636 36.5564 32.0757 29.0093 25.1217 27.3396 22.3393 19.4274 18.7634 18.6903 22.8712 17.993 19.4838 23.2526 65.5018 55.9903 51.0495 49.7659 48.0922 41.8203 56.7231 30.8311 31.2205 27.6528 26.2949 50.2678 25.5327 23.6614 20.6184 20.279 20.3648 19.2472 18.9901 18.4355 18.3033 17.7777 17.6791 17.1905 21.3026 17.1267 17.0857 20.6291 17.0844
threshold=-2.0164717435836788 -0.011965242214500902 0.78357321023941051 0.10952169075608255 -0.99831798672676075 -0.058505780994892113 5.2212600708007821 -0.82610496878623951 -0.091552648693323121 -0.00071086036041378964 0.00043938796443399047 -3.8428421020507808 1.6766645908355715 0.046621870249509818 1.0000000180025095e-35 -0.61779990792274464 -0.1071360297501087 0.42062582075595861 0.77652022242546093 -0.43855114281177515 -0.73999726772308339 0.017566080205142501 0.11299000307917596 0.019140060059726242 0.0076757441274821767 5.240077257156373 0.020058037713170055 0.77195569872856151 0.90630689263343822 0.9400390386581422 0.15508563071489337 5.2341856956481942 -0.0041323949117213479 0.047516565769910819 0.65190890431404125 0.12733015418052676 0.030018023215234283 -0.90887117385864247 0.00092694681370630871 5.237884759902955 0.075226549059152617 0.68810558319091808 7.0148112773895273 -0.046816783025860779 0.023865871131420139 5.2666964530944833 0.034408718347549445 -0.065204072743654237
decision_type=2 2 2 2 2 2 2 2 2 2 2 2 2 2 2 2 2 2 2 2 2 2 2 2 2 2 2 2 2 2 2 2 2 2 2 2 2 2 2 2 2 2 2 2 2 2 2 2
left_child=5 2 4 7 13 -1 8 -4 -6 14 11 -11 16 -2 -7 -16 -3 33 19 21 22 -19 26 38 25 -25 28 29 -20 36 37 -21 -23 42 35 -26 -28 -31 -22 -36 -24 -14 43 -18 -8 -40 -47 -9
right_child=1 12 3 -5 6 9 44 47 -10 10 -12 -13 41 -15 15 -17 17 18 20 31 23 32 40 24 34 -27 27 -29 -30 30 -32 -33 -34 -35 39 -37 -38 -39 45 -41 -42 -43 -44 -45 -46 46 -48 -49
leaf_value=0.074862334619428511 0.0042347678048465206 0.14504697066490418 -0.23931830001258783 0.021305371278912921 0.23597925738212183 0.099181339118933801 -0.1044183099041701 -0.23157697603618912 -0.016818959528460808 0.082039783507367653 0.035822439391446408 -0.010981360354834191 0.064287024749917807 0.075681657768030777 0.057432060759338321 -0.042872414748490774 0.019046238935549398 0.060425952874953219 -0.058409035255097469 -0.062956685595670955 -0.04986354856109057 0.13439962870094524 -0.018587488995293711 0.024065911940007685 0.074329570619401514 -0.17664532519835302 0.0099949549008940576 -0.10891054705332807 -0.22702561566664675 -0.14914732195617295 -0.014385166894890935 0.0078189989884497185 -0.0077598582962624804 0.050172017127720514 0.03637836462719745 0.20146755938027314 -0.031448418278064022 -0.063413882447741807 0.0093537732934086664 -0.16825302325239433 0.032449044978409267 -0.12342203774296671 0.0045072334462985062 -0.065145793994743212 -0.029860047615836743 -0.18956795081111658 0 -0.081876573241889253
leaf_weight=2619.8056567895692 4374.2337800339446 198.17179176956415 531.37515418371186 993.93390991596971 109.64654078753665 1209.159211078193 1989.2716907956201 213.20093034705496 6591.0652589752863 649.20714888279326 4998.1094613770256 13008.970459456847 1621.6099360713561 1110.6021840597969 1659.9496042190003 807.04800896439701 869.47924626278109 7349.4610449598986 760.12954819132574 2860.0057306195376 1979.2260125609901 294.88378297205782 2463.0154925350216 3206.3500758292794 3882.1880052760243 376.90523893962381 6371.238675393397 1065.9220963236876 344.95459844055586 1103.4258825324941 4524.8191905666608 2119.563772936177 5640.7519457114395 762.11898953374475 411.21841418437543 333.680204535136 4644.9446499266778 1493.7353768718312 7332.5879470578511 139.2056273027556 4844.6383476095507 127.61113742669113 1917.4081083871424 4006.8546318190929 1213.8293679441558 235.12348815047881 327.8835452159401 1530.5176233471138
leaf_count=14963 60694 1907 4469 5454 1316 7708 63580 4821 95579 3444 34638 78826 14061 6756 14134 4767 14610 61290 5122 65778 28818 1526 13892 25892 26145 6186 37273 5817 2384 5868 30596 26060 35226 8125 2793 1980 27102 8251 60844 1269 33365 2082 19983 84310 24601 5179 2947 26559
internal_value=0 -0.00610937 -0.0272206 -0.0861458 -0.0146664 0.0187354 -0.0332512 -0.133293 -0.0125746 0.0121262 0.00480005 -0.00651827 -0.000751363 0.0188022 0.0491614 0.024416 -0.00200035 -0.00241585 0.000350896 0.0151436 -0.00553251 0.0331283 -0.0194527 0.0155349 0.0429183 0.00277395 -0.0319386 -0.0273209 -0.111644 -0.0224934 -0.0457103 -0.032737 -0.000593345 -0.0259514 0.0729888 0.084554 -0.00743632 -0.10007 -0.00757126 -0.0146967 0.0151801 0.0502504 -0.0345692 -0.0500326 -0.0763352 0.00297326 -0.0791268 -0.100583
internal_weight=0 92266.8 18657.7 3269.03 15388.6 24952.2 9903.81 2275.09 6700.71 22332.4 18656.3 13658.2 73609.1 5484.84 3676.16 2467 71859.9 71661.7 64105.9 18264.7 45841.2 13285.1 27616.8 18224.4 8349.55 3583.26 20309.2 19204.1 1105.08 18138.2 7121.98 4979.57 5935.64 7555.86 4766.29 4215.87 11016.2 2597.16 9874.82 550.424 7307.65 1749.22 6793.74 4876.33 3203.1 7895.59 563.007 1743.72
internal_count=1118990 960510 293829 41303 252526 158480 185076 35849 96895 143517 116908 82270 666681 67450 26609 18901 650538 648631 521603 189880 331723 98042 169670 162053 64265 32078 122413 114907 7506 109090 44715 91838 36752 127028 32187 28125 64375 14119 97788 4062 47257 16143 118903 98920 88181 68970 8126 31380
is_linear=0
shrinkage=0.49005


Tree=71
num_leaves=49
num_cat=0
split_feature=1 7 4 1 1 9 11 15 10 3 12 0 1 1 16 16 10 7 7 11 12 11 11 15 15 11 12 1 3 15 16 16 12 12 16 12 15 1 4 9 3 0 0 12 3 16 9 7
split_gain=30.859 28.2317 24.749 19.7634 19.2004 28.8648 25.7878 23.9004 20.3901 16.0784 14.4249 15.3096 14.1115 13.8332 17.2673 13.3398 13.3234 13.1385 15.0265 12.7752 33.3037 15.4759 12.7672 16.0316 17.2284 13.7193 14.042 12.8096 13.2581 12.6642 13.0087 12.5882 12.1031 13.4058 11.5512 11.3122 10.8629 14.3011 11.7405 10.7888 10.7169 15.4537 12.5965 10.5024 10.3592 11.2866 10.2523 10.0922
threshold=0.73976820707321178 -0.069152172654867158 -0.11310773715376853 0.090969581156969084 0.46075534820556646 -0.002664442989043891 1.1569774150848391 5.2602300643920907 2.7838809490203862 0.047368628904223449 1.2742874622344973 0.76592689752578746 0.33434624969959265 0.56673246622085582 0.66403219103813182 -1.8915460109710691 3.249491930007935 -0.021647953428328034 0.026906373910605911 1.3191361427307131 1.1158562302589419 1.3287029862403872 1.0045403838157656 5.2421438694000253 5.2483267784118661 1.0558299422264101 1.4313648939132693 0.3856795877218247 0.030199826695024971 5.2503130435943612 0.04589520767331124 -0.099183797836303697 1.4666116237640383 1.377433776855469 -0.30674299597740168 0.86353448033332836 5.2695047855377206 0.18921332061290744 0.0072129091713577518 -0.0014150096103549001 0.0025403269100934271 0.57475021481513988 0.78357321023941051 1.2479287385940554 0.018104370683431629 0.64922085404396068 0.0053639421239495286 0.013891051523387434
decision_type=2 2 2 2 2 2 2 2 2 2 2 2 2 2 2 2 2 2 2 2 2 2 2 2 2 2 2 2 2 2 2 2 2 2 2 2 2 2 2 2 2 2 2 2 2 2 2 2
left_child=1 9 17 34 5 12 7 8 10 -1 11 35 -5 -9 -15 16 36 -3 -19 22 -21 -22 29 25 -25 32 27 39 -29 46 -31 -26 33 -24 -4 47 38 -38 -7 -27 42 -42 -8 -43 45 -10 -17 -6
right_child=-2 2 3 4 6 15 40 13 44 -11 -12 -13 -14 14 -16 19 -18 18 -20 20 21 -23 23 24 31 26 -28 28 -30 30 -32 -33 -34 -35 -36 -37 37 -39 -40 -41 41 43 -44 -45 -46 -47 -48 -49
leaf_value=-0.032708346661035018 -0.12931622676439467 -0.11785670144503151 -0.03418071128757829 -0.13897288913527375 0.04852549040328008 -0.0034703080132466387 -0.052023278402680694 -0.021224206994962601 -0.081409155090757468 -0.13728531303395461 0.022493212257084751 0.023598983398048494 -0.027513040306939841 -0.1463448671271409 0.020594618021876159 0.0084630137352178208 0.025431626118165761 -0.012450683287783586 -0.10688711740108767 -0.0033439721080125084 -0.046560467604344229 -0.24015424184870182 0.036980510223393541 0.073898440993434691 0.011276673188210745 -0.019036882882941163 -0.10441524323094349 -0.022218766303844964 0.0144622274593505 -0.019882825297908354 0.01723320684072855 0.047240046786965778 0.11537432199363318 -0.045338669988808838 -0.19699993126081325 -0.026372277711645315 0.088700388431725827 -0.010915667360219535 -0.031073274413229678 0.016929554475717333 0.017937324791225898 -0.021203924486527415 0.016174692620494591 -0.098586961760545336 -0.0068492119173438814 0.024466536931637209 -0.082151228230541912 -0.066464203167254182
leaf_weight=1404.6719715585932 443.34555374327465 464.50888389919419 2451.1597628607997 295.92698337812908 961.64459742174949 8843.3371013435972 4419.2169897885178 2530.2978791799687 1161.2642287687631 480.6335819803644 12785.347299275396 3517.7728947279393 3853.4491644159134 515.55281028206809 201.8742660387652 47475.994812166158 2760.5859955838823 2412.5920625001745 489.78940305825381 8590.5701497349655 203.96167605789378 208.1638297191821 3832.6998605317785 1841.68494252034 7570.5052299855161 2198.8391598925227 271.05458003655076 5913.2493262593634 3928.5105787836364 8616.7093669516034 3063.4755882271565 3416.6871611187235 408.64690731454175 536.3814165929798 110.04340165096801 5258.1877832793398 581.11488753079902 835.42830732144648 6420.1045574851451 21170.602502737136 2590.3788800262846 6084.0420123711519 749.98507481702836 456.68832031619968 2389.8766293279768 296.54179316200316 299.81435694440734 222.47641350910999
leaf_count=8542 8516 6316 23803 2514 4501 56514 24002 22272 6214 4778 64835 21258 26409 7622 1138 218223 35309 28753 14397 45342 1038 1657 16284 9251 51960 10128 1946 24106 19047 62003 14198 16258 2087 2423 665 22871 4325 6299 43178 91863 12351 43039 3483 3193 20006 1281 1709 1083
internal_value=0 -2.34964e-05 0.000556471 0.00129771 0.00188504 0.00464258 -0.00704569 0.0011384 0.00600146 -0.0596873 0.0115978 -0.00233987 -0.0356118 -0.0385202 -0.098725 0.00584811 -0.00604283 -0.0410801 -0.0285874 0.00778593 -0.00993867 -0.145875 0.00923392 0.0149192 0.0299289 0.00987282 0.00634894 0.00727082 -0.00752714 0.00434032 -0.0101054 0.0225081 0.0344591 0.0267542 -0.0414417 -0.0165811 -0.0112825 0.0296383 -0.015114 0.0135238 -0.0241568 -0.01398 -0.0420326 -0.0266961 -0.0269481 -0.0595344 0.0078824 0.0264695
internal_weight=0 195092 193207 189840 187279 143137 44141.1 29840.8 26593.1 1885.31 22745.4 9960.08 4149.38 3247.72 717.427 138988 19440.6 3366.89 2902.38 119548 9002.7 412.126 110545 51088.9 12828.9 38260 33482.3 33211.2 9841.76 59456 11680.2 10987.2 4777.73 4369.08 2561.2 6442.31 16680 1416.54 15263.4 23369.4 14300.3 9131.11 5169.2 6540.73 3847.68 1457.81 47775.8 1184.12
internal_count=1118990 1110474 1097154 1047688 1023220 764071 259149 173081 142049 13320 114548 49713 28923 31032 8760 735148 145625 49466 43150 589523 48037 2695 541486 245353 77469 167884 147090 145144 43153 296133 76201 68218 20794 18707 24468 28455 110316 10624 99692 101991 86068 58583 27485 46232 27501 7495 219932 5584
is_linear=0
shrinkage=0.49005


Tree=72
num_leaves=49
num_cat=0
split_feature=14 6 10 14 10 14 6 2 14 10 13 13 10 10 0 4 12 12 11 14 13 6 6 10 14 13 4 10 7 7 13 13 7 4 13 0 0 3 14 5 7 5 11 5 3 6 2 2
split_gain=21.3522 20.1957 17.2143 35.9878 27.7796 19.6229 19.3205 17.1569 15.2786 13.8073 13.4047 15.7959 12.6017 12.461 10.9703 13.0573 10.4013 11.4598 21.6872 12.5837 30.9555 16.3337 15.325 14.4667 14.1242 18.3719 12.5223 10.9653 10.9402 10.5298 13.4814 11.1811 13.5192 10.5201 10.2623 9.92409 9.79174 9.86436 9.04106 11.306 8.92198 8.65367 8.59254 8.57115 8.51103 11.0511 8.35565 13.9314
threshold=0.70473647117614757 0.23178505897521975 1.0187018513679507 3.5892273187637334 0.13676062226295474 9.8675456047058123 0.051413062959909446 0.25646197795867925 11.314300537109377 28.632049560546879 -0.74916073679924 0.61403346061706554 2.4659396409988408 -1.9248943924903867 0.97279718518257152 -0.072622086852788911 0.82999390363693248 1.3885835409164431 1.1060063242912295 7.0148112773895273 0.87492626905441295 0.12448183819651605 0.032081957906484611 4.4752671718597421 2.9566737413406377 0.81818577647209179 -0.11310773715376853 5.7870898246765146 0.062014965340495116 0.0088498964905738848 -0.83310976624488819 -0.57402685284614552 -0.027140318416059014 0.014339289162307979 0.76125821471214306 0.87632450461387645 0.81908172369003307 0.0031007010256871585 2.9835039377212529 0.072704765945673003 0.00096100347582250844 -0.048691688105463975 0.66742902994155895 0.045920174568891532 0.047368628904223449 0.0059931380674242982 -0.063364341855049119 -0.15477436780929563
decision_type=2 2 2 2 2 2 2 2 2 2 2 2 2 2 2 2 2 2 2 2 2 2 2 2 2 2 2 2 2 2 2 2 2 2 2 2 2 2 2 2 2 2 2 2 2 2 2 2
left_child=12 2 3 13 5 10 8 9 34 16 43 42 41 -2 15 -15 38 19 -19 22 21 23 24 46 25 26 -18 -28 -23 31 -31 36 -33 -27 -6 -3 37 -24 -4 -40 -38 -1 -12 -5 -16 -46 47 -21
right_child=1 35 7 4 6 -7 -8 -9 -10 -11 11 -13 -14 14 44 -17 17 18 -20 20 -22 28 29 -25 -26 33 27 -29 -30 30 -32 32 -34 -35 -36 -37 40 -39 39 -41 -42 -43 -44 -45 45 -47 -48 -49
leaf_value=0.07033576917552016 0.050700070231371075 0.048646567795706606 -0.047098623499360906 -0.059125892050159369 0.0043622724864737132 -0.15902966089809709 -0.066698195152602141 0.082995520788692684 -0.09642188582135261 -0.12156305345963922 0.020945241895649263 -0.11115265742734443 -0.054951202799245626 0.03110991106939285 -0.0013615784526223619 -0.0018587504038694125 0.095122175424939448 -0.004328960840189554 -0.16379512602065169 -0.045438008446192349 -0.24174915112109174 -0.14080883651825019 -0.0079278007640560047 0.019958182669457571 0.016352518834416442 0.10868728833772694 -0.0073099914630661714 -0.1089685403667701 0.032735314291857179 0.08327206148529627 0.026090668368534204 0.1156279165441704 0.019163048317299085 -0.02032774370291136 -0.084382417746194691 -0.17259010084161386 -0.051593108833310634 0.065862423990483865 0.0042757068606067991 -0.12302291568714471 0.042734410883885243 0.02087884566199414 -0.02946666346094234 -0.14303457888763543 0.0068918198685416062 -0.098627265760726487 -0.015762831504514966 0.03596915741907173
leaf_weight=938.8005522704625 1108.6301918088066 55.298542981312494 1722.1977573033364 1955.7809878070111 9657.104892839794 347.30704800775857 1220.9845887580741 630.59850018061115 388.47692287637619 208.72678449375962 969.46616333723068 491.88152390308096 471.48517760634422 3010.4103181415558 898.74279806076083 46261.043380656221 274.69600353666465 18929.415139915465 202.12070507637691 658.04401225887705 125.95295516448095 317.6653353474685 1044.1648799866671 6175.6298001279647 18573.822969835746 519.0659094027651 14289.276756025909 254.07478035660461 110.73802410338249 1572.9171726901113 2633.2997664050199 473.86937568616122 1286.223930450622 199.77345342864282 315.55777627206407 236.15673583546595 1153.0462472969084 708.49517156323418 2852.7091068887385 173.04271982006321 290.30714698199881 8211.8005706527038 4199.7132958348229 349.41116261879506 327.99319908730104 744.31561168979533 9337.6968559774687 1949.1987582340807
leaf_count=5556 7838 1897 9109 16936 65145 4439 16834 7141 3317 3923 9301 6884 2479 23513 5946 268554 2137 121216 1584 10101 1234 8092 5095 54583 101002 2667 70047 1355 5261 18353 18344 3043 7882 1087 3489 14971 10333 4071 18555 2702 2651 45418 35341 5656 2675 9999 57619 13615
internal_value=0 -0.00154289 -0.00130539 -0.00683793 -0.0244017 -0.0458116 -0.00898929 0.00330105 -0.00213612 0.00271034 -0.0407954 -0.0279473 0.02199 -0.000153338 -0.00126399 0.000146329 0.00301963 0.00431701 -0.00604752 0.00752579 -0.00297884 -0.00131842 0.0120703 0.000871128 0.00731922 -0.00344891 -0.00715512 -0.00912671 -0.0948478 0.0297028 0.0476037 0.0144059 0.0454606 0.0721802 0.00149737 -0.128933 -0.00255352 0.0216451 -0.0190294 -0.00288245 -0.0322683 0.026013 -0.019916 -0.0721113 -0.0367466 -0.0659232 -0.00895726 0.0152272
internal_weight=0 159205 158914 72246.8 19895.7 8313.56 11582.1 86666.8 10361.1 86036.2 7966.25 5661.06 9622.09 52351.1 51242.5 49271.5 85827.4 81079.5 19131.5 61948 18674.9 18549 43273 18120.6 34110.7 15536.9 14818 14543.4 428.403 9162.32 4206.22 4956.11 1760.09 718.839 9972.66 291.455 3196.01 1752.66 4747.95 3025.75 1443.35 9150.6 5169.18 2305.19 1971.05 1072.31 11944.9 2607.24
internal_count=1118990 1065537 1048669 485867 167342 78557 88785 562802 71951 555661 74118 51526 53453 318525 310687 292067 551738 521372 122800 398572 150505 149271 248067 135918 178295 77293 73539 71402 13353 69772 36697 33075 10925 3754 68634 16868 22150 9166 30366 21257 12984 50974 44642 22592 18620 12674 81335 23716
is_linear=0
shrinkage=0.48515


Tree=73
num_leaves=49
num_cat=0
split_feature=0 8 11 10 11 3 13 15 4 0 7 10 11 15 8 13 16 8 10 8 3 8 13 7 8 16 10 10 4 0 10 10 15 15 5 11 16 15 13 8 5 13 13 3 10 15 11 10
split_gain=15.1006 16.0619 15.2941 24.3768 16.5128 16.1882 36.1325 19.3339 14.5454 17.9869 12.7413 12.006 17.87 15.3726 19.2663 22.7428 14.8201 20.3885 20.7022 17.9938 17.085 14.7626 14.5485 13.6144 12.8451 12.5307 12.0917 11.9779 11.347 12.0676 12.4924 11.1257 10.9033 10.1967 12.9679 11.0358 17.6231 9.97383 10.3783 9.67971 9.58332 9.5767 10.8921 9.51844 9.45047 9.36647 9.10416 12.3278
threshold=0.98149627447128307 0.15956523269414905 0.99644675850868236 4.5919899940490732 1.1539081335067751 -0.094238195568323121 -0.71560806035995472 5.2187826633453378 -0.080192569643259035 0.48417423665523535 -0.063726089894771562 -0.68714115023612965 1.3601135015487673 5.2626335620880136 -0.078195594251155839 -0.46896998584270472 -2.219167828559875 0.10445404425263406 1.0796346068382265 0.08843939378857614 0.06658534333109857 -0.034788843244314187 -0.44624529778957361 -0.01516575366258621 -0.047653468325734132 -0.70413324236869801 1.0000000180025095e-35 1.8738168478012087 0.12393279001116754 0.21395222842693332 0.57157287001609813 0.40506829321384435 5.0967867374420175 5.2212600708007821 -0.075466420501470552 1.1194468140602114 -1.0627709627151487 5.259615659713746 0.59717071056365978 0.050733126699924476 0.051579141989350326 -0.33685858547687525 -0.83310976624488819 -0.032346501946449273 -0.71856975555419911 5.2364718914031991 0.6777341663837434 4.8290700912475595
decision_type=2 2 2 2 2 2 2 2 2 2 2 2 2 2 2 2 2 2 2 2 2 2 2 2 2 2 2 2 2 2 2 2 2 2 2 2 2 2 2 2 2 2 2 2 2 2 2 2
left_child=2 44 5 11 -5 6 7 -1 9 -7 -10 12 37 16 -15 21 19 22 20 32 -19 -16 23 -18 45 -22 -21 -25 29 30 -12 -3 -13 35 -35 -26 -37 38 -4 -23 -9 42 -28 -32 -2 -24 47 -31
right_child=1 31 3 4 -6 8 -8 40 10 -11 28 13 -14 14 15 -17 17 18 -20 26 25 39 24 27 33 -27 41 -29 -30 46 43 -33 -34 34 -36 36 -38 -39 -40 -41 -42 -43 -44 -45 -46 -47 -48 -49
leaf_value=0.027618355466674762 0.060145069416752038 0.22983491233059972 -0.0040011888637977557 -0.0018223103597770581 -0.13258188344442243 -0.064086562649246351 -0.013348607524358095 0.090466759477371247 -0.039999564981558447 -0.0052716778396777056 -0.021444487171171908 -0.11639580407952568 0.13637404775635342 0.17645978647720592 0.12714105722929617 -0.059719194820933165 0.012383444427715074 -0.045393816419523093 -0.10677942435357414 0.17546405841208387 0.1471529104740254 -0.021780536161376807 -0.029688186043987531 -0.018891796834640529 0.0015533549453707728 -0.012412235385964063 0.002203537053020007 0.013372105070070379 -0.030255481318209741 0.00069053438705152681 0.032186444972423518 0.045454789816923288 -0.036043106412935552 -0.13611836071703623 -0.0012938066060969519 -0.014931437900683332 0.037458774737292616 0.043125224055934643 0.050196297747120755 0.045341226153172216 0.19102883568638954 -0.071648476715214349 0.25774795471233708 -0.005000800789870404 0.010237406325805861 0.043070260414360281 0.012503129061432026 0.081093547692107831
leaf_weight=1032.3542617200874 1027.2120412359945 140.33864962123334 8428.8385813375935 382.4322439969983 588.46119649233879 1600.1970276033971 2018.9964657074306 822.81374600483105 1516.9554871364089 5291.4656331714068 7272.4351055356092 484.09988193055324 258.30478465091437 106.77054264815524 183.52034658862976 3371.2724041179754 6043.1823984691582 1070.7072519701906 846.80618117965059 130.56790599389933 227.02821267908439 3805.5401824993314 2881.2472527271602 17175.320282201516 5597.6251664278534 224.78553431108594 135.2318879612867 3196.4178870233009 2121.9961201619299 32160.973714490654 2371.5842520605656 189.04446023136552 2461.6412016487739 173.47486731084064 4709.6983051232528 1815.4532542714151 8658.9843263442745 1570.5943848527968 921.09583920706064 578.53466837137239 329.61284270067699 191.44134087528801 56.71431204242981 5059.6456740183639 7189.762055551415 481.0764783185441 44790.787809948801 454.47384842837346
leaf_count=4604 4171 869 32514 18670 44440 7131 9298 4170 7421 32252 26890 5326 1690 935 1944 31411 34812 5513 10946 1129 1891 35381 15453 84520 23697 1169 4355 38681 11805 147711 12710 4411 26522 1010 29302 14244 50154 7940 3497 7144 1760 2597 1848 26700 52484 3138 209402 13328
internal_value=0 0.0208293 -2.93404e-05 -0.00525609 -0.0816301 0.00372103 0.0332348 0.0764917 0.00250722 -0.0190058 0.0040609 -0.0042702 0.0103919 -0.00681478 -0.0266662 -0.0294811 -0.003982 -0.0019675 -0.0459471 -0.0347521 -0.0117467 -0.00704839 7.77514e-05 -0.00779519 0.00864965 0.0668429 0.0484671 -0.0138052 0.00477575 0.00558838 -0.00713497 0.125939 -0.0494478 0.0131299 -0.00620967 0.019036 0.0283315 0.00735536 0.00129092 -0.012804 0.11979 0.00361044 0.0811682 0.0068045 0.016542 -0.0191241 0.00801156 0.00182822
internal_weight=0 8546.36 183601 76756.9 970.893 106844 4203.78 2184.78 102641 6891.66 95748.9 75786 11178.8 64607.1 8045.64 7938.87 56561.5 53101.8 2369.33 3459.7 1522.52 4567.6 50732.5 26414.9 24317.6 451.814 513.955 20371.7 94231.9 92109.9 14703.7 329.383 2945.74 20955.2 4883.17 16072.1 10474.4 10920.5 9349.93 4384.07 1152.43 383.388 191.946 7431.23 8216.97 3362.32 77406.2 32615.4
internal_count=1118990 61935 1057055 541873 63110 515182 19832 10534 495350 39383 455967 478763 45641 433122 76815 75880 356307 314530 19519 41777 8573 44469 295011 158013 136998 3060 9929 123201 448546 436741 66300 5280 31848 118407 30312 88095 64398 43951 36011 42525 5930 8800 6203 39410 56655 18591 370441 161039
is_linear=0
shrinkage=0.48515


Tree=74
num_leaves=49
num_cat=0
split_feature=10 10 2 7 8 6 2 1 5 9 6 8 16 2 6 1 1 7 0 2 1 16 9 14 6 10 10 16 10 0 7 7 10 9 7 1 14 10 9 16 9 8 10 6 10 7 16 14
split_gain=47.2157 46.5775 41.1978 37.3274 27.1735 21.6296 21.5639 51.801 42.2355 35.9284 35.9118 40.5888 30.9592 27.714 24.9916 22.3708 21.0948 20.9733 18.9831 18.3672 21.4117 21.7858 19.8372 18.3332 27.5949 27.5211 26.0721 25.172 20.0639 18.8416 18.0078 17.8615 17.3867 15.2077 14.9589 14.6854 14.2544 21.6417 14.0657 14.0265 13.8695 13.4634 12.7787 12.2992 11.5668 11.5514 11.2387 11.0522
threshold=-2.6129113435745235 21.236750602722172 0.070985589176416411 -0.02780952118337154 -0.11616110429167746 -0.022955959662795063 -0.070753134787082658 0.54378792643547069 -0.045879250392317765 -0.0028117711190134283 0.14421332627534869 0.081649165600538268 -1.9398023486137388 -0.31291028857231135 -0.043414888903498643 0.2470219358801842 0.36160674691200262 0.0035791997797787194 0.18384170532226565 0.32408474385738378 0.48273062705993658 -1.4262281656265257 -0.0032736585708335038 5.1806449890136728 0.058009037747979171 3.6190190315246586 0.32869593799114233 -2.7967206239700313 1.2732158303260805 0.83112466335296642 0.034359205514192588 0.011476080864667894 2.9114450216293339 0.0014403678360395136 0.089579753577709212 0.38125684857368475 2.36693286895752 -0.4487904012203216 -0.0045673740096390239 -0.47301839292049402 -0.00096069544088095416 -0.031988818198442452 1.7874154448509219 -0.06338705867528914 -0.091884844005107866 0.041007228195667274 -1.1980597376823423 3.333606600761414
decision_type=2 2 2 2 2 2 2 2 2 2 2 2 2 2 2 2 2 2 2 2 2 2 2 2 2 2 2 2 2 2 2 2 2 2 2 2 2 2 2 2 2 2 2 2 2 2 2 2
left_child=-1 2 3 5 -5 43 10 8 -8 16 11 12 -6 -14 31 41 -10 -9 -4 20 32 -22 -23 24 27 26 29 -11 -29 -25 -12 -15 36 40 42 -26 44 47 -18 -19 -7 -16 -17 -2 -20 -33 -35 -38
right_child=1 -3 18 4 6 33 7 17 9 23 30 -13 13 14 15 34 38 39 19 -21 21 22 -24 25 35 -27 -28 28 -30 -31 -32 45 -34 46 -36 -37 37 -39 -40 -41 -42 -43 -44 -45 -46 -47 -48 -49
leaf_value=-0.20676214194553996 0.27108634570855433 0.12209857459034132 -0.079808644878383614 0.10720493619756045 0.018979267595366504 0.045208566372744216 0.046287466043993634 0.024241199732692467 0.19446885600633051 0.0069219432818381933 0.11928685795399951 0.033212715875118023 0.032901353063845257 0.10946655303122849 0.16911187947352813 -0.034275818292090664 0.1068074179137716 0.19545080921817454 0.0049664186901328469 -0.089042082751492807 0.16808688171001049 -0.0453450734221955 0.020562558894857204 0.0056655110027737992 -5.4241033101941142e-05 -0.02356383527298057 0.03092472590604833 -0.021633078279175048 -0.060608145062157691 -0.090858040884941274 0.021195804477795389 -0.055813860360356467 -0.051779089421284313 0.15768000499171059 0.09172392400905037 0.058974806243578315 0.0044722895015209202 0.007006813160259375 0.011533205666187008 0.076020775613432373 0.0023978267426406192 0.0081990601989871473 -0.061660800191939633 0.082342549711907395 -0.054995932175940135 0.088523221159888296 0.047875617604085985 -0.11872147792999591
leaf_weight=261.06020048237406 93.9712271054741 722.68038624740439 1174.0122268836712 547.79088108625729 3501.4838988276315 2535.3896163869067 4268.53779601524 2258.7022823584848 239.16527869668789 4138.7660518060438 590.15705645899288 3418.5765983804013 1510.8809549977304 453.39196838845965 151.41966216359288 10884.530353529961 525.26162374159321 276.51270588173065 1030.5653173669125 791.06864731572568 198.64458631537855 1402.2211807999993 4572.2234194139019 1263.8311906394665 5183.0082315453328 5246.5844374311855 8660.846516918391 8356.3398196472845 5010.3918165870709 754.38611009740271 1803.9840153262485 471.06861516088247 3832.019872557139 267.03058755281381 188.49353120464366 1221.0282711803447 243.7121194525389 6786.4142601936474 1235.930577861378 1690.1038477777038 6073.197407821659 660.87023350957315 6501.7772077567643 756.28242873493582 2710.0723929479136 177.99253069446422 1401.8812216954539 522.44141211372335
leaf_count=4485 1038 8669 21916 3211 20384 21264 49514 24091 1922 18140 4017 30366 12845 4438 1022 81982 4100 2408 13169 4140 1810 9103 41910 14812 32691 40186 76132 172855 82234 5596 15574 4168 27740 2135 1104 8549 2899 56601 12291 15336 53658 4580 45872 9612 29940 1307 12121 5053
internal_value=0 -0.000591346 -0.00136371 0.00322968 -0.000376077 0.0295798 -0.00111418 0.00503612 0.000313138 -0.00436708 -0.0113409 -0.0162439 -0.0231651 -0.0302157 -0.035135 -0.0394017 0.0590346 0.0564433 -0.0196126 -0.0163878 -0.0136624 0.0103603 0.00500764 -0.00756443 -0.0160633 0.00516492 0.0193256 -0.0260401 -0.0362822 -0.0302007 0.0456176 0.0355591 -0.023499 0.0233608 -0.0430533 0.0111323 -0.0138563 -0.00165761 0.0402678 0.0931504 0.0150665 0.0389625 -0.0445476 0.104067 -0.0383494 -0.0154106 0.0658191 -0.0789466
internal_weight=0 116306 115583 92319.6 81191.8 11127.8 80644 50329.4 46104.1 41835.5 30314.6 27920.5 24501.9 21000.4 19489.5 18387.1 2000.36 4225.32 23263.4 22089.4 21298.3 6173.09 5974.44 39835.2 23909.5 15925.6 10679.1 17505.5 13366.7 2018.22 2394.14 1102.45 15125.2 10277.5 17574.8 6404.04 11293.2 7552.57 1761.19 1966.62 8608.59 812.29 17386.3 850.254 3740.64 649.061 1668.91 766.154
internal_count=1118990 1114505 1105836 891555 791727 99828 788516 560857 519022 469508 227659 208068 177702 157318 144473 134560 18313 41835 214281 192365 188225 52823 51013 451195 314469 136726 96540 273229 255089 20408 19591 9913 135402 89178 128958 41240 107662 64553 16391 17744 74922 5602 127854 10650 43109 5475 14256 7952
is_linear=0
shrinkage=0.48515


Tree=75
num_leaves=49
num_cat=0
split_feature=8 6 6 0 14 5 10 14 0 12 11 16 6 4 16 6 6 16 6 8 8 15 6 16 14 0 8 0 0 10 8 15 11 4 11 14 15 10 14 8 9 8 4 16 0 10 12 16
split_gain=34.1074 23.4117 24.1693 27.1662 22.2764 18.6216 16.6891 18.1119 19.4268 17.4275 16.2336 15.4756 14.0975 14.405 13.5163 13.39 13.2479 12.7791 15.3549 14.914 12.1893 14.1291 12.026 12.8853 11.7855 13.5212 11.7176 11.1395 11.0823 10.8091 10.597 9.65763 13.6788 11.2386 9.64342 9.30978 9.1044 9.0173 8.89406 8.8101 8.75425 12.0115 11.4592 9.53322 9.50361 11.2019 9.49676 9.21566
threshold=0.28746671974658972 0.23178505897521975 -0.021142086945474144 0.89731135964393627 0.95185375213623058 -0.13701328635215757 17.539773941040043 9.0988922119140643 0.49469123780727392 0.82197004556655895 1.3430224657058718 0.092173844575881972 0.056877767667174346 -0.040236499160528176 -2.2488250732421871 -0.1071360297501087 0.094719186425209059 -2.5703328847885127 0.068914923816919341 -0.075498204678297029 0.043317150324583061 5.1084535121917733 0.023477861657738689 0.41960529983043676 2.0734498500823979 0.85863742232322704 -0.03066934738308191 0.50510403513908397 0.98428630828857433 5.1081144809722909 -0.034084949642419808 5.0933232307434091 1.1161262392997744 -0.061037791892886155 1.1027879714965823 20.019912719726566 5.2414722442626962 1.4445252418518069 5.7449727058410653 0.1526640206575394 0.0005697621381841601 0.12638624012470248 -0.032926119863986962 -0.13143330067396161 0.80661469697952282 3.9136389493942265 1.5975604653358462 -2.7967206239700313
decision_type=2 2 2 2 2 2 2 2 2 2 2 2 2 2 2 2 2 2 2 2 2 2 2 2 2 2 2 2 2 2 2 2 2 2 2 2 2 2 2 2 2 2 2 2 2 2 2 2
left_child=1 2 3 10 14 -6 7 8 -7 -9 15 12 30 -14 34 27 31 19 20 -11 26 -22 23 -13 25 -15 -19 -1 -28 -17 37 32 -16 -33 -4 -31 -20 -10 -39 -23 41 42 43 46 45 -44 -32 -42
right_child=-2 -3 4 -5 5 6 -8 9 11 17 -12 22 13 24 16 29 -18 18 36 -21 21 39 -24 -25 -26 -27 28 -29 -30 35 40 33 -34 -35 -36 -37 -38 38 -40 -41 47 -43 44 -45 -46 -47 -48 -49
leaf_value=-0.13006886557421271 -0.20345961017485406 -0.097150770877312526 -0.12959062497415452 0.037205792339082611 -0.11233583413434675 0.011160966352441541 -0.073855568592648912 -0.04709087528485497 -0.0064246705104562245 0.28304710247712012 -0.069933645167436997 0.036884267912054264 -0.069198985977677985 -0.0040933462794462104 0.050896880439241086 -0.0094070069674387462 -0.089666470756242025 0.034361453276766069 0.076151853227188149 0.058414505733624243 0.10941935763275305 0.03431946167573021 -0.0028248351671661598 0.0065211586297777742 -0.0043447124085098836 -0.093906652943073141 -0.0069506020883267393 0.027009926361591642 0.092607006803628489 -0.036525242306613491 -0.014946993868984779 -0.069638912388004459 -0.030862572325260306 -0.010550076885313439 -0.012733532523740721 -0.15208726242263471 -0.0058051530978148755 -0.058466226148494976 0.00016974531825858483 -0.06149869536742314 -0.11050190651963879 -0.040110780039877086 0 0.043034283095014655 0.02437303725991577 0.069724336578776774 -0.10035907320557806 -0.0083090573450973308
leaf_weight=397.12842819071375 192.87840919449809 579.53589404869126 415.28836383193266 2561.1658527789405 318.06113025534432 46700.365426115954 628.16519827654702 860.46362875777413 5172.0218793060631 75.61739589177887 1205.0221358210547 5349.812875449541 1393.7495053112798 761.36221453518374 1301.75964852795 30639.614261707553 505.19636508956319 2567.854387246538 1590.7950401696289 989.41079660544347 576.10607849474763 2291.5322760349372 11839.845984453103 8671.3565952767385 5516.1888863889908 845.25114684144501 7494.3679666764219 138.09745770521113 271.38511709298473 1008.9010749604204 3750.3720760048018 840.00494164437987 755.76490890659625 8130.0047182874987 293.55371000885498 201.0808995917032 385.3510534799716 1979.6953821794596 855.35337868571514 246.39096134254942 211.46967862333986 1280.5834047351091 10903.794922967892 602.10394200753944 9334.916220219282 569.73924134951085 336.21120700065512 11618.607760355459
leaf_count=3144 9026 16589 3767 13319 3524 216955 10621 6489 28608 1025 7238 24308 22616 5800 6068 153960 5030 15279 20749 14807 4145 15767 62532 35855 48711 8327 42983 894 2244 7722 23213 6190 3148 47073 2591 1905 6171 11798 5216 3093 2404 11106 53043 3410 48992 3808 2254 65473
internal_value=0 0.000126978 0.000420001 -0.0108948 0.00300823 0.00467778 0.00493737 0.00528247 0.00327951 0.0199955 -0.0145778 -0.00125904 -0.00585727 -0.0240128 -0.0168613 -0.012501 -0.0128109 0.0235284 0.0199334 0.0750692 0.0140158 0.0406451 0.00852471 0.0181427 -0.0150945 -0.0516756 0.00594091 -0.0886603 -0.00339748 -0.0112032 -0.00252939 -0.0092382 0.0206291 -0.0161447 -0.081966 -0.0562403 0.0599299 -0.0185929 -0.0406105 0.0248054 0.000789932 0.00565729 0.00797648 -0.0136384 0.0128706 0.0034686 -0.0221155 -0.010186
internal_weight=0 194960 194381 36151 158230 145988 145670 145042 127693 17349.3 33589.8 80992.4 55131.4 8516.55 12241.6 32384.8 11532.7 16488.8 15423.8 1065.03 13447.6 3114.03 25861 14021.2 7122.8 1606.61 10333.6 535.226 7765.75 31849.6 46614.9 11027.5 2057.52 8970.01 708.842 1209.98 1976.15 8007.07 2835.05 2537.92 38607.8 26777.7 25497.1 4688.69 20808.5 11473.5 4086.58 11830.1
internal_count=1118990 1109964 1093375 188182 905193 831326 827802 817181 684429 132752 174863 467474 344779 85454 73867 167625 67509 126263 110431 15832 83511 23005 122695 60163 62838 14127 60506 4038 45227 163587 259325 62479 9216 53263 6358 9627 26920 45622 17014 18860 213703 145826 134720 28877 105843 56851 25467 67877
is_linear=0
shrinkage=0.48515


Tree=76
num_leaves=49
num_cat=0
split_feature=1 16 9 0 16 8 13 15 13 8 8 13 15 8 16 8 15 16 1 8 1 13 8 13 6 8 16 2 16 13 1 8 6 15 8 13 6 1 8 13 13 8 1 6 1 8 0 9
split_gain=16.5284 19.1409 16.2266 15.3338 13.0108 13.1044 26.9603 11.867 28.4617 132.009 85.8755 59.4604 19.3193 62.4326 56.6658 70.4044 57.0952 52.594 121.849 38.4194 34.4338 33.9503 51.9133 33.4547 28.2086 33.7555 27.0453 26.6319 23.7949 29.0225 23.3597 22.0715 21.3631 21.0714 20.5031 26.3523 20.4549 21.5897 20.2629 42.04 37.7921 20.11 19.9746 19.8293 19.5655 19.4852 21.2403 19.4814
threshold=0.73976820707321178 0.44698075950145727 0.010506147518754007 0.74035960435867321 0.89833796024322521 0.25546276569366461 0.85603705048561107 5.2780830860137948 -0.65259751677513111 0.028419644571840767 -0.029995289631187912 -0.90887117385864247 5.2428195476531991 -0.095241781324148164 -0.53025808930397023 0.12206409499049188 5.1270198822021493 -0.89711341261863697 0.45074874162673956 -0.089539106935262666 0.31213584542274481 -0.29061385989189142 0.044286543503403671 -0.55379930138587941 0.044873043894767768 0.081649165600538268 -1.6203892827033994 -0.11090283468365668 0.47394663095474249 -0.7207922339439391 0.3165315985679627 -0.037833601236343377 0.10317760333418848 5.2371833324432382 -0.095241781324148164 -0.23292452096939084 -0.046324605122208588 0.47325646877288824 0.031304085627198226 -0.59941709041595448 0.68756169080734264 0.011291582137346269 0.50315260887146007 0.011093442793935539 0.57403391599655162 0.050733126699924476 0.76592689752578746 -0.0022401545429602261
decision_type=2 2 2 2 2 2 2 2 2 2 2 2 2 2 2 2 2 2 2 2 2 2 2 2 2 2 2 2 2 2 2 2 2 2 2 2 2 2 2 2 2 2 2 2 2 2 2 2
left_child=2 -2 4 -4 5 7 -7 12 9 10 -9 -11 14 -14 27 16 34 18 20 -18 -15 22 30 -17 36 -26 43 32 44 -30 -21 -23 42 47 -16 45 -19 38 40 -40 -38 -33 -1 -22 -24 46 -36 -29
right_child=1 -3 3 -5 -6 6 -8 8 -10 11 -12 -13 13 17 15 23 19 24 -20 21 26 31 28 -25 25 -27 -28 33 29 -31 -32 41 -34 -35 35 -37 37 -39 39 -41 -42 -43 -44 -45 -46 -47 -48 -49
leaf_value=0.052204219282403194 -0.27985859620179365 0.022913807331831307 0.16709966819143954 -0.0036172467384935061 -0.053183285377525709 -0.27631718403188055 0.070485285139988266 -0.27024907314599067 0.033228251331695394 -0.069369842703962875 0.036866730832289044 -0.31204572028828548 -0.2280161388245335 -0.0045909174840911577 0.15610393319315449 -0.053720856846289591 0.17267710142989187 0.038112141956025615 -0.19006128962356164 -0.060110795510597337 -0.065271516355135409 0.012828375526454031 0.081663510506780404 0.1966331935936064 0.048148463403742785 -0.082183075901063399 -0.029477957286109604 0.040273059724434616 0.062990340138145806 0.45426145204056262 -0.0013374118567614853 -0.086708454391209139 -0.11386433481843662 0.039263570188380989 -0.035629288363595073 -0.15244820358247807 -0.021605160599280884 0.014433286280340376 -0.086537671517301365 0.032284736572168855 -0.19979312135689226 -0.028093666829188596 -0.051649172979607569 -0.18528490840274747 -0.13658294956524078 0.086684133638411723 -0.15192972803501092 0.0022690752613048894
leaf_weight=5614.0565420312196 103.84066900234029 83.822621916784556 257.97559964742686 218.23086533394235 1080.6118379681138 114.29842911672313 89.99457591236569 219.51427839457756 7419.1478721261956 551.86991327939904 4323.0520463086432 411.54119415706373 296.31380599216209 14655.153166415839 77.324655409785919 158.72052801577956 252.00519242836162 2722.5319655919448 989.54324123576225 1888.9705235897563 1058.3048298038193 1310.3898953492753 1075.8903892948292 503.95669734285912 5002.2737685714383 501.27616756566567 5169.385838882823 3282.049505865456 96.533756126533262 84.966306068236008 9042.0418468604039 2623.1427849256288 201.06479167281941 4226.437718439789 1147.1617155746208 1042.4364533813023 12052.39866962214 8261.8389610790764 832.09474043920636 3888.5283114975318 280.81473390734755 2852.0492405237164 456.99972225724196 468.13672336930176 101.48564990027808 192.74393521573802 540.24227360637815 60636.135832602311
leaf_count=40076 4903 3613 1832 5070 26012 12480 833 1274 33778 4061 21376 2612 1295 63004 1208 3465 1532 12155 6955 17326 4620 11910 9854 3479 25467 3690 21598 23421 1712 1038 94829 39074 9860 17393 32289 55811 50391 37510 3447 14859 1307 27675 10423 4002 1933 6406 33801 306331
internal_value=0 -0.14267 -0.000418442 0.0880152 -0.000672804 -0.000329244 -0.121606 -0.000176834 0.0137964 -0.0123016 0.0218638 -0.173748 -0.00135597 -0.00845116 0.00273124 -0.0181034 -0.0227032 -0.00727427 -0.0253317 -0.0131029 -0.017666 -0.0155913 -0.000494829 0.135956 0.00473899 0.0361775 -0.0462069 0.00917442 0.0879639 0.250275 -0.0115424 -0.0428588 0.0391361 0.00640912 -0.0843703 -0.0909482 -0.00141595 -0.00568724 -0.0154632 0.0112245 -0.0257171 -0.0562742 0.0443003 -0.102489 0.0623439 -0.0565317 -0.0732166 0.0042286
internal_weight=0 187.663 168272 476.206 167795 166715 204.293 166511 12925.1 5505.98 4542.57 963.411 153585 56178.6 97406.8 22990.1 22327.4 55882.3 22340.5 19327.5 21351 19075.5 12289.9 662.677 33541.8 5503.55 6695.83 74416.7 1358.88 181.5 10931 6785.58 6272.12 68144.6 2999.91 2922.58 28038.2 25315.7 17053.8 4720.62 12333.2 5475.19 6071.06 1526.44 1177.38 1880.15 1687.4 63918.2
internal_count=1118990 8516 1110474 6902 1103572 1077560 13313 1064247 63101 29323 22650 6673 1001146 250300 750846 343342 336398 249005 100179 206883 93224 205351 126692 6944 148826 29157 30220 407504 14537 2750 112155 78659 60359 347145 129515 128307 119669 107514 70004 18306 51698 66749 50499 8622 11787 72496 66090 329752
is_linear=0
shrinkage=0.480298


Tree=77
num_leaves=49
num_cat=0
split_feature=12 11 12 11 11 13 11 14 10 13 10 14 11 12 12 11 14 12 12 10 11 11 14 11 10 12 10 11 12 12 12 12 11 13 12 11 12 7 13 12 11 12 12 11 11 12 11 12
split_gain=18.5429 39.1941 21.948 82.6129 16.0065 15.452 11.736 10.2224 22.6195 13.1068 11.9181 24.7758 15.4123 132.823 34.2898 61.2047 29.9603 21.3591 65.1426 33.9907 30.9199 29.3284 34.1796 19.2016 18.4832 17.5308 17.6189 16.9834 46.6302 22.9191 14.3818 24.1418 15.0213 13.4789 13.3828 14.3552 12.7356 12.4612 11.7238 17.9305 21.468 99.5743 18.5031 114.531 76.7985 30.6386 18.7866 15.0941
threshold=1.7055202722549441 0.63565436005592357 1.6766645908355715 0.69317826628685009 0.44694222509860998 0.70644649863243114 0.72308927774429332 0.95185375213623058 -0.2905744463205337 0.79972973465919506 -0.49824541807174677 4.1684465408325204 1.0995426177978518 1.4537268280982973 1.3922175168991091 1.1353777050971987 7.0148112773895273 1.0362356901168825 0.87785089015960704 2.560917973518372 0.52653399109840404 0.99644675850868236 7.722114324569703 0.97556096315383922 0.9102236032485963 0.71896329522132885 6.2222929000854501 0.66742902994155895 0.92383557558059703 0.9728604555130006 0.70481979846954357 0.79676747322082531 1.0288035869598391 0.76125821471214306 0.90482649207115184 0.86490264534950267 0.91818159818649303 0.024750810116529468 -0.86639928817749012 1.0003642439842226 1.3628242015838625 1.053954601287842 1.1048098206520083 1.3143042325973513 1.2957437038421633 1.16170871257782 1.1912136077880862 1.2885667681694033
decision_type=2 2 2 2 2 2 2 2 2 2 2 2 2 2 2 2 2 2 2 2 2 2 2 2 2 2 2 2 2 2 2 2 2 2 2 2 2 2 2 2 2 2 2 2 2 2 2 2
left_child=2 4 7 5 -2 -4 -5 8 -1 -10 11 -9 17 14 16 -16 25 18 19 23 -21 22 27 -12 -18 -14 38 28 -20 -29 -25 -32 -33 37 -24 -36 -23 -13 -27 -40 42 -42 44 47 46 -45 -41 -44
right_child=1 -3 3 6 -6 -7 -8 10 9 -11 12 33 13 -15 15 -17 24 -19 21 20 -22 36 34 30 -26 26 -28 29 -30 -31 31 32 -34 -35 35 -37 -38 -39 39 40 41 -43 43 45 -46 -47 -48 -49
leaf_value=-0.014755164233668646 0.15353957371443275 0.26256533483864924 -0.077916945421842493 0.082698151763642883 0.00087059184987548941 0.06719458671587393 0.25877978765932053 0.00034823689011857507 0.023810022420493768 -0.038616471155347602 -0.028633425521540311 0.018247620017676408 0.13768784340002946 0.51972920769554554 -0.024428129576779527 0.31034674436388787 -0.012078368728551073 -0.0022538172767161335 -0.071513355592355984 0.36056944060240737 0.049957775129179011 0.069669285790035396 0.053755912291893714 -0.050721639720894565 -0.0796044141477735 -0.025419646477516079 -0.17311981204240942 0.12116256871174105 0.10344753393100081 0.035831174471886572 0.11657208003985337 0.081212207358537958 -0.056395857359378271 0.11890150652387273 0.36174595345537519 0.13142967430071195 -0.0080525967459463259 0.072677981476997 -0.020010905180148881 0.021790218510839569 -0.06057686529053382 0.49276133120820492 -0.026120422890479365 0.1435863268829069 -0.062414924005288204 0.4215799850517557 0.089158983062245331 0.015921279286172808
leaf_weight=5760.803926195018 186.60647366894409 182.66741029673722 2581.1918256362551 186.95412340841722 1060.8035271196277 176.83535397797823 185.33585700090043 21320.141919758637 14596.660173112759 812.89264024980366 7400.0521048061637 5618.7067944719456 186.42067274777946 107.87208900600672 305.79732096346561 210.32732863441925 1575.73873121629 78895.928804511597 689.88911380339414 80.465002151904628 905.1789273112081 633.78309151603025 99.118494433729211 432.86172384535894 2368.8806903239965 7667.793481536617 150.38004974724026 1585.229703899473 711.9557454045862 1378.3347919359803 658.36167578934692 281.55706068896689 515.3409135742113 399.98262676224113 160.19052457134239 118.28745938499924 2049.9012850491272 1185.3348004501313 10505.951406186563 1654.2134406710975 219.30594828957692 111.97132321540266 9137.1191252889112 301.65351962484419 1624.5753107339842 137.53027995023876 2334.5123625781853 2495.6306447410025
leaf_count=23175 1023 1842 14861 843 5918 852 1220 83618 63760 3598 29433 21796 740 703 1482 1182 12862 420021 3040 1065 12218 3474 1316 1670 99619 64419 7360 6719 3296 5759 2432 1062 1978 1532 1242 1660 12556 4770 72509 9033 2008 965 57247 2610 19355 778 16384 11985
internal_value=0 0.0551436 0.000262061 -0.0396136 0.0241986 -0.0684178 0.172101 0.000930959 0.0108715 0.0204834 -0.000332296 0.00859977 -0.00218619 -0.00997788 -0.0113963 0.111404 -0.012977 0.00112377 0.016205 -0.00852841 0.0761417 0.0504816 0.073198 -0.0175724 -0.0527617 -0.00866606 -0.00943381 0.0610206 0.0170122 0.081663 0.0255168 0.0485427 -0.00713388 0.0329499 0.21218 0.266455 0.0101425 0.0278098 -0.00873561 -0.00423281 0.00494179 0.125925 0.00264139 -0.00792207 0.025442 0.232491 0.0613525 -0.0170591
internal_weight=0 1430.08 190517 3130.32 1247.41 2758.03 372.29 187387 21170.4 15409.6 166216 28524.2 137692 41095.7 40987.8 516.125 40471.7 96596.4 17700.5 10273.8 985.644 7426.69 4743.01 9288.17 3944.62 36527.1 36340.6 4365.41 1401.84 2963.56 1888.12 1455.26 796.898 7204.02 377.596 278.478 2683.68 6804.04 36190.3 28522.5 18016.5 331.277 17685.2 12071.9 5613.3 439.184 3988.73 11632.7
internal_count=1118990 8783 1110207 17776 6941 15713 2063 1092431 90533 67358 1001898 111716 890182 381241 380538 2664 377874 508941 88920 49858 13283 39062 23032 36575 112481 265393 264653 18814 6336 12478 7142 5472 3040 28098 4218 2902 16030 26566 257293 192874 120365 2973 117392 72620 44772 3388 25417 69232
is_linear=0
shrinkage=0.480298


Tree=78
num_leaves=49
num_cat=0
split_feature=7 16 3 14 10 10 10 11 12 3 0 12 12 12 8 0 10 7 14 14 7 8 15 7 0 3 7 6 14 7 10 6 6 0 9 16 6 7 9 3 14 0 0 3 15 10 7 9
split_gain=26.4261 21.3743 28.1146 19.2117 24.2816 23.8151 25.1661 20.7405 21.7699 17.1675 17.5665 15.5109 14.9122 14.4105 16.837 17.1447 16.3276 16.3006 15.6052 18.1707 14.196 13.9222 17.393 13.449 12.8434 43.6763 26.4178 25.7758 24.7106 21.8666 21.0172 18.8422 24.4016 20.6391 18.0845 17.5385 14.9664 20.811 14.5663 12.8656 12.4911 12.3871 12.3095 15.1487 12.1099 11.932 11.8181 11.5652
threshold=-0.069152172654867158 -3.3009693622589107 -0.043814823031425469 1.0499371290206911 -1.6218187212944029 3.689014315605164 0.46835261583328253 1.321431636810303 1.1384025216102602 -0.10735092684626578 0.58900567889213573 0.90210333466529857 1.6712988018989565 0.86884266138076793 -0.10282425582408904 0.19001336395740512 8.9519414901733416 -0.021647953428328034 3.9007341861724858 30.658864021301273 0.19510421156883243 0.21455493569374087 5.2130455970764169 0.078983660787343993 0.65636923909187328 -0.031494552269577973 0.078983660787343993 0.089980900287628188 7.2625365257263192 0.026906373910605911 3.689014315605164 1.0000000180025095e-35 -1.0000000180025095e-35 0.84503477811813366 0.0014030589372850957 -1.3308955430984495 -0.066775117069482789 -0.0024638061877340074 -0.0024709068238735195 0.039851749315857894 5.289548635482789 0.32508996129035955 0.92886182665824901 -0.047171855345368378 5.0967867374420175 2.7069008350372319 -0.044810624793171876 -0.0035089782904833551
decision_type=2 2 2 2 2 2 2 2 2 2 2 2 2 2 2 2 2 2 2 2 2 2 2 2 2 2 2 2 2 2 2 2 2 2 2 2 2 2 2 2 2 2 2 2 2 2 2 2
left_child=-1 2 -2 5 -5 6 -3 9 11 10 -6 -9 13 -11 -15 17 20 -16 -18 -20 21 24 -23 -19 26 27 28 42 35 -29 -30 32 33 34 -27 46 37 -37 -38 -35 -41 -32 43 -26 -14 -24 -17 -42
right_child=1 3 -4 4 7 -7 -8 8 -10 12 -12 -13 44 14 15 16 18 23 19 -21 -22 22 45 -25 25 31 -28 29 30 -31 41 -33 -34 39 -36 36 38 -39 -40 40 47 -43 -44 -45 -46 -47 -48 -49
leaf_value=0.055329294578889375 0.15636045180840347 -0.00305282627802361 0.018944054821096092 -0.06823672975578135 -0.032632505870727517 0.14529327769865547 -0.056844285489352726 -0.02656060887022978 -0.1560179149045029 0.016858118100500634 -0.18708938225508451 0.032350219625598434 0.094495098168066727 0.064246310226846334 0.029216145541754873 0.14197899544579398 0.16411059376680062 -0.045494535940352854 0.0075501805828072279 0.12557463182602893 0.096422774037312753 -0.0079971239692601618 0.076521397165306607 0.16790437676261102 -0.1388488590358711 -0.015344570771960784 0.14191195838504289 0.1012394419491001 0.052002594724595279 -0.068714159066071243 -0.086464412034518323 -0.0022506809759380458 -0.16404408765937614 -0.10175281155160615 0.057109889475551984 0.3149419798105868 0.024357753268027482 0.016592783884700028 -0.035305611084687424 -0.0099432803442659201 -0.18118440119576573 0.0090017377960175324 -0.24749576995386249 -0.041804563237716391 0.016229296284810273 0.26867381858382328 0.0085221024500928954 -0.050786275077678571
leaf_weight=1918.0049720610259 372.44037197786383 4170.3008326419222 4529.9878771923832 1225.7000565396593 1128.4657129818806 182.92555241473019 3901.8803903628432 1177.0338315308327 154.94255572382826 7855.2264279662049 202.26552427845309 7852.5229567954084 588.21953698035213 806.48034524888499 862.42564967024373 157.46309006144293 190.10230172169395 4633.8539090490376 2537.9621064216481 342.34947292081779 315.59830385597888 537.24524812737945 377.9400587612763 67.265214268816635 813.08209007838741 3637.477879329701 315.17020987241995 299.07391589041799 3437.7070226285141 416.39896561088972 397.6275638488587 36878.136132164625 287.84419656335376 774.71153005899396 1015.6348638846539 65.44993891811464 1083.5971791915363 309.7352616537828 6876.1917623522459 2204.8055022152839 182.31360562134068 1441.8879423325416 135.01954350137385 717.09745066711912 2127.162656105822 97.14273767801933 5173.0785764234024 1317.9011673986679
leaf_count=13323 1715 56553 24560 19026 17403 1549 49566 10059 2061 72769 3094 67001 4754 5551 12971 1073 1311 75527 23364 5355 2574 5360 3034 631 12562 36373 2232 1616 31171 2297 2998 253006 1963 13998 9070 1156 12701 5138 135624 16340 1315 9561 2973 9470 20500 2037 46036 8669
internal_value=0 -0.00150227 0.0295114 -0.00289833 -0.0010727 -0.0251774 -0.0291175 -0.000242262 0.0214995 -0.00245165 -0.0565928 0.0246157 -0.00163863 -0.00274336 -0.00470597 -0.00542681 -0.00344303 -0.0311278 0.0308028 0.0217838 -0.00496845 -0.0054409 0.0503894 -0.0423039 -0.00628062 -0.010437 0.00420087 -0.0738896 0.0018769 0.00169971 0.0298099 -0.00716241 -0.0263365 -0.0219263 0.000375738 -0.00887624 -0.0226561 0.0706145 -0.027121 -0.0451936 -0.0332133 -0.0114089 -0.106637 -0.0937411 0.033389 0.117303 0.0125804 -0.067063
internal_weight=0 114175 4902.43 109272 101017 8255.11 8072.18 99791.6 9184.5 90607.1 1330.73 9029.56 89276.4 86561 78705.8 77899.3 72335.7 5563.54 3070.41 2880.31 69265.3 68949.7 1012.33 4701.12 67937.4 48679.5 19257.9 2380.67 18942.7 715.473 5277.22 46298.8 9420.69 9132.84 4653.11 13665.5 8334.97 375.185 7959.79 4479.73 3705.02 1839.52 1665.2 1530.18 2715.38 475.083 5330.54 1500.21
internal_count=1118990 1105667 26275 1079392 971724 107668 106119 952698 79121 873577 20497 77060 853080 827826 755057 749506 660377 89129 30030 28719 630347 627773 10431 76158 617342 369652 247690 28918 245458 3913 43730 340734 87728 85765 45443 201728 154619 6294 148325 40322 26324 12559 25005 22032 25254 5071 47109 9984
is_linear=0
shrinkage=0.480298


Tree=79
num_leaves=49
num_cat=0
split_feature=3 2 9 2 13 9 6 13 8 13 16 14 10 14 13 10 14 10 14 8 8 14 10 8 6 6 3 13 6 13 8 16 14 2 2 14 2 16 10 16 6 16 8 8 8 14 14 3
split_gain=19.6305 23.8455 18.738 18.7453 22.0748 17.8614 17.0392 17.028 19.8926 16.3516 29.0085 31.1302 55.5772 36.0421 19.6417 17.271 18.2731 16.0332 14.982 17.4256 17.3153 15.4192 14.9597 14.9514 14.7596 15.3346 30.0862 18.5234 21.4039 15.9801 14.436 14.3382 13.9855 20.5109 13.543 13.0729 14.1943 12.4402 12.1837 14.1011 12.1703 11.9935 11.4775 11.4051 11.1805 10.8332 10.3377 9.47969
threshold=0.27407370507717138 0.32408474385738378 -0.0068772949744015923 0.084914471954107298 0.16352482885122302 0.010506147518754007 0.0059931380674242982 0.87492626905441295 0.21455493569374087 -0.87565180659294117 0.81881186366081249 2.6669582128524785 2.2205994129180913 12.720792293548586 -0.93440783023834217 5.4270620346069345 8.1299371719360369 -0.14909815043210981 7.722114324569703 0.033613791689276702 0.12638624012470248 2.0951219797134404 -1.2229260206222532 -0.089539106935262666 -0.015847181901335713 0.048497527837753303 0.046477625146508224 -0.62349388003349293 0.12053344771265985 0.61403346061706554 0.071779105812311186 -1.116380989551544 3.1566095352172856 -0.060568019747734063 -0.083805341273546205 2.9566737413406377 0.17395911365747455 -2.1874451637268062 1.0497522354125979 -0.53025808930397023 0.064514253288507475 -1.8470785021781919 -0.028118747286498543 0.28746671974658972 0.015828772448003296 3.5892273187637334 4.1684465408325204 -0.052187286317348473
decision_type=2 2 2 2 2 2 2 2 2 2 2 2 2 2 2 2 2 2 2 2 2 2 2 2 2 2 2 2 2 2 2 2 2 2 2 2 2 2 2 2 2 2 2 2 2 2 2 2
left_child=2 6 3 4 -1 7 -2 8 9 10 11 22 13 17 -15 16 -14 30 20 -20 38 -22 -4 34 32 -26 -27 35 29 -29 -13 -24 33 -25 -11 -28 -37 45 46 -40 -33 -19 -12 -10 -18 -36 -9 -35
right_child=1 -3 5 -5 -6 -7 -8 18 43 23 42 12 15 14 -16 -17 44 41 19 -21 21 -23 31 24 25 26 27 28 -30 -31 -32 40 -34 47 37 36 -38 -39 39 -41 -42 -43 -44 -45 -46 -47 -48 -49
leaf_value=-0.18398747885931246 0 0.068296156059840629 -0.11048330144766216 0.051756125797045097 0.067650263376130601 -0.10148756266155477 -0.13263332664700134 0.024621447952074313 -0.060108953619255778 -0.15596080762997067 -0.0054376298613103479 0.072093753065935823 -0.024922842400808078 0.3733092795589692 0.090278383565025225 -0.062338795808092914 0.012141999698117575 -0.025161510639468795 0.015509269999206789 0.21235454124764114 -0.11155369577055518 0.01159305317729456 -0.046120680037414187 -0.038413291189074966 0.0041272860072309771 0.002866235415173419 -0.053579564484562678 -0.067393387116903819 -0.169018548690476 0.016024344261311364 0.24834445406502842 0.013026039168689687 -0.018409877506488922 -0.020742975479735536 -0.046365433782344215 -0.0056172683665569132 0.10229242302784204 -0.046097400329648736 0.015619368837375231 0.096760751105957429 -0.044555391972604177 0.038762059815685854 0.10945241605377937 -0.25358650514557007 0.10342616319051662 0.10582013693511587 -0.045958756654226107 0.012367210123750349
leaf_weight=375.3399038965581 332.13641826414096 268.57318303216016 365.6640888916445 173.95957905828254 98.516469799913466 391.54939237365033 717.81571176396392 2487.262383145513 400.09661681743455 209.27139000303578 244.20284214580897 1392.4484649616061 2391.8672414501198 116.32381942906068 121.73033279087394 1377.091961244063 900.44117139163427 759.49751159510924 218.98042983561754 206.72137065045536 402.94678431237116 544.52189122699201 1954.9988574167364 2667.9607740335632 105476.89275389427 12725.548825633188 1066.5482433393481 2276.3979326102417 385.61313993873773 678.67240882164333 118.55471208645031 4366.3441625832056 18480.402913991828 2350.2042609923519 175.96889520715922 1698.8132384112687 334.5298050311394 1713.9019804326817 941.60362381115556 1078.5584720224142 1048.6045560214552 5630.1714961290127 949.17671652487479 88.228826206410304 482.85647419199813 264.23073198180646 588.54009589459747 12888.045803513727
leaf_count=5151 8101 2011 4493 1179 519 4371 28996 9308 11166 1561 1325 11653 24536 1092 968 30794 10245 12686 1223 839 1973 2346 27794 15951 492973 67555 9960 12374 2424 2844 1852 34361 83191 13281 1280 19812 1886 8193 3462 4597 12283 41720 5060 8051 8000 1603 2246 59701
internal_value=0 -0.0582092 0.000571462 -0.0809069 -0.130627 0.00084791 -0.09106 0.00105901 0.000214272 0.000471806 0.0126979 0.00853607 0.0226492 0.0473737 0.231572 -0.0163152 0.000357946 0.0417343 0.0252819 0.112497 0.0190414 -0.0403357 -0.0156501 -0.00118795 -0.000628197 0.00185307 -0.0106371 -0.0373884 -0.0622246 -0.0480739 0.0863953 -0.0108654 -0.00914085 0.00039908 -0.0391078 -0.0104566 0.0119417 -0.0274655 0.0301811 0.0592046 0.00178055 0.031086 0.0855553 -0.0964941 0.0444045 0.0439284 0.0109496 0.00722806
internal_weight=0 1318.53 193610 647.816 473.856 192962 1049.95 192570 186101 185613 22220 21026.6 13291 8138.73 238.054 5152.26 3775.16 7900.67 6469.14 425.702 6043.43 947.469 7735.61 163393 161030 124643 19166.1 6440.57 3340.68 2955.07 1511 7369.95 36386.6 17906.2 2363.37 3099.89 2033.34 2154.1 5095.96 2020.16 5414.95 6389.67 1193.38 488.325 1383.3 440.2 3075.8 15238.3
internal_count=1118990 39108 1079882 6849 5670 1073033 37097 1068662 1042668 1023451 228862 222477 143546 69971 2060 73575 42781 67911 25994 2062 23932 4319 78931 794589 781952 609828 116855 49300 17642 15218 13505 74438 172124 88933 12637 31658 21698 11076 19613 8059 46644 54406 6385 19217 18245 2883 11554 72982
is_linear=0
shrinkage=0.480298


Tree=80
num_leaves=49
num_cat=0
split_feature=3 2 3 1 16 16 6 6 15 6 16 15 16 3 14 13 5 16 1 6 15 5 16 13 14 1 3 0 6 15 6 0 6 16 16 1 15 6 1 6 13 16 3 6 3 4 13 16
split_gain=14.1309 10.5187 10.0163 11.0762 67.9067 32.0316 27.9555 28.4364 17.8287 16.8007 14.2564 13.4763 28.5916 13.3929 11.4864 23.0567 15.3626 13.8487 24.1192 18.5366 13.169 12.8309 13.5498 36.2325 18.5569 16.3411 13.9088 21.377 32.5046 23.0733 18.9207 14.1049 13.528 12.2548 12.0691 19.4611 14.2467 12.2309 11.6917 11.4701 23.258 10.959 14.2555 12.1992 10.7409 10.711 12.2028 10.7938
threshold=0.38041786849498754 0.32408474385738378 -0.16260125488042829 0.56673246622085582 -0.077685978263616548 -1.0497568249702451 0.0050232764333486566 -0.023569785058498379 5.1952354907989511 0.026503635570406917 0.83474647998809826 5.2649364471435556 0.25064590573310858 0.17162030935287478 7.8190941810607919 0.87492626905441295 0.046802934259176261 -2.0447008609771724 0.31213584542274481 0.055775571614503867 5.0317387580871591 -0.043110702186822884 0.011088009458035232 0.76125821471214306 2.4656004905700688 0.28847838938236242 0.10733608528971673 0.94528791308403026 -0.023569785058498379 5.2025904655456552 -0.0044378398451954118 0.83378431200981151 -0.033502226695418351 -2.2488250732421871 -1.8251670002937315 0.34732849895954138 5.1862969398498544 0.0021705925464630131 0.38984602689743048 0.10952169075608255 -0.88759145140647877 0.4063763171434403 0.025395793840289119 -0.0098513001576066 0.061105359345674522 -0.048019614070653908 0.16352482885122302 -0.39506743848323816
decision_type=2 2 2 2 2 2 2 2 2 2 2 2 2 2 2 2 2 2 2 2 2 2 2 2 2 2 2 2 2 2 2 2 2 2 2 2 2 2 2 2 2 2 2 2 2 2 2 2
left_child=1 2 -1 10 5 -5 7 -7 -6 11 14 12 -10 -9 21 16 17 18 19 -16 -19 34 26 25 -25 -24 -23 28 31 -29 -31 -28 44 -21 35 36 -4 -37 -20 40 -32 43 -43 -13 -27 -36 -47 -48
right_child=-2 -3 3 4 8 6 -8 13 9 -11 -12 41 -14 -15 15 -17 -18 20 38 33 -22 22 23 24 -26 32 27 29 -30 30 39 -33 -34 -35 45 37 -38 -39 -40 -41 -42 42 -44 -45 -46 46 47 -49
leaf_value=0.055915705170485788 -0.13219403204468994 0.09142337130119535 0.046069860303173914 -0.32976144176557981 -0.058909274387683112 -0.24177204591649407 -0.14483073036591959 -0.021303694909843615 -0.069687110367602195 -0.041837826465710395 -0.047085760834691764 0.0099529065844830046 0.059391708088471662 0.14637452695107173 -0.0030549322787442987 -0.20773190927458401 -0.039625455967199873 -0.093751986687117816 -0.088895910538174805 -0.16968238407964334 0.0061436908965523934 0.0020101823024054498 -0.053392812598330959 -0.048593214476920325 -0.20931057738955267 0.05031735143587051 -0.090532158549972361 -0.088660931988188224 0.058817469453301796 0.14783656013672666 0.12095648729231548 0.047970324113566686 -0.007695782032476596 0.04478541195573732 0.049757553093617762 -0.036058870147710954 -0.036372711440261489 -0.20657305799471407 -0.2845605318924555 -0.11735571622583454 -0.03961072621091169 0.10358366377001471 -0.061270631411857082 0.1493079963853812 -0.05142065103826899 0.0078319300601852933 0.073188092599435359 0.0029031943995748784
leaf_weight=738.20119208027609 179.67565729279886 288.43176866380963 922.56225141137838 119.13450131337595 622.54870462025428 123.81635138348793 777.03996138034563 905.45137287885882 584.41656153893564 634.50883595773485 1368.8134995723085 197.13400051835924 1141.8458696324378 121.17104974128597 3555.8442643868329 129.32269147018087 2860.7192897911737 302.8215841768324 410.59202999406261 258.09931131775375 15464.097517070746 97720.624705768903 1512.9058391380022 385.035371967635 294.4081991349085 1641.0229513297236 534.2593280885485 673.15831234886718 4003.2884335898852 216.07910128738149 310.17913622014748 235.43093898880761 10659.642325460511 73.816630369692575 2394.157297768339 228.04491837145179 970.25925259714131 173.8283184083266 87.041946517420001 174.24780328244378 586.18247243989026 239.26998900622129 230.2479803613387 588.94353772047907 268.4253625542915 10069.641821686746 1355.8504215107532 799.72878974853666
leaf_count=4285 12737 3621 4415 5581 33550 1176 12748 6507 3279 6381 32862 1095 8933 2117 21009 1797 36939 5826 4485 8279 106623 463290 17065 5034 5403 13921 3125 15197 33245 1127 3790 1601 115118 1319 14576 1125 4779 1887 2565 3688 3661 989 1053 3254 2909 60380 6778 8529
internal_value=0 0.000841847 0.000682639 0.000435198 -0.0191398 -0.0902787 -0.0750668 -0.0274484 0.0151082 0.0279944 0.0012042 0.0430224 0.0154025 -0.000926935 0.0016225 -0.00816494 -0.00701383 -0.00235912 -0.0260061 -0.0132381 0.0041891 0.00328993 0.00154661 -0.0119305 -0.119137 -0.00671597 0.00345585 0.0243643 0.0415598 -0.0172707 0.0197492 -0.0475431 -0.00105598 -0.120566 0.0155484 -0.0163908 0.00356188 -0.111324 -0.124576 -0.00577255 0.0154953 0.080575 0.0217714 0.115021 0.035747 0.020595 0.0148413 0.047346
internal_weight=0 167952 167664 166926 6285.53 2046.61 1927.48 1150.44 4238.92 3616.37 160640 2981.86 1726.26 1026.62 159271 23142.4 23013 20152.3 4385.39 3887.76 15766.9 136129 119215 14761.4 679.444 14082 104453 6732.83 4772.98 1959.85 1286.69 769.69 12569.1 331.916 16914.1 2294.69 1892.82 401.873 497.634 1070.61 896.362 1255.6 469.518 786.078 1909.45 14619.4 12225.2 2155.58
internal_count=1119653 1106916 1103295 1099010 86663 28129 22548 9800 58534 24984 1012347 18603 12212 8624 979485 188842 187045 150106 37657 30607 112449 790643 688174 159450 10437 149013 528724 65434 37971 27463 12266 4726 131948 9598 102469 12206 9194 3012 7050 11139 7451 6391 2042 4349 16830 90263 75687 15307
is_linear=0
shrinkage=0.475495


Tree=81
num_leaves=49
num_cat=0
split_feature=15 5 16 8 13 13 4 10 15 8 8 13 8 13 15 3 1 13 6 10 16 10 3 10 6 0 3 1 16 5 8 16 0 3 6 16 4 2 15 10 3 13 0 16 10 0 8 10
split_gain=18.0755 14.5854 15.5424 13.675 17.4379 12.1369 11.0147 10.99 10.5903 73.8055 33.1465 40.7063 36.5924 18.4693 27.3786 23.337 22.6473 17.8037 17.7395 15.6583 15.4945 13.1904 13.0568 13.0236 17.4836 13.2102 13.1976 13.4927 22.3694 12.6584 13.3671 21.3523 14.2543 12.476 12.366 12.2917 11.7223 11.5378 11.3556 10.9624 11.0383 10.6759 11.1657 10.3842 23.9523 11.3282 10.0279 10.3166
threshold=5.0630667209625253 0.069296363741159453 0.38001103699207311 0.050733126699924476 -0.29061385989189142 -0.61158427596092213 0.22534418851137164 2.7466168403625493 5.2683823108673105 -0.081177428364753709 -0.022348977625370022 -0.46896998584270472 -0.035536859184503548 0.085263945162296309 5.2649364471435556 -0.035897973924875252 0.47713667154312139 -0.059332393109798424 -0.040823508054018014 4.1719322204589853 -1.1426810026168821 1.2732158303260805 -0.05349405109882354 5.1081144809722909 0.016755235381424431 0.7969191074371339 -0.018261094577610489 0.60669776797294628 0.25064590573310858 -0.00080639155930839468 0.14052062481641772 -2.1874451637268062 0.78357321023941051 0.027441775426268581 -0.081877727061510072 0.59024792909622203 -0.094677872955799089 -0.018380460329353806 5.1932976245880136 -1.2838094830512998 0.24494034796953204 -0.91843178868293751 0.76936310529708873 -1.9156150221824644 1.2896239161491396 0.31409873068332678 0.12638624012470248 0.36040537059307104
decision_type=2 2 2 2 2 2 2 2 2 2 2 2 2 2 2 2 2 2 2 2 2 2 2 2 2 2 2 2 2 2 2 2 2 2 2 2 2 2 2 2 2 2 2 2 2 2 2 2
left_child=1 2 3 4 -1 -5 8 -6 13 -10 11 12 21 16 15 37 29 22 35 34 -20 -11 -12 26 -25 -26 27 -22 -29 36 -31 -32 -33 -34 -17 38 -2 -15 -18 -24 -41 -14 -43 44 45 -36 -45 -48
right_child=6 -3 -4 5 7 -7 -8 -9 9 10 17 -13 41 14 -16 19 18 -19 20 -21 23 -23 39 24 25 -27 -28 28 -30 30 31 32 33 -35 43 -37 -38 -39 -40 40 -42 42 -44 46 -46 -47 47 -49
leaf_value=-0.040599862514825627 -0.07636897997924047 -0.049318630213449371 0.015244166896439768 0.064644483690328325 0.0010813850034342677 -0.012533827415887546 -0.071396401280833063 -0.10421616838820008 0.28407448068110452 0.1719575199701798 0.045306181905920617 0.0089329396664707475 0.0014810300979265299 -0.041362344985791603 -0.074156649385129822 -0.084300978136536239 0.039491232390257341 -0.03011037338694162 0.065095201279737877 -0.091045772760433269 0.011729662129876523 0.36083078534192042 0.066465860594832338 -0.0080187101644666695 0.015486923613233547 0.30784110484217192 -0.0032906874827087814 0.16251638991034387 0.018692669260783338 -0.0025284777082645285 0.13983313934943448 -0.061408495145745777 -0.088650276332260899 0.088537117396741263 0.0052342602464560588 -0.00013604408381949601 -0.011546535533762647 0 0.15937591616065788 0.00084936979189403385 -0.0887622322610538 0.15926297403607551 0.0063061893199583005 0.018474631400749234 -0.040697398638579636 0.088266362038320834 0.022954595457997481 -0.083056131704188726
leaf_weight=6165.5905056056945 642.60274263034808 2315.4564147538331 4424.6484845503583 801.82958652063826 5131.0682740723059 1062.5113589554094 468.8861305162427 233.01391497813165 221.96793973920285 298.89297645585611 1827.5040983078943 2007.1345218444476 396.0295615067007 2196.6466289545642 861.49125125602586 257.88581403717399 354.1316468238947 3528.4217333154666 984.79828342745168 294.10206462084898 5243.9047405603342 130.10446025547571 556.5640506260097 165.39138181153976 57.442437988589518 105.52922974186367 18736.227558454375 383.42507043515798 697.49810808897018 44653.296562341318 385.9897880351491 397.76510118460283 107.28889717187849 476.36773119133431 491.0308887809515 386.79590069153346 40876.624011175125 4984.6600154715125 390.30302771556308 9322.9916666205827 320.23868681484601 324.09933231619652 171.57895254832692 24307.603784574661 547.79822985932697 1703.9068297757767 372.39871664531529 452.12730419402942
leaf_count=36461 3807 17075 20598 6954 23239 6206 3632 3904 1363 1528 15161 14216 2901 10544 4875 1132 1829 25366 14398 8137 22922 1827 2329 6180 1707 7520 95792 1754 2950 257919 9716 2835 1087 5925 2700 1650 234814 24740 2045 72861 3047 2487 1169 111315 6462 8623 1414 2537
internal_value=0 -0.0137775 -0.00912989 -0.0172178 -0.0233465 0.0204215 0.00128368 -0.00342265 0.00148661 0.0120362 0.00879843 0.0518631 0.11669 0.000153141 0.00948017 0.011519 -0.00279947 -0.000386588 0.0090949 0.0176442 0.00657272 0.23105 0.00829566 0.00428156 0.0982652 0.208418 0.0030273 0.021816 0.0702524 -0.00654223 -0.00109983 0.0451734 0.00735567 0.055057 0.0188006 0.067421 -0.0125631 -0.0126602 0.103113 0.00161405 -0.0020861 0.0609422 0.107394 0.0197745 0.0476455 0.0699186 0.0167122 -0.0346304
internal_weight=0 20134.1 17818.7 13394 11529.7 1864.34 171089 5364.08 170621 19105.5 18883.6 3327.84 1320.71 151515 36469.7 35608.2 115045 15555.7 27505.4 28426.9 26374.2 428.997 12027.3 25389.4 328.363 162.972 25061.1 6324.83 1080.92 87539.9 46020.7 1367.41 981.422 583.657 28132.8 1131.23 41519.2 7181.31 744.435 10199.8 9643.23 891.708 495.678 27874.9 2742.74 2194.94 25132.1 824.526
internal_count=1119653 114437 97362 76764 63604 13160 1005216 27143 1001584 144255 142892 24128 9912 857329 182479 177604 674850 118764 158747 142320 153223 3355 93398 138825 15407 9227 123418 27626 4704 516103 277482 19563 9847 7012 134183 5524 238621 35284 3874 78237 75908 6557 3656 133051 17785 11323 115266 3951
is_linear=0
shrinkage=0.475495


Tree=82
num_leaves=49
num_cat=0
split_feature=1 16 7 7 16 1 16 3 9 15 16 7 7 7 8 15 16 15 15 3 1 14 9 10 1 16 15 16 1 9 1 9 9 9 15 9 9 16 7 16 8 1 10 3 5 9 14 9
split_gain=22.5338 25.6902 19.1242 27.3734 17.2109 61.4116 26.0923 20.3357 18.7411 17.0265 25.0447 15.7169 24.0288 32.5536 15.1173 42.1807 24.5316 22.8533 19.9069 18.709 17.7787 15.9748 14.8385 14.0304 14.6073 15.4534 14.6835 13.8221 20.8792 16.0039 16.7057 13.8568 13.4899 13.3936 13.2523 13.1914 13.4553 12.4989 12.4425 12.4208 12.0456 11.8824 11.8673 12.3114 19.0161 13.1661 11.378 11.771
threshold=0.71445611119270336 0.86630392074584972 -0.015870826318860051 0.0031706282170489435 -0.33962883055210108 0.35877348482608801 -1.2556368708610532 0.12880909442901614 -0.00055734242778271426 5.2705905437469491 0.21256895363330844 -0.000742496340535581 1.0000000180025095e-35 -1.0000000180025095e-35 0.014236531220376493 5.0864531993865976 -2.0447008609771724 5.2306175231933603 5.2113020420074472 0.13153466582298282 0.192087396979332 3.9376003742218022 0.002176377573050559 4.0755205154418954 0.32099257409572607 0.034569222480058677 5.1862969398498544 -2.7018834352493282 0.18603173643350604 -1.0000000180025095e-35 0.32709524035453802 1.0000000180025095e-35 0.00011665229612844998 -0.0068772949744015923 5.1669800281524667 -0.0029754658462479706 0.0017647139611653986 -3.3009693622589107 -0.089591499418020235 -2.5703328847885127 -0.019827944226562973 0.58232319355010997 5.9896392822265634 0.10105215013027193 0.062022380530834205 -0.0036436269292607899 4.5469796657562265 -0.00072841977817006398
decision_type=2 2 2 2 2 2 2 2 2 2 2 2 2 2 2 2 2 2 2 2 2 2 2 2 2 2 2 2 2 2 2 2 2 2 2 2 2 2 2 2 2 2 2 2 2 2 2 2
left_child=1 2 4 11 5 8 7 34 39 38 -11 -4 13 -13 15 -5 20 23 22 21 -17 -19 42 -18 26 -26 -25 28 -10 30 -29 -31 -33 -3 -7 -2 -37 -15 -6 -1 -21 -39 43 44 45 -16 47 -20
right_child=35 33 3 14 9 6 -8 -9 27 10 -12 12 -14 37 18 16 17 19 46 40 -22 -23 -24 24 25 -27 -28 29 -30 31 -32 32 -34 -35 -36 36 -38 41 -40 -41 -42 -43 -44 -45 -46 -47 -48 -49
leaf_value=0.15176153856253685 0.00034402762800963074 0.13693837796510588 -0.007167614433726298 0.032834560135631456 0.097096361459373018 0.10973628709545782 0.04987275987855061 0.040392993150928883 0.0081426354098477465 -0.14840235074098584 0.045089164749941957 -0.030492233457005032 -0.015189837959570102 -0.036504485101077531 0.11035868382104108 -0.00882834134894229 -0.0025758321949301407 -0.092832574030728213 0.047913460396030977 0.048232312319908689 0.04985894432577221 -0.033027520816275573 0.04166939796814411 -0.050258817330145845 0.018401914473275729 -0.092180140510303626 -0.20978424422541903 -0.063046056935167169 0.1577381324438491 0.084587288099413432 0.094675476937441064 -0.080021161669871013 0.00087688870808388529 -0.050414818710540051 0.25039714893593046 0.15407574080707936 0.042743659945591997 -0.20741599507426867 -0.0023682604009459332 0.028874787429796937 -0.034326868771145436 -0.042358476621967185 0.047424027240098941 -0.037192995483327676 0.074709138946933928 -0.010422140029961812 0.045907121862032788 -3.4410569330523858e-05
leaf_weight=204.29237941442989 655.60222881741356 86.731101737823337 24778.389731137446 5804.7434891367739 294.41149927780498 295.6821308657527 3226.9202483172121 328.34763175121043 1373.5033092837548 417.53725656401366 231.346621473087 1672.9748088748311 6724.4244979366485 198.43620567396283 208.20585748308804 2497.2331043418963 11164.167269956029 1999.1998164416727 1626.8860764187702 645.09177796600852 2171.842293401598 2111.6811104332155 1760.2016597325564 365.04878169158474 845.59076110308524 427.06580768665299 212.93838327005506 1995.9839784854557 250.11306313192472 387.32920170202851 161.16774021356832 531.29039933590684 3658.4685023736674 2854.1798643039365 356.85076545682386 414.49237469991203 643.91287884197664 536.52515689725988 7504.5671683873952 2306.8330310484453 1043.6766410667915 130.82466324418783 898.55885188368848 2709.6966435001814 698.56935099698603 7590.9959862825344 4665.7645043500233 3938.9271039600717
leaf_count=1313 4937 494 260315 47065 1802 1947 29633 3507 6946 8858 3503 16835 67974 1048 1410 12895 113090 48522 16494 3941 14613 28478 13772 2352 7053 3057 1545 18581 1646 2353 1790 4922 33690 33882 2752 2840 5121 3782 81155 21448 5971 1404 10362 17773 4922 58798 43682 39380
internal_value=0 -0.000825739 0.000332859 -0.00290098 0.012371 0.0220035 0.0707747 0.138933 0.00307373 -0.00476417 -0.0787219 -0.0134403 -0.0301655 -0.0696228 0.00381064 -0.00343448 -0.0124208 -0.0200887 0.0126358 -0.0449318 0.0183733 -0.062243 0.000860485 -0.008979 -0.0473276 -0.0183761 -0.110112 -0.00770229 0.0315629 -0.017243 -0.0510034 -0.00122034 -0.00928473 -0.0446832 0.187653 0.0540873 0.0868966 -0.144565 0.00133754 0.0391179 -0.00249885 -0.175882 -0.00503676 -0.00928908 -0.000332042 -0.00712311 0.0285461 0.0139014
internal_weight=0 113893 110952 87427.7 23524.6 15076.8 4207.8 980.881 10869 8447.86 648.884 34041.6 9263.19 2538.76 53386.1 29288.3 23483.5 18814.5 24097.8 5799.65 4669.08 4110.88 13866.2 13014.8 1850.64 1272.66 577.987 8357.86 1623.62 6734.24 2157.15 4577.09 4189.76 2940.91 652.533 1714.01 1058.41 865.786 7798.98 2511.13 1688.77 667.35 12106 11207.5 8497.77 7799.2 10231.6 5565.81
internal_count=1119653 1106755 1072379 846533 225846 130528 37839 8206 92689 95318 12361 351358 91043 23069 495175 288582 241517 214009 206593 86912 27508 77000 107037 127097 14007 10110 3897 69928 8592 61336 20371 40965 38612 34376 4699 12898 7961 6234 82957 22761 9912 5186 93265 82903 65130 60208 99556 55874
is_linear=0
shrinkage=0.475495


Tree=83
num_leaves=49
num_cat=0
split_feature=13 7 13 13 15 14 10 4 0 6 3 0 3 14 15 14 11 14 7 4 0 3 6 5 6 6 10 3 0 10 6 14 7 11 14 15 13 5 5 4 15 4 13 10 15 15 0 10
split_gain=17.5 18.4593 22.1805 20.9783 33.9375 21.1798 24.2225 19.7824 16.3439 16.0642 16.0457 15.5445 17.3785 15.4312 14.8825 28.0037 31.9319 20.0488 17.0208 14.7334 13.4269 21.8117 15.6284 14.8185 13.384 13.3329 12.959 16.3569 20.9205 12.8104 12.8033 12.5586 13.1329 12.2481 15.1653 14.5643 12.233 11.7817 11.4195 11.3041 11.0293 13.9817 11.9713 10.6819 10.6087 10.2002 9.94455 14.0768
threshold=0.95817819237709057 -0.017394742928445336 -0.55379930138587941 -0.65259751677513111 5.1998825073242196 3.0394185781478886 0.76070982217788707 -0.00044467719271779055 0.93818143010139476 0.15027511864900592 0.13448286056518557 0.91672900319099437 0.17162030935287478 27.701725959777836 5.2283360958099374 3.1566095352172856 1.1385439634323122 3.396605491638184 0.064848892390728011 -0.069299325346946702 0.172091118991375 0.013596375007182361 0.017566080205142501 -0.034604733809828751 0.083203773945570006 0.081167347729206099 7.323280096054078 0.18076702207326892 0.74035960435867321 5.6051957607269296 -0.040823508054018014 4.5933716297149667 0.057400200515985496 1.09613573551178 4.8261332511901864 5.2476389408111581 0.74209058284759533 0.028264164924621586 -0.024407024495303627 0.11801654472947122 5.1715152263641366 0.043373867869377143 -0.94479274749755848 1.0342237353324892 5.1132068634033212 5.2220757007598886 0.8611753284931184 1.4981426000595095
decision_type=2 2 2 2 2 2 2 2 2 2 2 2 2 2 2 2 2 2 2 2 2 2 2 2 2 2 2 2 2 2 2 2 2 2 2 2 2 2 2 2 2 2 2 2 2 2 2 2
left_child=1 2 8 4 7 9 -7 11 40 20 19 26 31 14 15 16 45 -17 24 -4 21 22 -6 -22 33 -14 27 -3 -29 -15 -8 37 -33 34 35 -16 -37 -13 -32 -19 42 -42 -1 -2 -41 -5 47 -9
right_child=43 3 10 13 5 6 30 46 -10 -11 -12 12 25 29 18 17 -18 39 -20 -21 23 -23 -24 -25 -26 -27 -28 28 -30 -31 38 32 -34 -35 -36 36 -38 -39 -40 44 41 -43 -44 -45 -46 -47 -48 -49
leaf_value=0.033184340370766813 0.013342273896991903 0.028961588094454573 -0.049540847046000334 0.015854287267462765 -0.035268482715520869 0.043219338167159421 -0.056729474927404704 0.016365488899297394 0.017890547883002057 -0.13915970916761666 -0.10105558951738128 0.031843580675551555 0.040376674777691857 0.17621406092901898 0.014053203533043656 -0.054833980347164635 -0.016265902152912771 -0.013004133933244989 -0.073420490182566397 0.0030452923176274493 -0.06913135211124076 0.14952548661203635 0.11771813351292831 -0.014832474737298769 -0.060035246677226747 -0.15676456692599022 -0.064478162700569164 0.4050874011684204 0.075409111242924945 0.021151533220870308 -0.029229990324644833 0.12563165867859946 0.33353039461770778 0.019806151908901139 0.020682025164588152 -0.025841412561319613 0.036900602065597171 0.17445865107117403 0.013099717463599845 0.12666955180253789 -0.032324820903688656 -0.084570104040732924 -0.02508893831074507 0.08296740067798182 -0.0062238873899642822 -0.031407669077249623 0.02970824376954628 -0.022593129469196064
leaf_weight=988.02627404246596 1193.9193960296689 8950.99360344038 1271.6575161165092 22569.242815415055 756.10378596058581 3442.954449085024 926.645953940053 5157.8222875671709 1754.0323579247633 252.08079899800941 357.98746470490005 621.6526252834592 323.65488550518057 193.60231360571925 4286.8717705324525 2654.6261992801446 12191.920224688831 36116.808155213483 597.56319426500704 22506.783428040908 1393.3883992856427 264.55401623644866 187.28947525378317 6385.1896788729355 648.69353772743489 100.65691308665555 318.64340205705957 56.637341631925665 204.74721719318768 339.27562587813009 1922.7427991441655 502.81381811451865 83.958558612663182 13359.108815758955 5965.4835278954124 7571.9668294227449 767.70051127206534 169.91578417038545 5720.3723778409185 254.28958147577941 6107.7101939420536 1451.6290422081292 4008.5604610574956 879.73453237023205 276.32459029648453 1074.6576992187183 3795.0915845686395 3531.1801134985799
leaf_count=8832 4772 52934 5482 94136 7656 27345 7949 30381 19384 5788 1758 5418 11968 1093 19852 10258 47752 150990 3579 96298 14466 1858 1487 60666 3996 8293 4771 594 5397 2581 22021 5846 2556 67574 27861 45021 3492 2263 67001 1134 48434 12858 21985 3722 1107 4956 40459 23629
internal_value=0 -0.000768896 -0.0100904 0.00155613 0.010185 -0.00360925 0.00952765 0.0225124 -0.0249242 -0.0207414 -0.00127534 0.0369083 0.0775511 -0.00201171 -0.00241335 -0.00612089 0.00348165 -0.0148885 0.00596377 0.000211054 -0.0173517 0.0290917 -0.00430046 -0.0246279 0.0074357 -0.00553058 0.0291641 0.0324613 0.149928 0.0786032 -0.00395618 0.103457 0.156705 0.00882226 0.00090368 -0.00840396 -0.020005 0.0632384 0.0023864 -0.0119806 -0.0309441 -0.0424303 -0.0134665 0.0431352 0.0566875 0.0136848 0.00940312 0.000477348
internal_weight=0 192384 38446.4 153937 45069.1 21251.3 12012.7 23817.8 14310 9238.61 24136.4 11333.7 1802.65 108868 108335 75137.9 35835.8 39302 33197.4 23778.4 8986.53 1207.95 943.393 7778.58 32599.8 424.312 9531.02 9212.38 261.385 532.878 8569.76 1378.34 586.772 31951.1 18592 12626.5 8339.67 791.568 7643.12 36647.4 12555.9 7559.34 4996.59 2073.65 530.614 23643.9 12484.1 8689
internal_count=1119653 1111159 215031 896128 410746 216237 124316 194509 111493 91921 103538 100040 36344 485382 481708 310333 146844 163489 171375 101780 86133 11001 9143 75132 167796 20261 63696 58925 5991 3674 96971 16083 8402 163800 96226 68365 48513 7681 89022 153231 92109 61292 30817 8494 2241 99092 94469 54010
is_linear=0
shrinkage=0.475495


Tree=84
num_leaves=49
num_cat=0
split_feature=9 9 5 7 7 6 6 6 3 6 6 16 7 6 16 3 6 3 16 9 0 3 5 5 9 12 5 0 16 3 14 9 3 9 12 5 2 16 11 14 6 5 0 9 2 5 14 0
split_gain=13.0043 10.5705 9.46257 9.41362 44.6469 43.081 61.103 93.0396 21.6704 16.2018 25.0548 22.585 20.3256 13.4497 13.2027 18.1801 13.0897 24.3976 17.8277 15.166 12.3961 14.4757 11.6792 12.2924 10.5284 10.3104 10.2041 9.98614 13.2128 20.1134 13.8809 11.6411 10.3755 9.96213 9.67103 9.34182 11.3942 8.88542 9.7059 8.62862 8.19846 10.6181 13.1382 7.90058 7.98975 7.80778 7.77435 8.6101
threshold=-0.0099691501818597299 0.013502141460776331 0.058349691331386573 0.0031706282170489435 -0.0011218571453355251 0.0073102253954857596 -1.0000000180025095e-35 1.0000000180025095e-35 -0.0073582413606345645 -0.023569785058498379 0.010030325502157213 -3.0812526941299434 0.032829526811838157 -0.012344208545982836 -0.38378863036632532 0.095410525798797621 0.070537403225898757 0.19655186682939532 -1.8698968291282652 -0.0011839142534881828 0.73302391171455394 0.052821068093180663 -0.025500563904643055 0.017701896838843826 -0.0016917979228310285 1.1018732190132143 0.17509058117866519 0.7253500521183015 0.17662227153778079 0.0093521182425320166 11.314300537109377 0.0025748560437932615 -0.050885047763586037 -0.0011149342753924427 1.3149505257606509 0.03863023407757283 -0.1508829519152641 0.31435430049896246 0.9499449133872987 1.0256127715110781 -0.011083476711064575 -0.0020128419855609532 0.43078334629535681 0.0029964389977976684 0.04694382660090924 -0.05179940722882747 1.9211408495903017 0.8611753284931184
decision_type=2 2 2 2 2 2 2 2 2 2 2 2 2 2 2 2 2 2 2 2 2 2 2 2 2 2 2 2 2 2 2 2 2 2 2 2 2 2 2 2 2 2 2 2 2 2 2 2
left_child=2 3 -1 4 16 6 13 8 -8 20 12 22 33 -6 15 -15 27 18 -18 -20 21 -5 -12 -24 -7 -10 39 28 -2 30 40 -31 -29 -11 45 36 -21 -22 -39 -13 41 -30 -43 44 -36 -34 -46 -48
right_child=1 -3 -4 9 5 24 7 -9 25 10 11 26 -14 14 -16 -17 17 -19 19 35 37 -23 23 -25 -26 -27 -28 32 29 31 -32 -33 34 -35 43 -37 -38 38 -40 -41 -42 42 -44 -45 46 -47 47 -49
leaf_value=0.20914864140968925 -0.0068661496158208893 0.10978194400065117 -0.0020440884045438471 0.0088838537341674913 0.0022768023832037436 -0.061565844734494335 0.12624049886320046 0.039948166425550012 0.18333577531599712 0.0044557084706950334 -0.21869200801287672 0.025427282971820158 -0.064607658006727062 0.041984311894139009 -0.014849040110418392 0.17171911850381846 -0.11108740311175826 -0.22578243748208737 -0.080412056068834531 -0.11983905160524559 0.048888292921322268 -0.039049803051604409 -0.018941476624334631 -0.15332256349076234 -0.0017613072086516686 0.31468560479796859 -0.11907077361470474 0.052507744331422537 0.10639843177943967 -0.034641691544470492 0.16799860554111445 0.063801237257298637 0.04026503775657906 -0.021261009375739333 -0.014487728118054186 -0.062250653373727413 0.026042893768359561 -0.14800352953737675 0.034366582307126414 0.00024767998516056342 0.013232069162611536 0.067737441451027183 -0.074815602085801861 -0.064565412973688827 0.065235365438625126 0.0078844211949605138 -0.038799327530016275 0.035174962355844067
leaf_weight=112.99260352153215 45361.275203817022 193.49062351783505 72.585439927177504 11966.086457340149 4768.343903193716 759.22360049035342 449.17022396111861 2293.6942656273022 246.26501323797129 4222.4623447272097 106.79162033732428 3386.87202557618 2092.7258859105787 2949.5428199698508 784.71808686523582 263.18128314927162 432.47591244542855 134.14731180238596 544.35291653304012 123.89239100218401 2252.8144412897454 1577.7807872734411 638.82451270228921 201.25430046833935 4731.1040473167595 386.05844345927471 151.34543991733517 1074.4569808554952 619.52420325289131 1710.6475341728801 178.67482925963122 311.63257069524843 1871.2482632478059 15431.456342362471 5070.3586191708455 377.61759006415377 2096.2019114255818 110.51002341226558 146.47738586510241 27834.47741455416 1945.3736178162071 418.54757883862476 214.57662272659945 522.36022524662985 602.87260946384049 14692.080225379519 641.43916473141871 760.52741105981841
leaf_count=1603 214087 4160 2601 62700 26008 6820 1974 12238 1827 27816 1821 22863 13779 12250 7062 1836 5804 4979 6091 1702 13621 10224 7171 3224 30148 2797 8961 6559 6284 22560 1580 3493 13335 83461 36864 4120 17390 1979 2093 253496 21521 3978 2313 5624 3946 102234 4302 6354
internal_value=0 0.000101175 0.124453 -2.34025e-05 0.00296943 0.0244063 0.040061 0.0939062 0.207766 -0.00418455 -0.00808821 0.000209898 -0.0204418 0.0192663 0.0394089 0.0528086 -0.00176694 -0.029073 -0.021498 -0.00898571 0.00893275 0.00326264 -0.0713642 -0.0518383 -0.0101267 0.264644 0.00238731 -0.00042781 -0.00423841 0.0177494 0.0400257 -0.019215 0.00721832 -0.0157121 0.00518269 0.00582579 0.0176397 0.0393299 -0.0425015 0.00299495 0.0326783 0.0624684 0.0186396 -0.00868706 -0.0044865 0.0115733 0.0205671 0.00099058
internal_weight=0 167649 185.578 167455 97335.6 17631.3 12141 3375.19 1081.49 70119.9 54066.2 32319.6 21746.6 8765.79 3997.44 3212.72 79704.3 3708.69 3574.54 3142.06 16053.7 13543.9 946.87 840.079 5490.33 632.323 31372.7 75995.6 50760.3 5398.98 3376.7 2022.28 25235.3 19653.9 24160.9 2597.71 2220.09 2509.8 256.987 31221.3 3198.02 1252.65 633.124 7597.56 7075.2 16563.3 2004.84 1401.97
internal_count=1119653 1115449 4204 1111289 598080 102960 65992 18836 6598 513209 422592 297536 125056 47156 21148 14086 495120 40086 35107 29303 90617 72924 12216 10395 36968 4624 285320 455034 275816 61729 35676 26053 179218 111277 172659 23212 19092 17693 4072 276359 34096 12575 6291 57090 51466 115569 14602 10656
is_linear=0
shrinkage=0.47074


Tree=85
num_leaves=49
num_cat=0
split_feature=9 4 2 6 0 2 2 11 7 8 16 15 8 2 9 4 7 15 0 16 0 12 11 11 12 11 12 12 11 12 12 12 11 12 11 12 11 11 11 11 12 11 15 12 11 12 12 12
split_gain=10.9249 17.5931 15.217 15.0473 14.8916 11.3165 12.3278 15.7623 10.4583 12.8407 9.53602 13.8132 38.4919 15.8666 13.2313 12.1954 11.9996 11.702 10.8507 10.1976 10.1207 9.56652 72.0064 24.7448 15.4711 14.8657 22.3604 14.4631 54.783 130.566 66.9043 57.8629 56.5725 50.9801 25.0382 22.9926 31.8783 17.6468 21.7143 17.2359 15.7613 14.7778 13.6309 30.6532 18.4056 25.6564 17.5463 12.7202
threshold=0.0014030589372850957 0.1310275346040726 -0.31291028857231135 -0.1071360297501087 0.83112466335296642 0.12216424196958543 -0.087416298687458024 0.57911920547485363 -0.0339890569448471 0.038736591115593917 -0.25075887143611902 5.2428195476531991 -0.055792935192584985 0.018578381277620796 -0.00089846621267497529 0.015340705402195455 0.042143002152442939 5.2350528240203866 0.53567242622375499 -1.9653668403625486 0.71381977200508129 1.624752998352051 0.81833741068840038 0.40782490372657781 1.6888943314552309 0.4158093929290772 1.2507889270782473 1.381118953227997 0.8041539490222932 1.4878149032592776 1.4537268280982973 1.574534595012665 0.61309704184532177 1.5975604653358462 0.99234220385551464 1.5151190161705019 0.95868813991546642 0.9797065556049348 0.8923761546611787 0.55000519752502453 1.5645944476127627 0.76139572262763988 5.2428195476531991 0.84469363093376171 0.80904179811477672 0.89149385690689098 1.1412889361381533 1.538560748100281
decision_type=2 2 2 2 2 2 2 2 2 2 2 2 2 2 2 2 2 2 2 2 2 2 2 2 2 2 2 2 2 2 2 2 2 2 2 2 2 2 2 2 2 2 2 2 2 2 2 2
left_child=1 2 -1 -4 -2 6 7 -6 -7 -10 11 14 20 16 15 -5 -14 -16 -17 -19 -13 25 23 -23 -25 26 -12 42 30 34 41 39 -33 35 -30 36 -31 38 -37 -32 47 -29 44 -44 45 -27 -47 -40
right_child=4 -3 3 10 5 8 -8 -9 9 -11 21 12 13 -15 17 18 -18 19 -20 -21 -22 22 -24 24 -26 27 -28 28 29 33 31 32 -34 -35 -36 37 -38 -39 40 -41 -42 -43 43 -45 -46 46 -48 -49
leaf_value=-0.067222743949314323 -0.013673448430437943 -0.048993323326824462 -0.065293380101548532 -0.00556499309253667 0.091150782706964681 0.15353807451340457 -0.012976204735650441 0.007298904013008054 0.0068320710083439873 0.094174786519070908 0.065849531315373522 0.11827339251813114 -0.0088614637383640053 0.020835603893309344 0.0026349497282716584 -0.05632879035649821 0.045746101442725728 0.022471500701093421 -0.015927009992172659 -0.04250327624860472 0.030552277896561009 0.1222074442233814 0.2449099512053014 -0.049429199221553248 0.022870009847227007 -0.062451446252325508 -0.044692754458329098 -0.030223025383893595 0.10478218817997162 0.074050505273710501 0.0717695247582575 0.15937163750668185 -0.016923547082187101 0.074237075728248614 0.018422514179362637 -0.07887427435529093 -0.12172656664678851 0.0011093137448565764 -0.1380676519270756 0.15941033105130059 -0.082587550601615031 0.092382255516084741 0.059558096585098044 -0.018413581546602827 0.016821944816990068 0.057579334614704374 -0.0084731047381478609 -0.27106863559383471
leaf_weight=690.98718469182495 24960.164651175808 1488.7859705179289 715.83452268809197 12211.958449924721 602.52163309248863 157.91936192108551 6278.5746218104614 2905.6789873126327 1619.5564806075417 489.3590277399926 490.52770437466097 853.86938025854761 12717.019984822167 8543.1047632210684 41980.945501573151 2372.0399037073948 956.1182632218115 682.7545339440112 4014.0334039430381 2341.4151570781542 468.6780897731951 231.57633607508615 226.24873712984845 3334.1598237395519 805.95790613302961 1610.3300995321479 2256.1479050412308 1837.4960355792427 1682.1213759075617 406.06793011527043 725.2493310875725 540.54932203702629 1566.9772424489493 497.24748389190063 1361.2841038413462 1166.796066183364 334.64795210433658 276.54770878842101 307.42013916186988 1781.9800752089359 307.25089707435109 244.89214343694039 1274.8821405398776 8902.6158360367117 26175.816470042511 1122.5844528580783 4281.7530373988557 394.41518539376557
leaf_count=9443 135545 11108 3844 78311 4511 946 35967 29234 9437 3872 2183 5368 94136 60567 258587 12895 9349 6141 27739 13223 3273 1077 1211 13685 4393 6295 10403 7569 6766 1629 3053 2519 6239 1988 5982 4586 1422 1370 1204 7831 1231 968 5608 55289 126923 5737 17431 1565
internal_value=0 0.00189953 0.00239915 0.00271918 -0.00710605 0.00645443 -0.000441012 0.0218562 0.0364193 0.0273575 0.00304454 -0.000156671 0.00957975 0.00491086 -0.0037675 -0.01433 -0.00500544 0.000587142 -0.031014 -0.027676 0.0875894 0.0074008 -0.0132441 -0.026765 -0.0352389 0.00900304 -0.0247629 0.0106446 0.024155 -0.00576454 0.0543049 0.0859211 0.0281244 -0.0653472 0.0663278 -0.0872476 -0.0138098 -0.109222 -0.123455 0.134285 -0.174408 -0.0155411 0.00644915 -0.00859534 0.0110767 -0.0102945 0.00516828 -0.21376
internal_weight=0 154181 152692 152001 37013.8 12053.6 9786.78 3508.2 2266.83 2108.92 151285 87141.9 23538.8 22216.2 63603.1 18598 13673.1 45005.1 6386.07 3024.17 1322.55 64143.5 4597.94 4371.69 4140.12 59545.6 2746.68 56798.9 13430.9 6733.8 6697.14 4614.76 2107.53 3690.39 3043.41 3193.15 740.716 2452.43 2175.88 2507.23 1009.09 2082.39 43368 10177.5 33190.5 7014.67 5404.34 701.835
internal_count=1119653 900141 889033 879590 219512 83967 69712 33745 14255 13309 875746 569589 172693 164052 396896 118945 103485 277951 40634 19364 8641 306157 20366 19155 18078 285791 12586 273205 55922 27743 28179 19642 8758 14995 12748 13007 3051 9956 8586 10884 4000 8537 217283 60897 156386 29463 23168 2769
is_linear=0
shrinkage=0.47074


Tree=86
num_leaves=49
num_cat=0
split_feature=2 13 15 4 9 4 13 15 16 15 9 13 16 3 16 9 9 16 6 9 13 2 3 2 2 13 13 4 16 13 2 4 16 3 3 9 13 3 12 15 2 13 6 14 6 4 6 14
split_gain=28.2938 30.1797 44.8916 22.7688 19.2108 25.5266 31.5586 18.69 17.5318 17.1258 16.8425 23.0798 23.5764 20.0728 19.9502 17.9822 38.7141 30.0234 26.3131 18.2952 16.5725 16.3899 18.7069 19.6192 16.336 16.1131 24.2533 23.4788 16.0888 15.7255 15.6202 15.4312 15.1533 15.1779 15.135 14.8202 14.3679 13.8986 13.4523 13.2748 12.405 12.2111 13.6972 12.1702 11.4527 11.3884 11.426 11.3306
threshold=0.13791188597679141 0.72429212927818309 5.2428195476531991 0.044210283085703857 0.00071113486774265777 -0.043516822159290307 -0.56724566221237172 5.1194341182708749 -1.9398023486137388 5.1574816703796396 -0.00054187633213587094 0.3820068240165711 -2.6132212877273555 0.080705780535936369 -0.90931957960128773 -1.0000000180025095e-35 1.0000000180025095e-35 -1.9903860688209531 0.17090357840061191 0.00013061662320978942 -0.62349388003349293 -0.072267945855855928 0.10733608528971673 -0.22338821738958356 -0.11595209315419196 -0.89586579799652089 -0.22238310426473615 0.1310275346040726 0.080771259963512435 -0.25212861597537989 0.080044753849506392 -0.13014333695173261 -0.56442850828170765 0.072725914418697371 -0.077089034020900712 -0.0068772949744015923 -0.90887117385864247 0.072725914418697371 1.204744875431061 5.2695047855377206 -0.25253529846668238 -0.87857630848884571 -0.047859253361821168 7.0962657928466806 0.097457390278577818 0.0099614337086677569 0.046621870249509818 2.8509500026702885
decision_type=2 2 2 2 2 2 2 2 2 2 2 2 2 2 2 2 2 2 2 2 2 2 2 2 2 2 2 2 2 2 2 2 2 2 2 2 2 2 2 2 2 2 2 2 2 2 2 2
left_child=1 3 7 4 5 6 9 8 -3 -1 14 13 -13 15 39 34 17 -17 -19 -18 28 22 23 -6 38 27 -27 30 -2 -8 -26 -11 33 -22 -12 -16 -36 -23 44 45 -24 42 -33 -9 -5 46 -7 -29
right_child=20 2 -4 24 21 10 29 43 -10 31 11 12 -14 -15 35 16 19 18 -20 -21 32 37 40 -25 25 26 -28 47 -30 -31 -32 41 -34 -35 36 -37 -38 -39 -40 -41 -42 -43 -44 -45 -46 -47 -48 -49
leaf_value=-0.022690015006521402 -0.0013440257271388348 0.1296667944981032 -0.15397468402280548 0.002326364872069621 0.12415333909849054 -0.011090384863476391 0.10528239566542336 -0.029860454460277186 -0.0028562476748093201 0.07415980188390002 0.083355842354691914 0.10972044819238537 -0.01535130285186935 0.025137062400532421 0.058298742771817604 0.012680670204669902 -0.058837544597988976 0.21027262747767378 -0.012299342010950289 -0.01364517642365279 -0.048717483311471119 0.015519574661142307 0.0050839589942577677 0.0104426889298298 0.0060390343901438812 0.052403633822683739 -0.000306011130139397 0.13526832998154392 -0.046913536359762566 0.032445170224259891 -0.059035645385646096 0.13255322243627948 -0.026447769353814907 -0.17687741394111928 -0.079267556388813928 -0.015129393750530143 -0.033120262158279991 0.054649939737294713 -0.046448521290128116 0.081625396411805384 -0.043149827085373176 0.033776468745246944 -0.016945344126818786 -0.14096924547509282 0.13138408972723922 0.034118907876922712 0.040173929707985417 0.029299757232854259
leaf_weight=3902.8165347594768 6007.2224952643155 290.23122137086466 637.59882384257799 1487.5778349623433 366.20309291139711 4682.1603787739296 994.74925539633841 1372.5649383243872 893.11222946338239 894.2695356013719 214.85573981388006 625.63501573726535 702.79776734701591 1969.0590184801258 636.93637455475982 2220.5605098294327 2754.0553810420679 357.34666021820158 169.3521811835235 7262.1970351164346 445.36027871567057 8554.4736049070052 2049.2775686422829 4200.9381321333349 3907.2118995130295 6623.818196344655 2707.2172582865605 388.99245896725915 2415.8123665715684 2023.6511870156828 1029.895937433932 140.30330166220665 1144.6508037255553 402.06358696031384 1871.2753664883785 12562.582495767114 7923.323548369357 2655.5103591370571 1414.1663438193791 648.76509248028742 2738.6975355648319 2326.0834593438776 3220.04552573213 264.22884586878354 169.87181569397217 3262.5854988175852 1211.693765899865 560.76641631772509
leaf_count=27927 40185 1638 13626 10532 2184 39303 9605 25501 16662 7636 3294 2898 19185 12477 4556 14218 24702 2273 1224 72327 5552 120299 18799 33348 26484 52100 48678 1978 16517 31733 6194 1507 17528 2762 12249 149804 81264 18558 10426 8259 17628 18478 23508 3470 1543 26008 8624 4402
internal_value=0 0.00204079 -0.0411898 0.00351952 0.000205801 -0.00389052 0.0142214 -0.0154781 0.0293314 0.00196142 -0.00888339 -0.0170755 0.0432363 -0.0203344 0.000380348 -0.0242877 -0.0125177 0.0369056 0.137928 -0.0261228 -0.0236823 0.0126929 -0.00180766 0.0196885 0.0185568 0.0248876 0.0370621 0.00550729 -0.0144737 0.0566324 -0.00744962 0.0166542 -0.0623558 -0.110215 -0.0392463 -0.0115463 -0.041992 0.0248351 -0.0126531 0.0164833 -0.0224105 0.00751642 -0.0105258 -0.0481594 0.0159086 0.011808 -0.000466277 0.073293
internal_weight=0 104889 3457.74 101432 83142.2 62577.1 13501.9 2820.14 1183.34 10483.5 49075.2 26070.5 1328.43 24742 23004.7 22773 12763.5 2747.26 526.699 10016.3 10415.1 20565.1 9355.12 4567.14 18289.5 15217.9 9331.04 5886.87 8423.03 3018.4 4937.11 6580.7 1992.07 847.424 10009.5 13199.5 9794.6 11210 3071.62 9805.2 4787.98 5686.43 3360.35 1636.79 1657.45 9156.44 5893.85 949.759
internal_count=1119653 1037109 60897 976212 813875 603059 120394 47271 18300 79056 482665 246111 22083 224028 236554 211551 114744 17715 3497 97029 82544 210816 71959 35532 162337 139836 100778 39058 56702 41338 32678 51129 25842 8314 96807 154360 93513 138857 22501 82194 36427 43493 25015 28971 12075 73935 47927 6380
is_linear=0
shrinkage=0.47074


Tree=87
num_leaves=49
num_cat=0
split_feature=2 5 3 9 6 7 3 16 9 3 7 13 14 16 9 3 6 0 7 2 14 6 15 13 7 13 0 13 0 6 5 16 16 5 16 0 5 9 16 3 7 2 9 2 3 15 0 14
split_gain=14.7096 20.3439 19.92 23.893 16.0045 25.8927 23.4136 14.819 14.1569 13.1346 12.1974 12.0376 11.8542 10.9252 10.9206 12.3655 17.798 15.8329 13.8051 12.323 11.8756 10.7127 10.446 10.1327 12.0245 9.47506 9.20973 17.0098 9.85339 8.82977 13.6054 11.7772 8.27742 8.8623 8.25067 8.13186 7.87448 8.33516 7.83142 7.7767 7.61312 6.95401 8.73416 7.22184 27.6959 20.1517 18.3953 15.3593
threshold=0.093936841934919371 0.15073095262050631 0.26370456814765936 -0.0048465090803802005 0.20158795267343524 0.078983660787343993 -0.00059772786335088302 -0.53025808930397023 -0.006159373326227068 0.38041786849498754 0.0023385904496535663 0.97898185253143322 5.1806449890136728 -0.14257295429706571 0.0079253562726080435 0.02885481528937817 0.014062910340726377 0.87632450461387645 0.033573394641280181 0.21204871684312823 2.440150380134583 0.011816897429525854 5.0342803001403817 -0.25212861597537989 -0.035829948261380189 0.41436211764812475 0.67726394534111034 -0.74459007382392872 0.48417423665523535 0.094719186425209059 0.026033057831227783 -0.27277077734470362 0.86630392074584972 -0.014486900530755518 -0.26211726665496821 0.52047124505043041 -0.067262999713420854 1.0000000180025095e-35 0.04589520767331124 -0.16260125488042829 0.11692578718066217 -0.2641021460294723 -0.0002655220305314287 -0.11090283468365668 0.057921178638935096 5.1326017379760751 0.93635612726211559 3.4955070018768315
decision_type=2 2 2 2 2 2 2 2 2 2 2 2 2 2 2 2 2 2 2 2 2 2 2 2 2 2 2 2 2 2 2 2 2 2 2 2 2 2 2 2 2 2 2 2 2 2 2 2
left_child=2 14 4 -4 8 -6 34 -8 25 10 38 39 -9 -5 15 17 22 19 26 23 -20 -19 -17 24 -2 35 27 -18 -29 31 -31 -22 33 -26 -7 -1 -28 -38 -3 -10 41 42 -41 44 47 46 -46 -43
right_child=1 9 3 13 5 6 7 12 11 -11 -12 -13 -14 -15 -16 16 18 21 20 -21 29 -23 -24 -25 32 -27 36 28 -30 30 -32 -33 -34 -35 -36 -37 37 -39 -40 40 -42 43 -44 -45 45 -47 -48 -49
leaf_value=-0.01194665975073074 -0.092750180068873089 0.10731915297625366 0.08739002344181418 -0.21432921584486156 -0.16377456713274152 0.051266838630846259 -0.20753257764013741 -0.074062958259611192 -0.071622015695658042 -0.042623632644801422 0.045633547384438623 0.050797568131511567 0.15697580893995605 -0.073122067961103335 -0.065820236782845001 0.094281550781057474 0.1008900485950205 0 -0.030118777637524446 -0.09892628674366323 0.11162365937672968 0.08512365966560842 0.027111343763527557 0.016650401525572865 0.0056996285355130514 0.05894404667093147 -0.093117970591452034 -0.053885590101762186 0.044173176984377921 0.20851343553298671 0.032127628137701696 -0.033690796193270242 0.062692981839655895 -0.029676149566064347 0.31925561853503209 -0.13186102660614882 0.0049062954575109646 -0.036436898794537695 0.26600380658637801 0.016736398735566937 -0.063820885585260265 -0.029363487281894099 -0.097194306087781068 -0.0016796186229510388 0.10920242737232515 0.016309020588346053 -0.0079075440406121238 0.01326676468593913
leaf_weight=198.78472895770392 423.18243499135133 165.72709395887796 142.65937727158598 203.44031564779289 349.50378514666227 55.084512887493474 98.12458134899498 126.92685040822835 346.80059843201889 135.67296923871618 291.95557728846325 988.01430198922753 78.368584932177328 342.64250507979887 440.05682412133319 553.55938322725706 437.0284461020492 596.55211466457695 328.76602055510739 326.30438373726793 218.89189135108609 708.21910243219463 8294.1397073597764 3047.7507677893154 2710.2886666790873 104.51278091710992 302.82436490780674 527.1438704142347 393.88633003924042 210.18547403349658 193.24320476787398 274.46405455400236 320.02419655118138 3664.2415745687904 56.754275297746062 387.15853385881928 2297.2735919237603 2011.0525294925901 142.15291509917006 240.44795564153173 427.36903775567771 3690.8769538127526 365.58834952536563 148645.67782243955 1225.6159802026232 3225.2874158389168 382.45209521593642 3783.6667481157929
leaf_count=1749 2293 1520 8463 15582 7150 1742 6479 2621 3460 1817 3014 3999 2151 10742 3047 2380 2122 2572 2976 1773 1877 3520 40537 12648 14689 496 2093 2211 1689 2332 2600 1220 1257 18815 582 5595 14561 12910 674 7067 4031 26973 10578 754288 11580 43902 6181 27095
internal_value=0 0.00957898 -0.0019115 -0.0817566 -0.00157441 -0.0694817 0.00895207 -0.0577731 -0.00125448 0.0868776 0.116974 -0.00096698 0.0121843 -0.126884 0.00754888 0.00872787 0.0172391 -0.00280736 -8.36959e-05 -0.00892797 0.0453369 0.0460176 0.0313772 -0.00598334 -0.015742 -0.0684793 -0.00949397 0.0244116 -0.011437 0.0735264 0.125477 0.0299254 -0.0107907 -0.0145629 0.193058 -0.0920711 -0.0195849 -0.0142867 0.182734 -0.00128525 -0.00113131 -0.000962175 -0.0512631 -0.000769535 0.0101828 0.0379647 0.0810696 -0.00772189
internal_weight=0 29014.6 165466 688.742 164777 764.763 415.259 303.42 164012 735.509 599.836 163322 205.295 546.083 28279.1 27839 16042.5 11796.6 7194.76 10491.8 1225.55 1304.77 8847.7 10165.5 7117.74 690.456 5969.21 1358.06 921.03 896.785 403.429 493.356 6694.55 6374.53 111.839 585.943 4611.15 4308.33 307.88 162334 161987 161560 606.036 160954 12307.9 4833.36 1608.07 7474.54
internal_count=1119653 157147 962506 34787 927719 20725 13575 11251 906994 7025 5208 899154 4772 26324 150122 147075 89508 57567 46591 51475 11005 6092 42917 49702 37054 7840 35586 6022 3900 8029 4932 3097 34761 33504 2324 7344 29564 27471 2194 895155 891695 887664 17645 870019 115731 61663 17761 54068
is_linear=0
shrinkage=0.47074


Tree=88
num_leaves=49
num_cat=0
split_feature=8 15 16 16 2 2 6 10 14 14 15 8 6 16 16 8 3 15 16 8 8 10 6 14 3 2 2 14 14 10 3 6 2 8 8 10 8 11 10 12 3 8 15 16 2 3 14 7
split_gain=10.4417 63.7669 40.3375 16.9676 11.0831 17.1213 10.5092 9.01219 20.8197 13.3187 11.0901 16.9831 13.8753 12.3215 13.4603 11.9736 11.1816 10.037 36.4441 17.6551 11.6015 9.85426 11.0047 9.60693 10.7053 9.56645 9.46885 10.0085 8.78482 21.5134 12.4829 11.8016 11.2128 15.7504 11.1417 10.0923 9.79545 9.30341 10.7526 11.0085 10.3542 8.89025 16.0829 17.4467 14.4489 9.31719 8.61579 8.56066
threshold=0.20001861453056338 5.1902952194213876 -1.7382562756538389 -0.17484744638204572 -0.022852083668112751 0.0077105041127651939 0.039384603500366218 3.3052608966827397 20.019912719726566 2.4893110990524296 5.2428195476531991 -0.053293824195861809 0.097457390278577818 -0.56442850828170765 0.011088009458035232 0.014236531220376493 -0.074874632060527788 5.0342803001403817 -1.6012886762619016 0.055406659841537483 -0.10282425582408904 5.6051957607269296 0.0089981714263558405 7.6269893646240243 -0.0226677106693387 -0.13011480867862699 -0.06617980450391768 30.658864021301273 4.9768187999725351 0.15236344933509829 0.11610977724194528 0.033941993489861495 -0.20745131373405454 0.025152095593512062 0.14606266468763354 -2.6129113435745235 -0.021827559918165203 0.97556096315383922 1.6266918182373049 0.97986325621604931 0.041440859436988838 0.05807513743638993 5.2571423053741464 -1.3784746527671812 0.078510239720344557 -0.013982085976749657 2.4142118692398076 0.0066423702519387015
decision_type=2 2 2 2 2 2 2 2 2 2 2 2 2 2 2 2 2 2 2 2 2 2 2 2 2 2 2 2 2 2 2 2 2 2 2 2 2 2 2 2 2 2 2 2 2 2 2 2
left_child=7 2 -2 4 -3 46 -4 8 17 21 12 -12 16 15 -15 -13 -11 18 47 20 -20 -9 -23 -16 -25 -17 27 -18 32 30 -30 41 33 36 37 -34 -19 40 -39 -40 -33 -31 43 45 -45 -43 -6 -1
right_child=1 3 6 -5 5 -7 -8 9 -10 10 11 13 -14 14 23 25 26 28 19 -21 -22 22 -24 24 -26 -27 -28 -29 29 31 -32 34 35 -35 -36 -37 -38 38 39 -41 -42 42 -44 44 -46 -47 -48 -49
leaf_value=0.052118777702705288 -0.031009352704026938 -0.32429664335709485 0.41400511454165079 0.077842851914211933 0.043203999225706724 -0.26177178666875439 0.098329254414247391 -0.0098179357996888064 -0.10174163789145699 0.073354949102347702 -0.099580781914617528 0.0098711357874281241 -0.049969018597213609 0.050427936420699565 -0.042933195577256139 -0.15785762302200823 0.050266772808763946 0.0043578766298776597 0.10494973400312463 0.043585165784562258 -0.11013160671694953 -0.011420094630705802 -0.15985316582831247 0.12177570453388439 -0.0013605123419915975 -0.031161443742329535 0.012655084649071138 -0.10048983653028835 -0.032912143657716324 0.0063897783538074187 -0.14822288875085973 0.028402248326067973 0.075080199321041916 -0.034423126567735454 -0.18413186231975645 0.0006616424247242686 0.088624395240069681 -0.070118153150662096 0.046113498874097582 -0.037118050241283257 -0.039479685718358658 -0.11153989648634378 -0.068902956631578124 0.01620708694625897 0.15220721222264491 -0.013801244014862005 -0.15221087049925533 -0.028078622316621255
leaf_weight=920.36026316374773 158.2326757864721 101.75591738286312 84.884371761865623 56.908775557356421 100.9417347114213 147.06340847246611 38.163521215923538 1737.1354815165687 445.3324099277088 907.92801267630421 366.50822363344196 2103.8202146532421 581.73053463881661 1862.2518831153866 824.30153478123248 141.14737214251363 2512.2853567174316 452.22667657677084 54.074433781614061 211.38414875112358 1200.4176166928955 221.501624854689 226.59043257957092 199.58315993938595 620.5946248981636 1826.0126922229392 9549.9149870705733 96.547095324742259 3748.0119602082559 17867.876495454249 217.83867962189106 1344.6878732556943 396.41017741372343 488.97670667228522 90.961572904401692 107416.16518907284 962.77083319080702 1223.7227762282128 489.11527078962536 1147.5841759792384 762.88029020292743 301.9076589216711 1009.5757439466252 1030.2163096537697 205.02036301302724 753.26149757594976 89.3595595380757 412.19442400205298
leaf_count=4564 6820 7395 1311 570 773 5066 2021 9449 3841 4346 2583 12061 22440 11970 4069 2409 28824 5976 438 3823 34387 1191 1501 1062 3474 12014 62911 3001 35694 107003 5975 10778 3017 7504 2443 609204 9826 14079 4783 11457 12170 1433 4753 6878 1503 5568 2443 2852
internal_value=0 -0.0539477 0.122112 -0.154767 -0.18608 -0.142179 0.321437 0.000156169 -0.00123657 0.00856034 0.0120841 -0.00170538 0.0201442 0.00297954 0.0232747 -0.0143897 0.0233049 -0.000918955 -0.0285511 -0.0793149 -0.100413 -0.0260353 -0.087706 -0.00720299 0.0281479 -0.0405645 0.0195234 0.0444727 -0.000362732 -0.00740485 -0.0393993 -0.00254778 0.00157098 0.03702 -0.0227757 0.000940284 0.0620444 -0.0196911 -0.0370122 -0.0119474 0.00360281 0.00226537 -0.0199204 0.00148761 0.0392618 -0.0422869 -0.0464366 0.0269597
internal_weight=0 777.31 281.281 496.029 439.121 337.365 123.048 166931 143153 23777.9 21592.6 7944.22 13648.4 7577.71 3506.73 4070.98 13066.7 142708 2798.43 1465.88 1254.49 2185.23 448.092 1644.48 820.178 1967.16 12158.7 2608.83 139909 30192.7 3965.85 26226.8 109717 1903.97 5058.95 107813 1415 4967.99 2860.42 1636.7 2107.57 21167.9 3299.98 2290.41 1235.24 1055.17 190.301 1332.55
internal_count=1119653 26399 10152 16247 15677 8282 3332 1093254 909949 183305 171164 49642 121522 47059 20575 26484 99082 906108 46064 38648 34825 12141 2692 8605 4536 14423 94736 31825 860044 224517 41669 182848 635527 23306 55710 612221 15802 53267 30319 16240 22948 127138 20135 15382 8381 7001 3216 7416
is_linear=0
shrinkage=0.466033


Tree=89
num_leaves=49
num_cat=0
split_feature=1 0 16 9 1 7 7 3 6 16 3 6 3 3 9 13 6 9 15 1 3 16 13 16 7 13 16 6 1 16 7 11 11 11 6 6 6 15 6 6 0 2 6 7 2 11 0 4
split_gain=12.3221 23.9727 22.0199 13.3813 12.2182 12.3368 10.718 10.2493 30.0928 13.843 17.7008 13.3033 9.90801 9.54193 9.3943 13.3535 11.3629 15.7003 10.9298 10.5898 12.1005 9.63493 9.28058 9.09573 8.82901 9.81559 8.80171 14.5479 10.6386 8.75475 9.37993 8.95613 8.61109 11.7044 8.23438 8.01126 9.0317 7.9314 7.9514 7.92719 8.33663 7.70763 7.61205 9.09605 7.54208 7.5419 7.48934 9.53743
threshold=0.28847838938236242 0.40372933447360998 -2.1874451637268062 -0.0010690705385059116 0.34732849895954138 -0.0026608216576278205 -0.056307807564735406 0.026768705807626251 0.14421332627534869 -2.1298555135726924 0.10733608528971673 0.11299000307917596 0.10953148081898691 0.058897964656353004 0.0019560618093237285 -0.92321011424064625 -0.011516250669956206 -0.0039479720871895543 5.1435923576354989 0.55999639630317699 0.15879228711128238 -0.13143330067396161 -0.40603277087211603 -2.7018834352493282 -0.036835411563515656 -0.86027285456657399 -1.6594548821449278 0.030337470583617691 0.1080746427178383 -1.8470785021781919 0.031364189460873611 0.8323878049850465 0.59051364660263073 0.46066956222057348 0.28431320190429693 -0.013183454517275093 0.019772394560277465 5.1132068634033212 0.022066210396587852 -0.036393955349922173 0.9884629249572755 0.09794440865516664 0.012194000650197269 0.078983660787343993 0.09794440865516664 0.58459892868995678 0.89731135964393627 -0.051972137764096253
decision_type=2 2 2 2 2 2 2 2 2 2 2 2 2 2 2 2 2 2 2 2 2 2 2 2 2 2 2 2 2 2 2 2 2 2 2 2 2 2 2 2 2 2 2 2 2 2 2 2
left_child=1 3 4 -1 23 -6 -5 11 9 10 24 39 -10 26 16 18 17 -4 -16 -19 21 -21 -11 37 -9 45 27 -8 -28 30 -13 -32 33 -20 41 -25 -37 -2 -39 -3 -41 -18 -17 -44 -27 -26 47 -43
right_child=2 7 14 6 5 -7 13 8 12 22 -12 29 -14 -15 15 42 34 19 32 20 -22 -23 -24 35 25 44 28 -29 -30 -31 31 -33 -34 -35 -36 36 -38 38 -40 40 -42 46 43 -45 -46 -47 -48 -49
leaf_value=-0.0749100887462604 -0.03039903184317358 -0.028011208046912348 -0.041268504214753234 -0.087996861917989069 0.21151951776647115 0.062884157901164278 -0.020095014509734055 0.14579217124274407 0.09846216665191744 -0.019779709487120926 0.12321080746114592 -0.071503315560534908 0.012487311910619327 -0.083621302117596774 -0.022665322113295111 -0.018265568203241402 0.0028970943276807864 0.011077544854836512 0 0.15621576823902783 -0.047898814840540024 0.048243642523378823 0.012229014838584186 0.11162026052376658 0.061352428883673114 0.041637526991987327 -0.096008294334534366 -0.1051031158747612 0 -0.057859804518935326 0.15151927213671734 -0.0070254531238620284 0.019932706312205763 0.13787879148381446 -0.086536873286293295 -0.036284362350527746 0.069462139032335155 0.21158430303426104 0 0.0030152496166014507 -0.069597079741839651 0.019052860731521164 0.0019973228424206304 -0.091332639644808616 -0.053276430589403227 -0.059181360526041622 0.0077823780400336807 -0.023024601953849855
leaf_weight=971.89674451737665 64.161843958507234 2219.9957827855833 1185.5407125909405 462.80047652870417 175.35035457967751 443.26194125878828 4609.8962174779736 108.28903953917325 1041.368914624225 4891.2089774454071 388.98380772376549 172.56042147352127 422.53664366053999 435.42635811178479 1063.5287853451882 12753.918159105655 70285.221628517887 27797.884304917272 227.4031653659622 214.2975860464212 238.67527694191085 1310.2691691796645 3272.0714109732944 136.16165299165004 135.61253148782998 1448.4476042920287 258.55738055412075 486.62682052349555 7425.5700506680878 1583.6909366361797 137.27910199767211 163.61668058100622 2524.5001237058314 343.93444337858818 233.14543658844195 685.96971519081126 233.20834486014792 137.47597947840404 52.385803550103446 17120.454460340872 349.1459340256115 1363.5734877612558 8598.7896540176298 231.89431168726878 203.01866972245625 577.9765531742014 3822.7090151362645 7794.5401376425289
leaf_count=5856 1164 11958 7174 2537 3706 9539 34231 1100 8962 29260 5788 2597 3863 2442 8756 68290 391944 139899 1528 1251 1631 6064 17280 1176 1113 12860 1388 3282 39416 10402 1709 3689 19864 1978 2350 5394 3421 2073 1554 107936 1993 7275 49584 1625 1761 6884 22773 41333
internal_value=0 -0.00616816 0.00241048 -0.0219441 0.0518714 0.106041 -0.0181415 0.00056968 0.0112216 0.00283937 0.0307505 -0.00552669 0.0739903 -0.0156536 0.0017256 -0.00631009 0.00354046 0.0112005 0.0178232 0.0133219 0.0484135 0.0638185 -0.00689271 0.0258615 0.0159769 0.00977698 -0.0132952 -0.0283222 -0.00326538 -0.0411878 0.0136013 0.0640268 0.0318858 0.0837599 0.000714142 0.00629757 -0.0089022 0.104969 0.153076 -0.00177529 0.00153345 0.000965078 -0.0109828 -0.000410823 0.0296623 -0.0355688 -0.00945942 -0.0167073
internal_weight=0 48887 141918 14650.8 1927.98 618.612 13678.9 34236.3 12489.5 11025.6 2862.33 21746.7 1463.91 13216.1 139990 25744 114246 30746.7 4159.37 29561.1 1763.24 1524.57 8163.28 1309.36 2473.34 2365.06 12780.7 5096.52 7684.13 2057.15 473.456 300.896 3095.84 571.338 83499.2 1055.34 919.178 254.024 189.862 19689.6 17469.6 83266 21584.6 8830.68 1651.47 713.589 12980.8 9158.11
internal_count=1119653 318307 801346 89152 28027 13245 83296 229155 88871 76046 29506 140284 12825 80759 773319 151625 621694 156019 32126 148845 8946 7315 46540 14782 23718 22618 78317 37513 40804 18397 7995 5398 23370 3506 465675 9991 8815 4791 3627 121887 109929 463325 119499 51209 14621 7997 71381 48608
is_linear=0
shrinkage=0.466033


Tree=90
num_leaves=49
num_cat=0
split_feature=2 16 8 8 16 16 12 6 0 0 6 7 16 14 10 10 2 7 6 14 6 0 6 11 0 11 6 7 7 6 14 16 7 4 16 6 7 7 6 0 12 6 11 6 0 0 4 2
split_gain=16.7854 13.7707 13.0085 18.7003 14.0634 12.7786 14.4297 11.7515 11.5446 10.8827 12.4838 22.6641 17.9893 11.5227 15.7538 11.9931 10.8062 10.7129 14.6004 18.2149 13.916 10.5717 10.2407 10.009 9.83746 9.62894 10.31 18.2013 14.943 12.9562 13.2429 9.57197 9.6177 11.1204 9.54371 12.5985 37.9545 20.666 24.8042 12.6141 12.5941 11.7154 11.2465 11.2355 10.4543 9.44695 9.42025 9.12155
threshold=0.04694382660090924 -3.6993480920791622 0.093533415347337737 -0.020320148207247254 -2.3454419374465938 -2.8494665622711177 1.5596277713775637 -0.0083245029672980291 0.38157752156257635 0.99111273884773265 0.041674315929412849 0.036928696557879455 -2.2795002460479732 2.3433899879455571 4.4752671718597421 -0.18904151767492292 -0.042464887723326676 0.036928696557879455 0.072181690484285368 5.3958804607391366 0.10952169075608255 0.84503477811813366 0.042441289871931083 0.42392136156558996 0.78011256456375133 1.3455020785331728 0.023970048874616626 0.023233185522258285 0.0050730707589536914 -0.060532100498676293 10.635883808135988 -1.9653668403625486 0.00077580305514857184 -0.065015640109777437 0.77195569872856151 0.11655478924512865 0.03606266342103482 0.041007228195667274 0.070537403225898757 0.94354936480522167 1.1874378323554995 0.33178682625293737 0.6777341663837434 -0.081877727061510072 0.98002815246582042 0.172091118991375 0.017889532260596756 0.088347215205430998
decision_type=2 2 2 2 2 2 2 2 2 2 2 2 2 2 2 2 2 2 2 2 2 2 2 2 2 2 2 2 2 2 2 2 2 2 2 2 2 2 2 2 2 2 2 2 2 2 2 2
left_child=1 7 3 25 5 6 16 -1 22 10 11 13 47 15 46 -2 -4 20 -19 -20 -14 -16 -6 -5 -22 26 27 29 -28 -3 31 45 33 -33 35 37 -37 40 43 -40 -25 -38 -42 -39 -36 -31 -15 -12
right_child=9 2 4 23 8 -7 -8 -9 -10 -11 12 -13 17 14 21 -17 -18 18 19 -21 24 -23 -24 34 -26 -27 28 -29 -30 30 -32 32 -34 -35 44 36 41 38 39 -41 42 -43 -44 -45 -46 -47 -48 -49
leaf_value=-0.031542346840157005 0.0045110488934418571 0.089403017001468951 0.12290022153882837 0.025088047489279976 -0.033852403973531967 -0.05006264716200344 -0.11406627960416778 0.070338435186271295 0.035040595742729587 -0.052416666142334749 0.025288408019840676 0.052029534272102745 -0.00028404971096943207 -0.017606496144620645 -0.022704488901408654 -0.05229231112328666 0.011585658052482675 0.049859522157666654 -0.0077515475657860189 -0.092292576686623079 0.1457299083072261 -0.086179294488147276 0.1084528014015083 -0.0019634861351248648 0.03514961006923558 0.056450303656027566 0.04231490728567272 0.049171818733220331 0.0039991723401431659 0.089011735790135452 -0.052606497485194165 0.054950644969062663 -0.039735985793767095 -0.011487873802223806 -0.023392805227991642 0.068851933958240408 -0.024409197907562047 -0.046576051770938875 0.0038680251079454006 -0.11001874636595345 -0.00021088055439549792 0.098276793734453888 -0.026148927371688759 0.072660722107559153 -0.12529054137659498 0.0088462911558799037 0.009592463121584802 0.13308884473281721
leaf_weight=305.90912247798406 1035.3108630547649 294.0126377560664 254.55826067487942 2372.7050063381903 941.43406349915313 1097.0341029666597 150.37265667039901 1137.8063997607678 6648.0900436157244 1232.3479430237785 372.4121713321656 1043.0571073890023 5031.5284448962775 5526.9254051635216 1710.3011809496675 3439.9492766275071 778.99504493590211 489.09285121771973 1571.1015775053529 865.60357173002558 211.23419894766994 877.76478348847013 122.32438251562417 21047.98483607237 1140.8337868943345 1009.0476085114497 4091.8612757516967 1451.6887290899467 4872.5489374056924 373.72787416912615 1341.540898381616 666.61274953046814 1980.6848143865063 3028.7135449106427 2497.081832531665 1925.8033332502237 2583.9625800137292 184.35289101669332 744.03847487567691 290.02671685110545 5111.4932854460494 178.73452466249 12845.922938612537 1779.7355148752686 242.28650714886317 2300.1614384151762 5513.4419483929523 336.02412346418714
leaf_count=1338 20113 3748 4267 25350 9739 9902 1354 6447 53381 8197 2543 11548 35082 73357 12558 55027 6164 3769 7708 5803 1238 5682 874 207041 5895 8748 31069 16271 36968 2503 9971 5976 30893 48631 28874 11542 17183 2041 4663 2036 56430 1516 142488 16629 1758 13319 49009 3010
internal_value=0 0.00329452 0.00250536 0.000346024 0.018278 -0.0137277 0.0195611 0.0484214 0.0278055 -0.00947223 -0.00763991 -0.0146207 0.00565596 -0.0184893 -0.0117013 -0.0390492 0.0395446 0.000154329 -0.0231418 -0.0380002 0.0109066 -0.0444375 -0.0169642 -0.00443564 0.052865 0.011937 0.00970985 0.000392942 0.0215434 -0.00665609 -0.00962728 -0.00266072 -0.0135394 0.000382745 -0.00586268 -0.00428235 0.0186013 -0.00684814 0.0303932 -0.0276993 -0.00972335 -0.0162706 -0.0187922 0.0612138 -0.0326178 0.0202543 -0.00398178 0.0771925
internal_weight=0 84651.3 83207.5 73214.7 9992.81 2280.96 1183.93 1443.72 7711.85 30396.9 29164.6 19146.8 10017.8 18103.7 13628.4 4475.26 1033.55 9309.39 2925.8 2436.71 6383.6 2588.07 1063.76 51804.1 1352.07 21410.6 20401.6 11437.1 8964.41 9985.45 9691.44 8349.9 5676.01 3695.33 49431.4 46692.1 4688.5 42003.6 2998.15 1034.07 39005.4 2762.7 17957.4 1964.09 2739.37 2673.89 11040.4 708.436
internal_count=1119653 819114 811329 725648 85681 21687 11785 7785 63994 300539 292342 227294 65048 215746 140606 75140 10431 59495 17280 13511 42215 18240 10613 517551 7133 208097 199349 131312 68037 115041 111293 101322 85500 54607 492201 461569 30241 431328 25369 6699 405959 18699 198918 18670 30632 15822 122366 5553
is_linear=0
shrinkage=0.466033


Tree=91
num_leaves=49
num_cat=0
split_feature=1 13 16 2 3 15 6 1 7 6 3 7 15 16 13 3 1 16 6 7 6 16 1 7 7 16 15 2 1 16 1 9 4 2 2 6 1 7 4 5 5 15 5 3 15 13 13 7
split_gain=14.8014 30.4079 24.6765 19.3119 17.3895 17.074 15.9507 18.4558 18.3375 19.8228 15.3668 15.2098 15.9043 14.2274 18.2557 30.5148 38.4011 20.8232 19.9169 23.5993 18.6895 17.4631 16.2762 19.7285 24.234 19.5949 17.8761 15.1427 15.0987 20.1564 13.7843 15.0926 13.6703 13.4399 13.0988 14.7063 12.9266 12.3854 11.4583 11.3764 12.2727 10.6586 11.8814 10.5547 10.7406 10.5526 10.4851 10.2791
threshold=0.34149919450283056 -0.83310976624488819 -2.9637310504913326 -0.0072273325640708199 0.076573781669139876 5.2678258419036874 0.16346363723278048 0.20892338454723361 0.13174602389335635 0.28431320190429693 0.02885481528937817 -0.053291905671358102 5.2147040367126474 0.66403219103813182 -0.11611164361238478 0.037523200735449798 0.65711602568626415 -2.1003304719924922 0.047516565769910819 0.055398512631654746 -0.057912064716219895 -2.0447008609771724 0.51723644137382518 -0.011191541794687508 0.009850246366113426 -0.40620201826095576 5.2602300643920907 -0.083805341273546205 0.54378792643547069 -0.76480191946029652 0.14775423705577853 -0.0018385751172900198 -0.041871182620525353 -0.091226290911436067 -0.032992046326398843 0.014410662464797499 0.42552025616168981 0.013569822534918787 0.024533562362194065 0.02493641804903746 -0.027135141193866726 5.1132068634033212 -0.069010250270366655 -0.046049166470766061 5.2469201087951669 -0.92321011424064625 -0.2023055702447891 0.006404740735888482
decision_type=2 2 2 2 2 2 2 2 2 2 2 2 2 2 2 2 2 2 2 2 2 2 2 2 2 2 2 2 2 2 2 2 2 2 2 2 2 2 2 2 2 2 2 2 2 2 2 2
left_child=1 2 34 4 30 -5 7 33 -8 10 -10 12 36 14 15 16 20 45 19 27 -13 -16 43 -24 25 -25 -27 28 -19 -30 -3 -32 -31 -4 -1 38 -2 -29 -36 40 -33 -9 -43 44 -22 -17 -38 -46
right_child=11 3 6 5 -6 -7 8 41 9 -11 -12 13 -14 -15 21 17 -18 18 -20 -21 22 -23 23 24 -26 26 -28 37 29 32 31 39 -34 -35 35 -37 46 -39 -40 -41 -42 42 -44 -45 47 -47 -48 -49
leaf_value=-0.18693843485724826 0.025000424386435759 -0.038308576665304774 -0.077303574757899937 0.0041955873642332596 -0.05724563195653281 0.035795802285816747 -0.078977117699444419 0.0611682082268315 0.51355718509049642 -0.057892028348772197 0.070011992463358583 -0.084143170744535062 -0.11374144215224365 0.009220820554924113 0.11523377257124946 -0.26624596731981764 -0.16948074330436633 0.020315197509082512 -0.024984909974302326 -0.14243128802667451 0.01351293091342483 0.0022628984003342208 -0.0992229942162835 -0.076235860798880256 -0.082623765231105303 0.033560234643016329 -0.092166485927138497 0.0108830093541808 -0.15587791657007818 0.15848605860874845 -0.074642148706961592 -0.017058867205387171 0.045857497687602715 0.081705023350988573 0.11216863633232836 -0.12232089875072123 -0.13185757570200288 -0.023092783320158863 -0.1186981358264521 -0.020488472476980428 0.011406153126589999 -0.080036740347302418 0.021516728250240969 -0.016974959432426651 -0.0024227395858959257 -0.061184358611275955 0.017216179796537584 -0.081273148524582409
leaf_weight=147.43515391067194 661.987095272023 2546.8596081495925 118.16426819204935 39079.135568146201 1504.0247565705213 4110.749689352815 524.26137061286136 1503.1456736913824 32.505446747061796 75.155993520485936 40.952890531159937 900.04286513506668 539.85031834281108 17566.597517289134 299.04632590943947 82.482562150813465 366.52456298316247 3437.1848158943103 4348.3031604330317 217.29605098915636 5606.3544597516593 33973.792290889614 995.95482094435283 613.74692034703912 1152.8281683057503 1959.2969914556015 278.45057438407093 12429.59509442313 68.159310869625187 480.62017578663654 608.36511371633969 4255.4750564948772 486.92526447679847 2167.6983785546036 177.37459101027343 187.60531554033514 279.9667351126991 2861.3857229819987 60.680825669667684 4834.8075523228617 14373.897068040562 257.80817172510433 6342.1627597412735 19693.17144172897 1068.2431288771913 185.46838922124152 152.93973662424833 549.98562638828298
leaf_count=6738 3653 15408 2122 170905 12395 24569 12816 11065 772 3532 1521 6682 4865 78405 1211 8058 3339 32158 68328 1930 29432 142469 6563 5078 7920 9072 4413 69347 4836 10222 3302 21195 6002 20914 3008 7761 2633 16312 1169 23590 70217 2960 55829 103315 11293 4027 606 5696
internal_value=0 0.00463161 0.0267228 0.00102052 -0.00847555 0.0072148 0.0316382 0.0361654 -0.0375177 0.105173 0.276802 -0.00359317 -0.0482187 -0.002923 -0.00524551 -0.0103018 -0.0195234 0.0021205 0.00356462 0.00980183 -0.0178293 0.00326555 -0.0159422 -0.0403937 -0.0256242 -0.0023957 0.0176733 0.0115063 0.0353693 0.0848117 -0.00570044 -0.00222971 0.102392 0.0732513 -0.0672327 -0.0243372 -0.0154124 0.00449358 0.0511204 -0.000329283 0.00487836 0.0256383 0.0174677 -0.0113814 0.00380162 -0.126796 -0.0781996 -0.029543
internal_weight=0 82948.3 11635 71313.3 28123.4 43189.9 11061.9 10389 672.876 148.614 73.4583 111256 1634.74 109621 92054.9 57782 33184.6 24597.4 24329.5 19981.2 32818.1 34272.8 31918 5000.28 4004.32 2851.49 2237.75 19763.9 4472.89 1035.7 26619.4 24072.5 967.545 2285.86 573.096 425.661 1094.89 15291 238.055 23464.2 18629.4 8103.12 6599.97 26917.8 7224.58 267.951 432.906 1618.23
internal_count=1119653 471788 130207 341581 146107 195474 111531 92890 18641 5825 2293 647865 11757 636108 557703 414023 192803 221220 209135 140807 189464 143680 182782 33046 26483 18563 13485 138877 53218 21060 133712 118304 16224 23036 18676 11938 6892 85659 4177 115002 91412 69854 58789 149736 46421 12085 3239 16989
is_linear=0
shrinkage=0.466033


Tree=92
num_leaves=49
num_cat=0
split_feature=1 13 15 0 13 3 1 15 2 10 1 1 11 13 11 3 10 0 13 0 1 14 15 14 4 9 15 11 4 15 15 5 3 2 11 10 1 1 1 13 14 9 2 0 14 3 3 14
split_gain=14.773 10.7844 26.4912 34.3146 62.303 26.4945 24.1644 24.1635 24.1399 21.9125 19.9356 19.2771 18.415 18.1497 18.0076 22.8213 20.9021 17.3821 16.0476 14.0663 12.6646 15.0889 12.0767 12.7968 11.9349 10.9879 10.6578 10.6812 10.6457 10.8232 15.9017 10.4448 10.2366 9.96631 10.5053 9.89468 9.73671 9.72642 9.48631 9.44515 9.43827 11.3203 9.30001 8.81857 8.78559 8.76701 8.75648 12.5462
threshold=0.090969581156969084 -0.65259751677513111 5.1862969398498544 0.77305260300636303 -0.90112340450286854 0.12880909442901614 0.37844771146774298 5.2371833324432382 -0.17716649174690244 3.3661875724792485 0.57788023352622997 0.36020646989345556 1.09613573551178 -0.047815298661589616 1.0995426177978518 0.041440859436988838 1.8516976833343508 0.89494565129280101 -0.73999726772308339 0.6519681215286256 0.32257519662380224 7.8190941810607919 5.1759130954742441 1.298895597457886 0.01285286480560899 -0.0020917549263685937 5.2086882591247567 0.65157613158226024 0.028793386183679107 5.2428195476531991 5.246263027191163 0.048676915466785438 0.059938304126262672 -0.12711552530527112 1.3143042325973513 2.0880635976791386 0.43163192272186285 0.64783906936645519 0.23887808620929721 -0.33685858547687525 2.139815211296082 0.0010288021876476707 0.14517313987016681 0.82811537384986889 6.3333749771118173 -0.035897973924875252 -0.0036718494957312937 1.5130026340484621
decision_type=2 2 2 2 2 2 2 2 2 2 2 2 2 2 2 2 2 2 2 2 2 2 2 2 2 2 2 2 2 2 2 2 2 2 2 2 2 2 2 2 2 2 2 2 2 2 2 2
left_child=26 2 5 14 6 18 9 8 24 -5 11 38 13 46 16 -16 20 40 31 -7 21 -4 35 -24 36 -6 27 -1 29 -9 -31 33 -25 -2 -35 -15 -3 -21 -10 -12 -14 -42 -40 -27 -43 -46 47 -13
right_child=1 7 3 4 25 19 -8 28 10 -11 39 12 17 22 15 -17 -18 -19 -20 37 -22 -23 23 32 -26 43 -28 -29 -30 30 -32 -33 -34 34 -36 -37 -38 -39 42 -41 41 44 -44 -45 45 -47 -48 -49
leaf_value=0.13065727129172938 0.059664554856289485 0.1023858368402442 0.022449688537929589 0.050770815975068981 -0.0597215967077167 0.1006699814744962 0.013303995927857989 0.031949137971192428 -0.0012208799430798638 0.14586982650723659 -0.015995630294757344 -0.028084501453669242 0.0093227590213021024 -0.078064489670421247 -0.022523777294384154 -0.069709303586077395 -0.032258878832803831 -0.030869027689626509 -0.013740780642716766 -0.053059477746119327 -0.011744512363564302 -0.092735864853607256 0.062100511019531082 -0.036628674425850952 0.16682196537374425 0.017228317749500698 0.0054244787820453763 0.036985289098233586 0.023839352597236286 -0.035172068490152246 0.0066313469874708444 0.059668365431916795 0.049710915613438753 0.008441004558118706 0.055909636476488549 0 -0.021954190122844691 -0.2718250073110749 -0.018602971300980348 -0.12171452690160776 0.030935999125132261 0.11004803284859191 0.046854560122078781 -0.018391999248612456 0.13606356406111772 -0.010960028291381445 -0.0039960844591998782 0.049970379508719583
leaf_weight=323.44159652478993 1109.8949295607526 258.01498073399853 5143.2414688457247 2547.3174506970099 1105.0388170481165 122.57416463136906 3138.92604920538 3219.332616007654 13333.356114671857 657.8209837856848 315.51130749358708 555.02540342937573 2174.8951664448832 1276.2941673235982 10208.995892220075 2796.5642622274172 6462.7279880013775 999.2784459063987 3195.4034007311857 1392.4667814806235 8288.7488381823059 251.75977563674678 464.10714402166195 1771.5810661888099 225.68498119307333 1867.931263186154 2077.4402944186877 1450.211402915942 9702.8654386099661 2073.6287061249677 28743.089529248071 1452.3193905566295 345.15069434730685 9391.8105073994666 1115.6938297454908 489.13216670393012 267.53967564184859 44.966039448678202 19971.709405674112 455.7099993133379 2951.2474806010578 866.54005343874451 468.18330581579357 6923.3838575669361 115.63182855583727 314.68578599127068 3056.403522219247 1967.6290925282519
leaf_count=2419 14520 2444 20228 22380 9370 1945 41448 13871 66715 10165 7266 4449 17444 31693 49470 13819 31078 12903 25754 54291 39073 1258 3348 13330 2066 9261 12271 10664 41253 8651 119829 14479 3136 76304 8201 7369 5147 11136 126017 12802 29401 8269 2846 44256 893 3274 34700 16747
internal_value=0 -0.000801058 -0.00528866 -0.0107954 0.00655781 0.00994417 0.0422657 0.00232386 -0.00432873 0.0704722 -0.00552644 -0.00440536 0.00807998 -0.00488022 -0.0193102 -0.0327101 -0.0106359 0.0254713 0.015475 -0.0473996 -0.000388194 0.0169728 -0.0272634 -0.00693835 0.0776879 -0.0162881 0.0281045 0.0543912 0.0103412 0.00647911 0.00380241 0.0226538 -0.0223156 0.017982 0.01353 -0.0566941 0.0382914 -0.0604079 -0.0108322 -0.0791385 0.0343118 0.0469917 -0.0170789 -0.01077 0.083122 0.0277013 0.012476 0.0326099
internal_weight=0 163600 67217.6 49392.5 16240.4 17825.1 6344.06 96382.2 52643.3 3205.14 51892.1 51120.9 17347.6 9925.32 33152 13005.6 20146.5 7422.28 16265.1 1560.01 13683.8 5395 4346.27 2580.84 751.24 9896.35 3851.09 1773.65 43738.9 34036.1 30816.7 13069.7 2116.73 11617.4 10507.5 1765.43 525.555 1437.43 33773.2 771.221 6423 4248.11 20439.9 8791.32 1296.86 430.318 5579.06 2522.65
internal_count=1119653 1094299 498436 291806 136880 206630 73993 595863 412259 32545 402602 382534 186956 114772 154926 63289 91637 72184 139258 67372 60559 21486 58876 19814 9657 62887 25354 13083 183604 142351 128480 113504 16466 99025 84505 39062 7591 65427 195578 20068 59281 41837 128863 53517 12436 4167 55896 21196
is_linear=0
shrinkage=0.461372


Tree=93
num_leaves=49
num_cat=0
split_feature=14 12 11 11 12 11 12 11 0 11 6 3 15 11 12 12 11 11 13 11 11 11 12 13 12 11 11 11 16 11 11 12 11 12 12 12 11 12 12 11 15 11 12 15 14 1 12 11
split_gain=11.9208 10.3287 59.1645 20.4935 274.755 63.2894 27.2439 139.764 19.9831 12.8054 12.2015 18.2485 11.865 15.7406 21.1093 13.2088 49.8954 21.5934 13.0552 12.1003 11.9134 12.4715 10.1945 9.38084 8.35585 62.837 17.3716 17.1409 15.9124 16.2237 15.0539 78.5759 23.7335 130.101 63.7176 43.5851 16.1687 16.0761 14.3292 13.4271 12.5477 10.9246 10.6514 10.226 9.71788 9.68145 14.2352 15.8427
threshold=22.311775207519535 0.89956417679786693 1.3573753237724306 1.3287029862403872 1.1131466627120974 1.340625047683716 1.0738941431045534 1.3573753237724306 0.89033031463623058 1.3479376435279848 0.047516565769910819 -0.0079872277565300447 5.2689497470855722 0.85095211863517772 0.70481979846954357 0.80541348457336437 0.99644675850868236 0.9797065556049348 -0.60548961162567128 0.70345047116279613 1.2696542739868166 1.1448023319244387 0.93607082962989818 -0.96364322304725636 1.0654977560043337 0.84633857011795055 1.2603433728218081 0.59051364660263073 0.057327821850776679 1.3119781017303469 1.3119781017303469 1.1185004115104678 1.2651347517967226 1.1674655675888064 1.2596305608749392 1.0854455232620241 1.2696542739868166 1.1733029484748843 0.95619216561317455 1.3004075884819033 5.2052211761474618 0.75675654411315929 0.98345893621444713 5.2608201503753671 1.3211075067520144 0.29015575349330908 1.377433776855469 1.1027879714965823
decision_type=2 2 2 2 2 2 2 2 2 2 2 2 2 2 2 2 2 2 2 2 2 2 2 2 2 2 2 2 2 2 2 2 2 2 2 2 2 2 2 2 2 2 2 2 2 2 2 2
left_child=1 2 8 24 6 -6 -5 9 12 -8 -10 -12 13 14 19 17 -17 -15 -14 -1 21 -19 -2 -16 25 27 43 40 29 42 32 -32 45 35 36 39 -35 -33 41 -34 -3 -29 -28 -27 -38 46 -26 -48
right_child=22 3 -4 4 5 -7 7 -9 10 -11 11 -13 18 15 23 16 -18 20 -20 -21 -22 -23 -24 -25 30 26 28 38 -30 -31 31 37 33 34 -36 -37 44 -39 -40 -41 -42 -43 -44 -45 -46 -47 47 -49
leaf_value=0.11217591874108863 0.11451620418157993 -0.021455289475593022 0.24519473829168256 -0.076856266725682007 0.13167545790448146 0.49365936580766806 -0.098921592902215305 0.56714166178245051 0.013114807971038466 0.07477092810215262 -0.078737847034487732 0.069345236142212413 0.072814627790983008 -0.05463241735195401 0.042355428359257763 0.11683950903230569 0.0028189591601051108 0.029988725882654828 -0.0017779960263725031 0.0014728101158548825 0.10785922200808774 -0.030324739692640556 -0.16050602192343943 -0.039056160189984507 -0.016649659194034078 -0.003619558892368134 -0.0081975428758836438 0.10662250966119517 0.056610748422485244 -0.05972277092625243 -0.064530118298415859 0.14015407630684279 0.08206799329600295 -0.08662542323757777 0.36864485752279497 -0.12043471293673076 -0.015742825775389931 0.3403329543454528 0.070525593853922972 -0.10844522751366167 0.072019191477816408 0.24953314148712497 0.051066500730074391 -0.036549727786262504 0.093692564332029327 0.0015619291943834014 0.00028441704815618853 0.10733729263441624
leaf_weight=328.58963724218484 31.94527760897472 613.2818075552932 223.04484317284368 3976.6083069181914 198.99801869079238 224.08600856774137 418.86746641421632 86.622911653248593 3351.6554654031643 111.27255617908668 189.6223038265307 2117.9932258848276 947.88237332119024 1650.5992850203766 314.70270665886346 963.57731830549892 5399.9775930424512 1578.1540875577484 1029.6681768389826 604.17827688390389 245.11555805016542 1354.009148103185 164.35618923029688 4930.2430675622891 17502.367941764518 14597.925075861276 1340.0670877066877 328.61170833883807 1854.332584109914 689.16847668129776 515.30294416741526 303.4530487285374 339.46861839067424 163.11990279195015 147.39159222599119 2258.2402926929644 214.6089593321085 128.85061261570081 1464.1499782351311 99.877451477688737 597.60926208592718 193.60301317740232 1224.720097006415 2335.7791134159488 755.60585144054494 96343.226086905997 15964.815764923114 298.97810652019689
leaf_count=1299 5228 3335 1987 56023 1496 1788 5945 847 17316 1494 1003 13550 6034 6851 1672 3870 31130 6485 6580 2405 1170 5933 25612 21001 112821 84534 15882 1841 12721 11506 7293 2885 3182 1251 999 23898 1032 789 6936 1240 2815 1102 13115 19330 5945 480432 76425 1625
internal_value=0 0.000401653 0.00909832 -0.000923009 -0.0299582 0.3252 -0.062835 0.0267989 0.00696425 -0.061524 0.0310767 0.0569482 -6.64752e-05 -0.0039462 -0.0226546 0.00634078 0.0201722 -0.0117951 0.0337614 0.0410431 0.0103239 0.00197914 -0.113058 -0.0340763 -1.11728e-05 0.00769124 -0.00105698 0.0681274 0.0224985 0.0029058 -0.00145428 0.0564467 -0.00186733 -0.0369682 0.0838865 -0.0945269 0.0461542 0.201531 0.0945761 0.0375626 0.0243177 0.160862 0.0199309 -0.00819097 0.0690194 -0.000790239 -0.00751507 0.00228722
internal_weight=0 190520 25229 165291 5016.46 423.084 4593.37 616.763 25006 530.14 5659.27 2307.62 19346.7 17369.1 6177.71 11191.4 6363.55 4827.88 1977.55 932.768 3177.28 2932.16 196.301 5244.95 160275 25239.2 22042 3197.26 5108.29 3253.96 135035 947.607 134088 3978.31 1280.73 2697.59 1133.33 432.304 1986.36 439.346 1210.89 522.215 2564.79 16933.7 970.215 130109 33766.2 16263.8
internal_count=1119653 1088813 128286 960527 67593 3284 64309 8286 126299 7439 31869 14553 94430 81816 26377 55439 35000 20439 12614 3704 13588 12418 30840 22673 892934 173117 157088 16029 53224 40503 719817 10967 708850 37547 9227 28320 8228 3674 9879 4422 6150 2943 28997 103864 6977 671303 190871 78050
is_linear=0
shrinkage=0.461372


Tree=94
num_leaves=49
num_cat=0
split_feature=13 0 3 6 13 4 15 16 1 16 1 3 16 0 4 15 3 6 15 15 16 0 1 0 16 1 16 1 0 0 10 0 9 6 13 13 3 0 6 6 3 1 1 6 13 4 4 16
split_gain=17.6052 48.5859 47.5135 69.2251 31.5077 47.4715 32.1905 29.4084 32.2125 23.7405 23.5929 35.6764 25.333 23.3228 22.7472 22.2018 21.4981 21.12 20.78 19.9658 19.0513 18.0921 17.1615 17.1462 16.7514 25.0914 31.5095 16.4638 15.4828 15.2569 21.7053 15.1809 13.9416 16.7927 20.1737 14.8895 13.6152 13.5814 25.2275 16.3769 16.364 12.7515 12.6845 12.6785 15.4147 17.153 12.2039 11.503
threshold=-0.92321011424064625 0.66063022613525402 0.075226549059152617 0.046621870249509818 -0.37244904041290278 -0.030866422690451142 5.2034454345703134 0.10434853285551073 0.3856795877218247 -1.1567589044570921 0.3165315985679627 -0.044945459812879555 -0.54113849997520436 0.9553549885749818 0.0066999727860093125 5.1100053787231454 -0.028897557407617566 0.0015342923579737546 5.1035079956054696 5.1853153705596933 -3.6993480920791622 0.46832109987735754 0.64783906936645519 0.76592689752578746 -2.5298522710800166 0.30454501509666448 -0.70413324236869801 0.16901686042547229 0.61643481254577648 0.93254050612449657 0.5405435860157014 0.96189275383949291 -0.0025341740110889073 0.039384603500366218 0.89625301957130443 0.61403346061706554 0.022004119120538238 0.84227058291435253 0.014784693252295257 0.0083361105062067526 0.15508563071489337 0.1080746427178383 0.63925719261169445 0.012921374291181566 0.43014982342720037 -0.0049581408966332665 -0.080192569643259035 0.46078202128410345
decision_type=2 2 2 2 2 2 2 2 2 2 2 2 2 2 2 2 2 2 2 2 2 2 2 2 2 2 2 2 2 2 2 2 2 2 2 2 2 2 2 2 2 2 2 2 2 2 2 2
left_child=1 7 3 16 14 29 10 8 15 19 11 28 18 -12 -2 -1 -3 -18 43 -10 -20 -11 37 -19 41 -26 -27 -14 -7 47 -31 -16 -8 34 -34 -35 -33 39 40 -4 -39 -5 -9 44 45 -13 -32 -6
right_child=4 2 22 24 5 6 32 42 9 21 13 12 27 -15 31 -17 17 23 20 -21 -22 -23 -24 -25 25 26 -28 -29 -30 30 46 36 33 35 -36 -37 -38 38 -40 -41 -42 -43 -44 -45 -46 -47 -48 -49
leaf_value=-0.06530594679246432 0.0012614634155940668 -0.25025838297572683 0.062019661119833737 -0.020227121361876928 0.0047558661909026644 0.17746133606953698 0.029596105924058935 -0.062824410971069902 0.067074871313010431 0.00051052177810895802 -0.036959463963358134 -0.074333623681608355 0.23841777240615983 0.042665542162022237 0.023672138279928652 0.024039566923493363 -0.16241713802297292 -0.00653581638185985 0.10155821109377884 0.22740913519399736 -0.039740347305911174 0.098547949522790709 0.042919703698901135 -0.10723295070712217 -0.064261996945823005 0.087248903793666441 -0.037776953905967664 0.050180129353587462 -0.013866821763656056 -0.015649824165924281 0.19945208666872452 -0.093806201867850963 -0.055814279111219875 0.036801683271917032 -0.1985822490923074 -0.068201484760043452 0.00088453723809257432 -0.12463179135291215 -0.0065811064707353472 -0.014000508603204528 -0.034933906689615692 0.11577427088242474 0.071173156931896103 -0.010356295617890841 0.16006949085843808 0.075724818073281269 0.075147154384291287 0.065573100749625884
leaf_weight=707.07023997488432 33486.484376257984 227.25628931215033 1063.0379651396361 258.28784470929531 4466.1642401655263 374.84374049887992 484.85025715542724 1077.8496994898305 337.35049270000309 876.20279788068729 5858.4529678798281 229.17936711374205 116.00580274523236 897.8691378448857 23160.000280600623 3572.7527799626696 775.31783413258381 603.06529346859315 214.35016258340329 346.8898396375298 3192.5464109912864 752.47388610010967 1389.110034788202 931.3715878201765 2029.9389602486044 697.49576212768443 1107.404171597329 740.14280481537571 112.48642967827618 400.20085594974807 253.92860507988371 356.42010707431473 5278.2994652758352 775.51583579555154 221.67074065055931 455.03458700465853 3287.4014948257245 673.02362294762861 6815.7254873569764 1376.0799131949898 1275.1003172303317 323.71416934998706 170.81722210231237 901.25060761370696 265.80218528630212 534.14899712108308 565.15193338843528 781.01805190231244
leaf_count=3644 281172 2197 6268 3086 72792 4588 9152 9869 2053 8975 102799 1726 1443 8790 187448 26717 5196 3541 975 2585 29255 5131 11979 5447 12296 4978 5853 15021 1603 4622 1893 2830 119861 10490 5576 5381 18849 3847 53276 8194 8648 3800 1091 6335 2601 3970 5204 16606
internal_value=0 -0.00998948 -0.0223089 -0.0529238 0.00341547 -0.00963671 -0.0204502 0.0206588 0.0329955 0.0768798 -0.00706065 0.0123332 0.00279011 -0.0263048 0.00929413 0.0091592 -0.113681 -0.099941 -0.00895491 0.149246 -0.0306878 0.0461211 -0.00536266 -0.0679874 -0.017903 -0.0290527 0.0103048 0.0764725 0.132416 0.0248257 0.0713868 0.0193119 -0.045317 -0.0507857 -0.0616873 -0.00167575 -0.00827424 -0.0113939 -0.019894 0.018954 -0.0662068 0.0546954 -0.0440821 0.0291582 0.0641869 0.0300298 0.114443 0.0139069
internal_weight=0 27387.3 19545.9 6953.85 87409.2 27118.9 20652.4 7841.41 6592.74 2312.92 13437.1 6680.76 6193.43 6756.32 60290.3 4279.82 2537.01 2309.75 5337.28 684.24 3406.9 1628.68 12592.1 1534.44 4416.84 3834.84 1804.9 856.149 487.33 6466.46 1219.28 26803.8 7215.37 6730.52 5499.97 1230.55 3643.82 11203 8763.85 2439.12 1948.12 582.002 1248.67 1930.38 1029.13 763.328 819.081 5247.18
internal_count=1119653 198671 138606 46394 920982 430683 329566 60065 49105 18744 179106 67517 61326 111589 490299 30361 16381 14184 44862 4638 30230 14106 92212 8988 30013 23127 10831 16464 6191 101117 11719 209127 150460 141308 125437 15871 21679 80233 65771 14462 12495 6886 10960 14632 8297 5696 7097 89398
is_linear=0
shrinkage=0.461372


Tree=95
num_leaves=49
num_cat=0
split_feature=3 14 8 15 13 13 14 13 13 3 15 8 0 15 13 13 13 11 15 7 0 14 8 14 16 16 2 8 15 13 15 16 15 14 8 16 14 5 0 3 0 13 8 13 13 0 13 3
split_gain=12.3256 9.7793 9.06512 26.4463 57.9651 30.4705 26.4734 25.0309 24.8416 23.7888 22.0999 25.7046 18.4727 18.4585 27.2 20.7586 20.6324 17.3978 16.7752 14.4704 12.4745 12.2322 12.0585 11.6788 21.0091 13.8128 13.2884 11.2325 14.4579 12.8538 10.7509 11.259 10.7238 10.5149 10.2617 30.9261 17.5037 12.3474 11.6987 10.8944 23.292 25.6212 26.8023 25.7321 15.2908 13.3227 32.9725 21.3265
threshold=0.38041786849498754 3.5261338949203496 -0.025131554342806336 5.2364718914031991 -0.15977662801742551 0.54419717192649852 3.4955070018768315 -0.61779990792274464 -0.81838896870613087 -0.01126916892826557 5.1680977344512948 -0.035536859184503548 0.78357321023941051 5.2602300643920907 -0.65259751677513111 -0.37244904041290278 -0.84401994943618763 1.1775808334350588 5.2608201503753671 0.034359205514192588 0.44164982438087469 5.0758674144744882 -0.053293824195861809 5.5063092708587655 -0.68082228302955616 0.574662744998932 -0.0087131806649267656 -0.031311277300119393 5.2744526863098153 -0.86027285456657399 5.04370141029358 -1.116380989551544 5.2220757007598886 4.5016665458679208 0.13537381589412692 0.38001103699207311 2.1172508001327519 0.010105390101671221 0.38702017068862921 -0.021169421263039109 0.75894114375114452 -0.54019033908843983 0.063725128769874587 -0.88759145140647877 -0.51996111869812001 0.57475021481513988 0.085263945162296309 0.055858945474028594
decision_type=2 2 2 2 2 2 2 2 2 2 2 2 2 2 2 2 2 2 2 2 2 2 2 2 2 2 2 2 2 2 2 2 2 2 2 2 2 2 2 2 2 2 2 2 2 2 2 2
left_child=2 -2 3 7 13 6 -6 8 9 12 -10 20 19 14 16 27 22 23 -8 -1 -12 -16 -5 24 32 -25 -26 -15 29 -29 -19 -32 -9 -17 39 36 38 -38 -36 40 41 42 -4 -44 -42 46 47 -41
right_child=1 -3 34 4 5 -7 18 17 10 -11 11 -13 -14 15 21 33 -18 30 -20 -21 -22 -23 -24 25 26 -27 -28 28 -30 -31 31 -33 -34 -35 35 -37 37 -39 -40 45 44 -43 43 -45 -46 -47 -48 -49
leaf_value=0.040556010423934898 -0.20512791854840459 -0.019437818923060103 -0.029394766017627496 -0.16092821558105821 -0.037785808091578145 0.16575200374338708 -0.00015076807128067257 -0.0090520317783217771 0.024183843793731109 -0.015753565878736234 0.26393282012435237 0.030190763534514789 0.15722029092853324 -0.17510302492601101 -0.11779275474953145 -0.08161803311794448 0.14536377367456613 -0.08101025300867766 0.086545565597526741 -0.078187801938691612 0.11840976959166215 -0.02159741685025425 0.0019220453884593307 -0.012573525734042027 -0.0017466298908493506 -0.10109718234274805 0.038858740572801989 0.07047150990121849 -0.18963983758024347 -0.12176596735494109 0.0049028514567283198 -0.036431353308414141 -0.08201595534693612 0.031667582610568991 0.0096276854322056814 -0.19374596963513444 0.028786501505767143 -0.027579365374076591 -0.090581449453794066 0.013996860729299385 0.053084771312132059 0.0015853260955986642 -0.028446605842803604 0.14073852380786725 0.004429257956946841 0.00049862652742247414 -0.0078460359141142057 0.047004223673691822
leaf_weight=1812.0562190219352 109.77436479608878 146.91424771724269 12961.791743229434 107.73122346558375 1957.486331518041 250.01315322518349 1044.2055384343257 4604.5872389588039 2326.8341963725543 4833.9572558339278 204.38922291249037 551.14774098643102 259.42581716779387 718.95053499801725 850.3448238177225 455.78368561062962 202.67660704773152 741.45482027460821 854.7653848468326 245.22594380087685 385.58780159638263 440.33927691169083 835.30718034185702 4014.7155727013014 2807.9894291677047 415.94579050224274 4324.9247370198427 158.29188310116297 163.8098161703092 135.84001978370361 2141.1145095098764 3967.7266692444682 475.21763334795833 274.20666367048398 344.56545402930715 206.81874580556178 1975.935081501786 1417.1314202236463 815.25839565874776 23378.134546259636 2162.7726747230554 19421.752525558979 360.90815896648564 397.03162358055124 3836.9345248497557 65539.896932270844 13352.2017776547 5095.000367108616
leaf_count=12505 4155 8582 86871 2192 12275 912 4103 20211 12083 48845 1088 3016 2018 10002 5236 4074 1474 3227 4898 1875 2222 2032 8813 16164 11368 1792 16416 1835 2247 1080 9285 15931 2519 1907 1886 1426 25981 22612 9351 113539 13576 82092 3611 2938 16052 405771 52884 24681
internal_value=0 -0.101128 -0.00015165 -0.00610199 -0.0292087 0.00999318 -2.53724e-05 -0.000364143 0.0182106 0.00259988 0.0502556 0.102946 0.0410848 -0.0663732 -0.0394262 -0.100522 0.0119617 -0.00877956 0.0386552 0.0261466 0.169966 -0.0853734 -0.0163438 -0.000695821 0.00663698 -0.0210091 0.0228111 -0.138568 -0.0799479 -0.0168587 -0.0283494 -0.02187 -0.0159834 -0.0384482 0.00151959 -0.0195511 -0.011496 0.00510789 -0.0604308 0.00220741 -0.00437576 -0.00917439 -0.0244386 0.0596384 0.0220514 0.00461169 0.0110456 0.0199209
internal_weight=0 256.689 193828 42562.1 8449.75 4106.47 3856.46 34112.3 10618.6 7150.67 3467.96 1141.12 2316.71 4343.28 2436.4 1906.88 1145.72 23493.7 1898.97 2057.28 589.977 1290.68 943.038 16643.4 12212.7 4430.66 7132.91 1176.89 457.942 294.132 6850.3 6108.84 5079.8 729.99 151266 4759.71 4552.89 3393.07 1159.82 146506 39141.2 33141.5 13719.7 757.94 5999.71 107365 41825.3 28473.1
internal_count=1119653 12737 1106916 243645 63080 22188 21276 180565 83652 65243 18409 6326 16398 40892 19747 21145 12479 96913 9001 14380 3310 7268 11005 68470 50514 17956 27784 15164 5162 2915 28443 25216 22730 5981 863271 61256 59830 48593 11237 802015 205140 175512 93420 6549 29628 596875 191104 138220
is_linear=0
shrinkage=0.461372


Tree=96
num_leaves=49
num_cat=0
split_feature=16 1 15 8 8 8 6 15 2 16 1 1 1 6 1 5 7 1 16 8 15 16 6 7 16 3 6 6 16 8 16 8 6 2 15 8 8 1 16 7 8 8 11 1 2 16 16 8
split_gain=9.10163 78.9027 44.8334 28.4091 35.0024 22.1028 14.9325 11.9971 10.9489 10.6388 12.7759 10.5627 9.50909 7.7752 15.1571 7.58536 12.8725 9.68577 69.9019 34.9712 41.2235 30.9566 27.8076 23.6188 19.3339 17.6959 18.1358 19.6815 17.2198 17.052 38.3994 43.2897 32.2016 24.6395 23.2623 41.8128 22.8828 30.6985 41.7278 22.488 17.762 16.2785 16.2397 15.9774 15.7843 16.0401 15.3775 16.8403
threshold=-2.6132212877273555 0.31361195445060736 5.1862969398498544 0.055406659841537483 -0.063067387789487825 -0.081177428364753709 0.060521518811583526 5.2672710418701181 0.045815309509634979 -2.9050465822219844 0.35735215246677404 0.067618593573570265 0.13324186950922015 0.25348412990570074 0.14775423705577853 -0.10192369669675826 0.022782258689403537 0.48472417891025549 -1.4582938551902769 0.037813592702150352 5.1369347572326669 0.54480874538421642 0.10317760333418848 -0.0339890569448471 -1.2556368708610532 0.10733608528971673 0.092336159199476256 -0.011516250669956206 -0.22902083396911618 0.027075055055320266 0.31435430049896246 -0.025131554342806336 0.11655478924512865 -0.011768693104386328 5.1932976245880136 0.050733126699924476 0.050733126699924476 0.29015575349330908 -1.493541896343231 0.031364189460873611 -0.075498204678297029 0.025152095593512062 0.51393756270408641 0.38984602689743048 0.030801343731582168 -1.0245733857154844 0.21256895363330844 0.11092810705304147
decision_type=2 2 2 2 2 2 2 2 2 2 2 2 2 2 2 2 2 2 2 2 2 2 2 2 2 2 2 2 2 2 2 2 2 2 2 2 2 2 2 2 2 2 2 2 2 2 2 2
left_child=1 2 5 4 -4 -1 7 -6 11 -3 -11 -7 -8 15 -15 16 -2 25 -19 20 -20 -21 23 28 -25 29 27 -27 -22 30 32 40 33 -17 35 -31 -36 -38 43 -34 -32 -28 -29 -39 45 -37 -40 -48
right_child=13 9 3 -5 6 8 12 -9 -10 10 -12 -13 -14 14 -16 17 -18 18 19 21 22 -23 -24 24 -26 26 41 42 -30 34 31 -33 39 -35 36 44 37 38 46 -41 -42 -43 -44 -45 -46 -47 47 -49
leaf_value=-0.078720621012842759 0.043618037576563656 -0.37342851767326662 -0.12695473709848898 -0.084977565851066361 0.011995211047212588 0.093839816329172085 -0.034330025799575371 -0.042013778186002784 0.083848944415324977 -0.11052677592745068 -0.35990657178263968 0.016713332878769561 -0.20653399057106933 0.1171257697198612 -0.17403625858814659 0.0075436874375452937 -0.067377112575121328 -0.23869104486259715 -0.077105614848493959 -0.057273038430112666 -0.241682072477373 0.052311623871619431 -0.14986761828989992 -0.13543870961871032 0.019101665089116159 -0.010060086608252014 0.0037698899946169966 -0.033532856022379633 -0.036709424156884399 -0.0076786400629386287 0.19594018613209574 -0.066518763503319062 0.0088540209371442188 -0.008597904289966941 0.018662720680729859 0.015645767439615807 0.016670293819448113 -0.078662968609777575 -0.020236107428294788 0.11991359003909777 0.012498778280845722 -0.12160786024519599 0.053019697749531851 -0.22148117004633733 0.084141494438062278 0.077700740280491939 0.0095106156517473818 0.15784190540133208
leaf_weight=364.73072618315928 1685.3897583533399 88.752491894741979 525.59307045914466 1462.6141748980081 4425.9641527151689 425.48399455691469 177.54217413451988 1062.6414751907578 872.17574722203426 175.60084569589526 61.125028108195693 3077.6872581005446 115.33638024819084 48.87882975687171 133.55833774170242 33852.069789812114 246.57653949760424 271.5268076542452 1195.8828540362047 3785.0153274323529 111.33275600292836 621.73928681728285 219.13150892502745 169.35094647828373 13621.280149768441 1820.506007814547 683.89640833076919 492.23968568516648 394.14303439744981 4268.0037936282388 121.62584465107648 3751.1931315270776 769.00109575461829 47250.60916787287 9904.6289752955781 2882.7469678347697 5924.9840314414032 1122.6653985859739 7623.3754000228655 771.00192313562729 1166.0217083403113 310.4214681984522 4773.9491730279769 197.09584756877302 2033.0653428050282 1260.3693705233454 804.35517795803025 200.8416401904542
leaf_count=2113 13463 3425 2584 17872 16744 3964 1580 3889 4763 1747 2328 16527 1272 2505 9456 165085 3303 8482 60203 37337 972 7614 5840 1386 103581 12913 14535 4948 3606 33760 1182 61534 6951 235601 41815 18110 28998 6373 32557 8625 17199 11068 46671 1707 14805 13587 4169 904
internal_value=0 -0.0120199 -0.00619674 -0.0275831 -0.0141896 0.0287608 -0.00383897 0.00144965 0.0378408 -0.233731 -0.178084 0.0262353 -0.104171 0.000636892 -0.0933245 0.000751548 0.0291879 0.000387813 -0.00887339 -0.00573718 0.00432285 -0.0417 0.0110679 0.013577 0.0171611 0.00182203 0.0225314 0.0306713 -0.0831452 0.000467503 -0.00297262 -0.0416807 -0.000606537 -0.0018548 0.00880735 0.0269937 0.00142051 -0.00931 -0.0248293 0.0647941 0.0303189 -0.0349964 0.0448379 -0.100489 0.051025 0.0346478 -0.0131937 0.0397291
internal_weight=0 12835.2 12509.8 7769.69 6307.08 4740.08 5781.48 5488.61 4375.35 325.478 236.726 3503.17 292.879 154488 182.437 154306 1931.97 152374 20389.4 20117.9 15711.1 4406.75 14515.2 14296.1 13790.6 131985 8081.01 7086.69 505.476 123904 87681.5 5038.84 82642.7 81102.7 36222.1 10444.2 25777.9 15873.3 9948.33 1540 1287.65 994.318 5266.19 1319.76 6176.18 4143.12 8628.57 1005.2
internal_count=1119653 78808 71308 43941 26069 27367 23485 20633 25254 7500 4075 20491 2852 1040845 11961 1028884 16766 1012118 229021 220539 175588 44951 115385 109545 104967 783097 90135 64532 4578 692962 496177 79915 416262 400686 196785 80262 116523 74708 45710 15576 18381 25603 51619 8080 46502 31697 37630 5073
is_linear=0
shrinkage=0.456759


Tree=97
num_leaves=49
num_cat=0
split_feature=10 14 9 13 14 14 4 3 10 10 16 12 15 12 3 8 13 8 15 15 14 13 13 8 16 10 6 8 14 12 12 16 10 8 14 15 14 13 15 16 6 7 3 12 10 12 14 10
split_gain=11.8232 8.06991 7.58966 18.3114 15.8102 14.6281 14.4853 12.3293 15.4028 10.0836 11.1842 13.2516 9.54868 9.2399 11.6161 9.36277 8.85589 18.2034 24.8974 17.0512 22.7426 20.3396 17.9342 18.3234 14.8906 21.5408 14.6479 14.5981 19.0465 20.6929 16.2655 14.3099 15.2114 13.9233 15.678 13.1549 14.5587 17.7654 13.0409 12.7384 18.4308 17.9352 13.5647 12.7178 12.5806 12.7434 12.3814 23.6119
threshold=13.487078666687013 10.231198787689211 -0.0016917979228310285 -0.75830250978469838 2.7452268600463872 3.721785426139832 0.040942443534731872 -0.019681530073285099 0.10338639095425607 3.7617185115814213 -0.054962109774351113 1.4878149032592776 5.2602300643920907 1.4126100540161135 0.22893080115318301 0.059304138645529754 -0.44624529778957361 -0.039386106655001633 5.2017006874084482 5.1715152263641366 6.7768707275390634 0.49538695812225347 -0.32757195830345148 -0.058505780994892113 0.36637790501117712 1.3927652239799502 -0.066775117069482789 0.049523528665304191 9.3898830413818377 1.3922175168991091 0.98345893621444713 -1.6594548821449278 1.0954561829566958 -0.089539106935262666 2.1856838464736943 5.0950782299041757 7.4411511421203622 -0.95273533463478077 5.1703579425811776 0.2246108874678612 0.10014605522155763 0.027499044314026836 0.010583267547190191 1.5151190161705019 3.7617185115814213 1.4666116237640383 9.3898830413818377 2.7466168403625493
decision_type=2 2 2 2 2 2 2 2 2 2 2 2 2 2 2 2 2 2 2 2 2 2 2 2 2 2 2 2 2 2 2 2 2 2 2 2 2 2 2 2 2 2 2 2 2 2 2 2
left_child=2 -2 3 4 13 6 -5 -7 -9 -6 11 -11 -10 15 -15 -1 27 19 26 21 22 -18 23 -21 -20 -26 -19 35 44 30 -30 32 -28 34 -24 -4 39 -38 -31 40 41 42 -37 -41 -29 -46 -33 -48
right_child=1 -3 16 5 9 7 -8 8 12 10 -12 -13 -14 14 -16 -17 17 18 24 20 -22 -23 33 -25 25 -27 31 28 29 38 -32 46 -34 -35 -36 36 37 -39 -40 43 -42 -43 -44 -45 45 -47 47 -49
leaf_value=-0.027537304914806385 -0.20711859909279537 -0.00978838182722787 -0.019036689647900652 0.00050006174656133402 0.020703449099400424 -0.064853123585981165 -0.04461831197356593 0.020230530082893574 -0.027928358962598814 -0.03855580414670811 0.19535936820566163 0.22311396054072838 -0.10565637355651177 0.040871965762946556 -0.064634418476531105 0.036356427551126218 -0.045718745615852936 -0.051071241240327858 -0.0071382657615450575 0.15457274700582899 -0.077575838820118675 0.013445444326025553 0.1308134428619307 0.011578428603352399 0.0040216598580150482 0.073232500372582665 0.0091846311231134365 0.0074121864155603781 0.20162200113551759 0.056885337539314573 -0.044140800416794974 0.019598372674965815 -0.052492264165771046 -0.004744925445136495 0.00087460968243809121 0.012596551465771877 0.041038943848553999 -0.038459103627111163 0.35387808235690227 -0.0052830511899333082 -0.026345209447694699 0.035417699160909651 -0.0050747723396588089 -0.042609146096668354 0.039557156966237135 0.24594210535032718 0.11210207679745793 -0.091944292099511174
leaf_weight=3696.5302252016263 95.149650493978697 88.073717332074011 10271.906665751565 10812.023261407943 5131.9714853832847 1784.3710632169823 1716.4036977575161 1385.3577375644818 2957.8691305975372 151.06338650074758 150.34380302729551 53.276542709652858 377.43661291328317 1246.0322565804236 260.12143555469811 543.03022792679258 4164.7399777651299 654.17794087529182 22040.463878669718 352.24653690634295 642.31316350246198 1694.5160237168893 358.00834705866873 413.54690589848906 4221.1521624056622 1211.4935989930527 3163.7406964618713 10099.498247549403 80.250355785610736 52.882000526617048 176.25196481158491 30044.05170496137 1128.8218607874005 5207.1629958930425 436.38754603313282 18375.19425795821 685.87450416339561 3843.4148536323773 91.873643226819695 11123.81348805991 3733.8461837620125 4205.4651405451004 17835.283111506142 2308.0778946108185 227.09808259046986 89.457763113779947 680.22254412982147 139.92922532082594
leaf_count=17672 4269 17247 59385 46749 36481 11811 7397 5467 24450 10352 4138 1650 4245 5152 1132 3233 20948 2952 134276 1759 7181 8410 1478 2118 16060 7462 15114 63962 5721 1511 13780 131833 13788 25252 2149 96598 13717 54623 3254 46295 21209 22001 92856 9489 8024 1471 6849 6683
internal_value=0 -0.115311 0.000450589 -0.00617807 0.0084205 -0.0148172 -0.0056478 -0.0324034 -0.0200298 0.0259747 0.100689 0.028198 -0.0368903 -0.00826438 0.0223165 -0.019239 0.0017093 0.00525598 0.00848508 -0.0101097 0.00439726 -0.028531 0.0122554 0.0780638 -0.00184357 0.0195505 0.0164215 -0.00154855 0.0140921 0.111733 0.0314601 0.0176918 -0.0069367 0.00377061 0.0600989 -0.00389246 -0.00138028 -0.0263134 0.249649 0.000573411 0.00432819 0.00717385 0.00388012 -0.0117337 0.0102765 0.0999101 0.021132 0.0766631
internal_weight=0 183.223 190019 30265.8 11232.4 19033.5 12528.4 6505.03 4720.66 5486.66 354.684 204.34 3335.31 5745.71 1506.15 4239.56 159753 76553 63284.1 13268.9 7409.67 5859.26 6767.35 765.793 27473.1 5432.65 35810.9 83200.2 10817.3 401.258 256.502 35156.8 4292.56 6001.56 794.396 72382.9 62111 4529.29 144.756 57581.7 44149.8 40415.9 36210.5 13431.9 10416.1 316.556 30864.2 820.152
internal_count=1119653 21516 1098137 179929 79810 100119 54146 45973 34162 52621 16140 12002 28695 27189 6284 20905 918208 404312 335017 69295 39937 29358 32756 3877 157798 23522 177219 513896 97723 24266 19501 174267 28902 28879 3627 416173 356788 68340 4765 288448 232664 211455 189454 55784 73457 9495 145365 13532
is_linear=0
shrinkage=0.456759


Tree=98
num_leaves=49
num_cat=0
split_feature=10 13 8 15 0 15 10 16 2 13 13 16 6 6 16 8 15 8 8 0 16 11 2 2 15 8 5 9 16 8 8 0 16 13 16 13 8 13 12 5 6 13 9 8 13 15 13 8
split_gain=13.5153 12.0678 24.1158 34.9544 19.8906 17.7687 16.2784 13.771 12.2816 12.996 11.4939 14.1134 14.3587 10.7589 15.6687 10.6327 10.2655 11.0102 10.2581 13.4419 11.1808 10.1158 9.7147 10.3084 28.3136 34.2012 25.9949 22.0029 18.9183 17.4867 16.1912 15.0058 17.7289 17.0653 16.6648 14.8431 17.5867 14.6054 13.8827 13.5598 13.7104 13.0517 14.9226 11.287 14.3469 11.0316 16.8538 24.3062
threshold=28.632049560546879 0.61403346061706554 0.029105271212756637 5.246263027191163 0.81292611360549938 5.1194341182708749 0.40506829321384435 -2.0164717435836788 0.04694382660090924 -0.50595182180404652 -0.89586579799652089 0.67888015508651745 0.18015941232442859 0.042441289871931083 0.26329219341278082 0.13537381589412692 5.1435923576354989 -0.0082544949837028963 0.015297182369977238 0.88564595580101024 -0.15344824641942975 1.2333067059516909 -0.3993792831897735 -0.069162189960479722 5.2147040367126474 0.027075055055320266 -0.056680493056774132 -0.0021900619613006707 -0.18538641929626462 0.019658774137496952 -0.0009603356011211871 0.67726394534111034 -2.9050465822219844 -0.65259751677513111 0.32695281505584722 -0.72589027881622303 -0.0046192919835448256 -0.91610318422317494 1.6431928277015688 -0.039070811122655862 0.044022137299180038 -0.18112117797136304 -0.0016917979228310285 0.0055857503321021804 -0.14896359294652936 5.2571423053741464 -0.54739841818809498 0.083822030574083342
decision_type=2 2 2 2 2 2 2 2 2 2 2 2 2 2 2 2 2 2 2 2 2 2 2 2 2 2 2 2 2 2 2 2 2 2 2 2 2 2 2 2 2 2 2 2 2 2 2 2
left_child=1 8 16 4 5 7 -6 -4 22 10 11 12 18 -11 -15 -12 17 21 19 -10 -20 -3 -1 24 28 31 41 38 30 -30 -24 35 -33 34 -34 36 -26 -27 -28 40 -32 42 -25 44 -37 -39 -47 -48
right_child=-2 2 3 -5 6 -7 -8 -9 9 13 15 -13 -14 14 -16 -17 -18 -19 20 -21 -22 -23 23 26 25 37 27 -29 29 -31 39 32 33 -35 -36 43 -38 45 -40 -41 -42 -43 -44 -45 -46 46 47 -49
leaf_value=0.05860271818111612 0.09927747991819777 -0.028592853850992483 0.29568964032594752 -0.085184082797570351 -0.096322405645879752 0.04734262086984966 0.031963216939180542 0.071904363859424072 0.017994479194853186 -0.032940480978256123 0.0054480435324037717 -0.078414470349264687 0.051782050390474087 -0.016960426745126406 0.10994686892803772 0.10361503242548244 -0.09982251581735184 -0.081014854018912189 -0.018994586653025679 -0.029809162557253351 -0.080505069216066705 0.092903652241866766 0.015011145313450948 0.010358913203798996 0.095597323785316851 0.010531280782741894 0.029967868105220841 0.0016316497312928769 -0.016284012941617691 -0.063540706081172418 -0.087383875268349287 0.11715014373046009 -0.023631162437887515 -0.085657890680818541 0.047396662545988337 -0.098206599594611671 -0.0026248779828533281 0.04241025526149144 0.14625337130477903 -0.0073005302721707776 0.016528285017536708 -0.011722280913270437 0.085993526788954625 0.067307398612600711 0.081831985871929955 0.14692970584686377 -0.064446275242326032 0.1375288953097977
leaf_weight=676.70750717777992 286.86433615544229 527.32351501641097 129.75100681371987 634.55314677071874 292.93025112437317 656.2079574498639 687.85249453771394 115.46075460093562 3172.7490826112917 5442.2894063676649 12860.572300205851 647.49157747297431 751.97427847067593 713.72869188070763 280.45282205258263 234.10076590394601 802.69047588133253 562.64478382605012 3073.5443429860752 1999.3898090352304 782.52311868872494 194.56150822559721 6231.5426300754771 810.24800487043103 883.53955499961739 1569.1892673373804 3998.0414379842041 38009.421379187646 5649.6289500294661 2322.2409220914706 955.79551018579514 198.98827519582119 3802.319663274975 737.56509867418208 837.79497025976889 427.3101038975874 651.55140026600566 1794.4938561776653 228.16093768764404 5827.9335590515984 356.46441281115403 603.908306589321 1754.3603147319809 197.76643436960876 114.17971110265353 679.72244781150948 249.12640961341094 243.16584511683322
leaf_count=8725 4287 11085 602 13988 2293 9804 4244 2253 23725 101781 110131 4292 4819 6771 3372 1736 27733 12312 20869 11084 5081 3027 40249 5891 8462 14201 36526 403235 37421 14413 5919 1111 23073 9707 4548 8973 7451 12914 2010 41990 3427 11727 13921 3891 3795 5095 3681 2008
internal_value=0 0.000175567 -0.0227264 0.00721806 0.0386411 0.0876125 -0.00594568 0.192893 0.00114048 -0.00673934 -0.0017417 -0.0130711 -0.00869084 -0.0249293 0.0184549 0.00724569 -0.0590382 -0.0331393 -0.0137835 -0.000398834 -0.0316131 0.00360409 0.00410411 0.00363156 -0.00240632 0.0149474 0.00812707 0.00512095 -0.0124991 -0.0301136 -0.00196221 -0.00324182 -0.016046 -0.0210804 -0.0107009 0.0279464 0.0536361 0.0465262 0.036387 -0.0168396 -0.0588181 0.0480396 0.0622893 -0.0247827 -0.0593204 0.0654025 0.100151 0.0344692
internal_weight=0 114374 4603.98 2516.76 1882.2 901.42 980.783 245.212 109770 29958.8 23522.3 10427.7 9780.18 6436.47 994.182 13094.7 2087.22 1284.53 9028.21 5172.14 3856.07 721.885 79811.2 79134.5 33730.3 12386.7 45404.1 42235.6 21343.6 7971.87 13371.7 7851.02 5576.67 5377.68 4640.11 2274.35 1535.09 4535.7 4226.2 7140.19 1312.26 3168.52 2564.61 739.256 541.49 2966.51 1172.01 492.292
internal_count=1119653 1115366 87341 33184 19196 12659 6537 2855 1028025 293661 181737 69870 65578 111924 10143 111867 54157 26424 60759 34809 25950 14112 734364 725639 252329 108910 473310 441771 143419 51834 91585 71011 38439 37328 27621 32572 15913 37899 38536 51336 9346 31539 19812 16659 12768 23698 10784 5689
is_linear=0
shrinkage=0.456759


Tree=99
num_leaves=49
num_cat=0
split_feature=6 6 0 1 15 0 1 7 6 6 1 8 8 15 10 16 6 5 7 1 1 10 16 5 9 16 6 15 6 1 5 8 7 0 5 16 9 16 1 15 7 2 2 5 15 6 1 15
split_gain=12.8913 10.0982 12.6022 9.68258 10.361 11.3993 9.46055 8.64969 15.5465 10.5286 12.7493 10.1679 12.545 13.0626 15.5931 15.1905 16.4769 13.6722 12.5429 13.1232 11.2068 9.60155 9.26394 9.0115 11.2277 8.90077 13.7708 11.3847 8.59026 11.8021 8.47003 8.32428 8.27919 11.5554 10.6931 8.23717 8.83482 8.23621 8.20677 8.42417 7.87973 7.818 10.7912 7.754 9.14543 7.6231 8.19743 7.37604
threshold=0.28431320190429693 -0.091552648693323121 0.51020121574401867 0.6956518590450288 5.1873214244842538 0.96189275383949291 0.77982577681541454 -0.0073991052340716115 0.1336210519075394 -0.046324605122208588 0.38125684857368475 0.026400538161396984 -0.012077046558260916 5.2245090007781991 3.5522406101226811 -0.43976002931594843 0.010378488805145027 -0.033945713192224496 0.032107325270771987 0.42398591339588171 0.55654880404472362 0.21827672421932223 0.3014634400606156 -0.06090258248150348 -0.00083905615611001838 -0.94765955209732045 -0.030061111785471436 5.2534220218658456 0.10014605522155763 0.21634076535701754 -0.10192369669675826 0.018493188545107845 0.0046363144647330054 0.9884629249572755 -0.0047797160223126403 0.81881186366081249 -0.0029754658462479706 0.18864779919385913 0.27163159847259527 5.2386562824249276 -0.0047117813955992452 -0.082092478871345506 -0.13011480867862699 0.17509058117866519 5.1961557865142831 -0.0031805342296138401 0.46965020895004278 5.1435923576354989
decision_type=2 2 2 2 2 2 2 2 2 2 2 2 2 2 2 2 2 2 2 2 2 2 2 2 2 2 2 2 2 2 2 2 2 2 2 2 2 2 2 2 2 2 2 2 2 2 2 2
left_child=1 2 -1 7 6 -6 35 8 9 10 -3 12 -9 14 28 16 18 23 19 25 31 45 -22 24 -17 38 -27 -28 -14 -30 -11 -19 33 37 41 36 -5 -23 39 -15 -38 42 -34 -32 -45 46 -13 -39
right_child=-2 3 -4 4 5 -7 -8 11 -10 30 -12 21 13 15 -16 17 -18 20 -20 -21 22 32 -24 -25 -26 26 27 -29 29 -31 43 -33 34 -35 -36 -37 40 47 -40 -41 -42 -43 -44 44 -46 -47 -48 -49
leaf_value=-0.072411695646334387 -0.11690757326768321 -0.016165140509505928 0.028403461844096482 0.068774343560461637 -0.14103207093188655 0.083006214653460531 -0.13436629702637379 -0.000833453064363802 -0.089702272568194255 -0.051574075389141473 -0.10231298417361744 0.014607114567331193 -8.7009480256198857e-05 -0.014836490984504376 0.036048991504970464 0.12246148136071745 -0.02059862422820009 0.054456300348795339 -0.075794451528635703 -0.029719721416599943 -0.082594031298223791 0.0053428410226133245 0.025413011861452027 -0.031449195682707251 -0.0087416126211389521 -0.0026317526564319689 0.1723778139909441 0.054261214378840197 -0.043409002036301832 0.057406641824051953 -0.00196408816998539 0.0057160215885522425 -0.023994389135305796 0.1172997637983783 -0.025277088322270876 0.099151498894845994 0.0506704549565066 0.014177348509369362 -0.00012388047507314981 0.06722190368134616 -0.10609844890007843 -0.0066009587895173461 0.089694040139889686 0.1470540426544942 -0.05021125665243692 -0.0014604955086391159 0.072034891629340306 -0.055285111191548962
leaf_weight=846.96257989894366 196.59558525506873 1724.3630077370908 363.84311144327512 154.04860309587093 304.36375792785839 52.689432599057909 110.55129626316193 40801.599249234467 436.88465112794074 717.10882470937213 458.39375898201251 2643.9440847069491 28984.995234655202 326.93128064740449 3017.9997350941994 215.79957785760053 3021.3537504476553 5597.8519077057135 253.72544781092438 689.29949509451399 250.90044273709645 8023.5478676071361 475.43324204010423 993.03731437691022 349.83255935274065 319.48348087677732 332.59165418241173 381.94848300842568 301.48522849043366 1140.8777601106849 62722.955738169505 865.61582379369065 282.87767452477783 176.50372248436906 9114.1038888275107 160.36204437626293 87.41056920750998 463.30821946880314 1377.3433878995711 1140.4641351886094 240.19298209785484 5870.9116217326191 430.36064624908613 150.85230860763113 67.539637101916014 5566.5010856396366 655.58257977542235 959.44729989388725
leaf_count=6368 8346 9210 2184 2370 5141 1929 2597 230512 6842 5356 2492 13292 125994 1748 19943 1567 22721 29216 1888 6464 3472 50185 2761 5662 2294 2530 1554 2558 2041 9280 333230 4447 6475 1959 74181 1143 1062 1946 8690 6951 2917 34832 4488 2299 1749 36675 3732 4360
internal_value=0 -0.000175797 -0.0417417 8.36077e-05 -0.042438 -0.106556 -0.0113102 0.000332854 -0.00388269 -0.00330495 -0.0345045 0.00257125 0.00510045 0.00994817 0.00473217 0.0204341 0.00576599 0.03353 0.0223817 0.0279501 0.0419432 -0.00413569 -0.0113306 -0.00498754 0.0406366 0.0383215 0.0748192 0.110042 0.00160985 0.0360021 -0.00222746 0.0480013 -0.0086742 0.00183254 -0.0151435 0.00934507 -0.0197524 -0.000288799 0.0248729 0.0486308 -0.0628528 -0.00104496 0.0439941 -0.00165717 0.0840153 0.00877414 0.0261742 -0.0323504
internal_weight=0 193624 1210.81 192413 1109.62 357.053 752.565 191304 66278.1 65841.2 2182.76 125026 90838.6 50037 33445.4 16591.6 7843.14 8748.47 4821.79 4568.06 7189.8 34187.1 726.334 1558.67 565.632 3878.76 1034.02 714.54 30427.4 1442.36 63658.5 6463.47 25321.1 9622.81 15698.3 642.014 481.652 9446.3 2844.74 1467.4 327.604 6584.15 713.238 62941.3 218.392 8866.03 3299.53 1422.76
internal_count=1119653 1111307 8552 1102755 17159 7070 10089 1085596 361178 354336 11702 724418 492293 261781 157258 104523 55104 49419 32383 30495 39896 232125 6233 9523 3861 24031 6642 4112 137315 11321 342634 33663 178426 58450 119976 7492 6349 56491 17389 8699 3979 45795 10963 337278 4048 53699 17024 6306
is_linear=0
shrinkage=0.456759


end of trees

feature_importances:
B0_roeDeltae_my_mask=544
B0_CMS_cos_angle_0_1=381
B0_KSFWV13=379
B0_roeMbc_my_mask=370
B0_KSFWV9=362
D_daughterInvM_0_1=327
D_daughterInvM_1_2=319
B0_D_l_DisSig=304
D_A1FflightDistanceSig_IP=289
B0_KSFWV3=272
B0_KSFWV5=272
B0_cosTBTO=257
B0_KSFWV4=214
B0_KSFWV10=168
B0_KSFWV17=155
B0_KSFWV7=100
B0_KSFWV6=87

parameters:
[boosting: gbdt]
[objective: multiclass]
[metric: multi_logloss,auc_mu]
[tree_learner: serial]
[device_type: cpu]
[data_sample_strategy: bagging]
[data: ]
[valid: ]
[num_iterations: 10]
[learning_rate: 0.456759]
[num_leaves: 49]
[num_threads: 0]
[seed: 0]
[deterministic: 0]
[force_col_wise: 1]
[force_row_wise: 0]
[histogram_pool_size: -1]
[max_depth: -1]
[min_data_in_leaf: 1000]
[min_sum_hessian_in_leaf: 0.001]
[bagging_fraction: 0.7]
[pos_bagging_fraction: 1]
[neg_bagging_fraction: 1]
[bagging_freq: 5]
[bagging_seed: 7719]
[feature_fraction: 0.7]
[feature_fraction_bynode: 1]
[feature_fraction_seed: 2437]
[extra_trees: 0]
[extra_seed: 11797]
[early_stopping_round: 0]
[early_stopping_min_delta: 0]
[first_metric_only: 0]
[max_delta_step: 0]
[lambda_l1: 1]
[lambda_l2: 1]
[linear_lambda: 0]
[min_gain_to_split: 0]
[drop_rate: 0.1]
[max_drop: 50]
[skip_drop: 0.5]
[xgboost_dart_mode: 0]
[uniform_drop: 0]
[drop_seed: 21238]
[top_rate: 0.2]
[other_rate: 0.1]
[min_data_per_group: 100]
[max_cat_threshold: 32]
[cat_l2: 10]
[cat_smooth: 10]
[max_cat_to_onehot: 4]
[top_k: 20]
[monotone_constraints: ]
[monotone_constraints_method: basic]
[monotone_penalty: 0]
[feature_contri: ]
[forcedsplits_filename: ]
[refit_decay_rate: 0.9]
[cegb_tradeoff: 1]
[cegb_penalty_split: 0]
[cegb_penalty_feature_lazy: ]
[cegb_penalty_feature_coupled: ]
[path_smooth: 0]
[interaction_constraints: ]
[verbosity: 1]
[saved_feature_importance_type: 0]
[use_quantized_grad: 0]
[num_grad_quant_bins: 4]
[quant_train_renew_leaf: 0]
[stochastic_rounding: 1]
[linear_tree: 0]
[max_bin: 255]
[max_bin_by_feature: ]
[min_data_in_bin: 3]
[bin_construct_sample_cnt: 200000]
[data_random_seed: 38]
[is_enable_sparse: 1]
[enable_bundle: 1]
[use_missing: 1]
[zero_as_missing: 0]
[feature_pre_filter: 0]
[pre_partition: 0]
[two_round: 0]
[header: 0]
[label_column: ]
[weight_column: ]
[group_column: ]
[ignore_column: ]
[categorical_feature: ]
[forcedbins_filename: ]
[precise_float_parser: 0]
[parser_config_file: ]
[objective_seed: 8855]
[num_class: 4]
[is_unbalance: 0]
[scale_pos_weight: 1]
[sigmoid: 1]
[boost_from_average: 1]
[reg_sqrt: 0]
[alpha: 0.9]
[fair_c: 1]
[poisson_max_delta_step: 0.7]
[tweedie_variance_power: 1.5]
[lambdarank_truncation_level: 30]
[lambdarank_norm: 1]
[label_gain: ]
[lambdarank_position_bias_regularization: 0]
[eval_at: ]
[multi_error_top_k: 1]
[auc_mu_weights: ]
[num_machines: 1]
[local_listen_port: 12400]
[time_out: 120]
[machine_list_filename: ]
[machines: ]
[gpu_platform_id: -1]
[gpu_device_id: -1]
[gpu_use_dp: 0]
[num_gpu: 1]

end of parameters

pandas_categorical:[]
